{"type": "FeatureCollection", "features": [{"type": "Feature", "properties": {"unit_id": "SHWB_001", "case_name": "Shanghai West Bund", "space_type": "waterfront_core"}, "geometry": {"type": "Polygon", "coordinates": [[[121.46680633537495, 31.18874563358557], [121.47040633537496, 31.18874563358557], [121.47040633537496, 31.192345633585568], [121.46680633537495, 31.192345633585568], [121.46680633537495, 31.18874563358557]]]}}, {"type": "Feature", "properties": {"unit_id": "SHWB_002", "case_name": "Shanghai West Bund", "space_type": "waterfront_core"}, "geometry": {"type": "Polygon", "coordinates": [[[121.44452061888495, 31.179777052649655], [121.44812061888496, 31.179777052649655], [121.44812061888496, 31.183377052649654], [121.44452061888495, 31.183377052649654], [121.44452061888495, 31.179777052649655]]]}}, {"type": "Feature", "properties": {"unit_id": "SHWB_003", "case_name": "Shanghai West Bund", "space_type": "cultural_core"}, "geometry": {"type": "Polygon", "coordinates": [[[121.44956310994634, 31.178298740366994], [121.45316310994635, 31.178298740366994], [121.45316310994635, 31.181898740366993], [121.44956310994634, 31.181898740366993], [121.44956310994634, 31.178298740366994]]]}}, {"type": "Feature", "properties": {"unit_id": "SHWB_004", "case_name": "Shanghai West Bund", "space_type": "waterfront_core"}, "geometry": {"type": "Polygon", "coordinates": [[[121.45937678921248, 31.17158685378594], [121.46297678921249, 31.17158685378594], [121.46297678921249, 31.175186853785938], [121.45937678921248, 31.175186853785938], [121.45937678921248, 31.17158685378594]]]}}, {"type": "Feature", "properties": {"unit_id": "SHWB_005", "case_name": "Shanghai West Bund", "space_type": "cultural_core"}, "geometry": {"type": "Polygon", "coordinates": [[[121.45933846149907, 31.17200955376686], [121.46293846149908, 31.17200955376686], [121.46293846149908, 31.175609553766858], [121.45933846149907, 31.175609553766858], [121.45933846149907, 31.17200955376686]]]}}, {"type": "Feature", "properties": {"unit_id": "SHWB_006", "case_name": "Shanghai West Bund", "space_type": "industrial_reuse_area"}, "geometry": {"type": "Polygon", "coordinates": [[[121.41855329549439, 31.188110878478053], [121.4221532954944, 31.188110878478053], [121.4221532954944, 31.19171087847805], [121.41855329549439, 31.19171087847805], [121.41855329549439, 31.188110878478053]]]}}, {"type": "Feature", "properties": {"unit_id": "SHWB_007", "case_name": "Shanghai West Bund", "space_type": "residential_edge"}, "geometry": {"type": "Polygon", "coordinates": [[[121.45212251218642, 31.197290409928407], [121.45572251218643, 31.197290409928407], [121.45572251218643, 31.200890409928405], [121.45212251218642, 31.200890409928405], [121.45212251218642, 31.197290409928407]]]}}, {"type": "Feature", "properties": {"unit_id": "SHWB_008", "case_name": "Shanghai West Bund", "space_type": "waterfront_core"}, "geometry": {"type": "Polygon", "coordinates": [[[121.44913087760926, 31.175265014867062], [121.45273087760927, 31.175265014867062], [121.45273087760927, 31.17886501486706], [121.44913087760926, 31.17886501486706], [121.44913087760926, 31.175265014867062]]]}}, {"type": "Feature", "properties": {"unit_id": "SHWB_009", "case_name": "Shanghai West Bund", "space_type": "cultural_core"}, "geometry": {"type": "Polygon", "coordinates": [[[121.45546804858668, 31.183641160171074], [121.45906804858669, 31.183641160171074], [121.45906804858669, 31.187241160171073], [121.45546804858668, 31.187241160171073], [121.45546804858668, 31.183641160171074]]]}}, {"type": "Feature", "properties": {"unit_id": "SHWB_010", "case_name": "Shanghai West Bund", "space_type": "industrial_reuse_area"}, "geometry": {"type": "Polygon", "coordinates": [[[121.43859724526368, 31.19180628333559], [121.44219724526369, 31.19180628333559], [121.44219724526369, 31.19540628333559], [121.43859724526368, 31.19540628333559], [121.43859724526368, 31.19180628333559]]]}}, {"type": "Feature", "properties": {"unit_id": "SHWB_011", "case_name": "Shanghai West Bund", "space_type": "industrial_reuse_area"}, "geometry": {"type": "Polygon", "coordinates": [[[121.46043961741553, 31.184346040308892], [121.46403961741554, 31.184346040308892], [121.46403961741554, 31.18794604030889], [121.46043961741553, 31.18794604030889], [121.46043961741553, 31.184346040308892]]]}}, {"type": "Feature", "properties": {"unit_id": "SHWB_012", "case_name": "Shanghai West Bund", "space_type": "cultural_core"}, "geometry": {"type": "Polygon", "coordinates": [[[121.45770233660683, 31.175390579590104], [121.46130233660683, 31.175390579590104], [121.46130233660683, 31.178990579590103], [121.45770233660683, 31.178990579590103], [121.45770233660683, 31.175390579590104]]]}}, {"type": "Feature", "properties": {"unit_id": "SHWB_013", "case_name": "Shanghai West Bund", "space_type": "waterfront_core"}, "geometry": {"type": "Polygon", "coordinates": [[[121.46147864766505, 31.200121772658683], [121.46507864766505, 31.200121772658683], [121.46507864766505, 31.20372177265868], [121.46147864766505, 31.20372177265868], [121.46147864766505, 31.200121772658683]]]}}, {"type": "Feature", "properties": {"unit_id": "SHWB_014", "case_name": "Shanghai West Bund", "space_type": "industrial_reuse_area"}, "geometry": {"type": "Polygon", "coordinates": [[[121.44316512600996, 31.198582934418617], [121.44676512600996, 31.198582934418617], [121.44676512600996, 31.202182934418616], [121.44316512600996, 31.202182934418616], [121.44316512600996, 31.198582934418617]]]}}, {"type": "Feature", "properties": {"unit_id": "SHWB_015", "case_name": "Shanghai West Bund", "space_type": "cultural_core"}, "geometry": {"type": "Polygon", "coordinates": [[[121.46203163448831, 31.190608557868014], [121.46563163448832, 31.190608557868014], [121.46563163448832, 31.194208557868013], [121.46203163448831, 31.194208557868013], [121.46203163448831, 31.190608557868014]]]}}, {"type": "Feature", "properties": {"unit_id": "SHWB_016", "case_name": "Shanghai West Bund", "space_type": "cultural_core"}, "geometry": {"type": "Polygon", "coordinates": [[[121.43240077936916, 31.19138566229223], [121.43600077936917, 31.19138566229223], [121.43600077936917, 31.19498566229223], [121.43240077936916, 31.19498566229223], [121.43240077936916, 31.19138566229223]]]}}, {"type": "Feature", "properties": {"unit_id": "SHWB_017", "case_name": "Shanghai West Bund", "space_type": "industrial_reuse_area"}, "geometry": {"type": "Polygon", "coordinates": [[[121.45423594286477, 31.169454001285523], [121.45783594286478, 31.169454001285523], [121.45783594286478, 31.17305400128552], [121.45423594286477, 31.17305400128552], [121.45423594286477, 31.169454001285523]]]}}, {"type": "Feature", "properties": {"unit_id": "SHWB_018", "case_name": "Shanghai West Bund", "space_type": "cultural_core"}, "geometry": {"type": "Polygon", "coordinates": [[[121.45640634926424, 31.212735411685184], [121.46000634926425, 31.212735411685184], [121.46000634926425, 31.216335411685183], [121.45640634926424, 31.216335411685183], [121.45640634926424, 31.212735411685184]]]}}, {"type": "Feature", "properties": {"unit_id": "SHWB_019", "case_name": "Shanghai West Bund", "space_type": "cultural_core"}, "geometry": {"type": "Polygon", "coordinates": [[[121.46091593577094, 31.180939043867223], [121.46451593577095, 31.180939043867223], [121.46451593577095, 31.184539043867222], [121.46091593577094, 31.184539043867222], [121.46091593577094, 31.180939043867223]]]}}, {"type": "Feature", "properties": {"unit_id": "SHWB_020", "case_name": "Shanghai West Bund", "space_type": "waterfront_core"}, "geometry": {"type": "Polygon", "coordinates": [[[121.43267115052852, 31.20045989278798], [121.43627115052853, 31.20045989278798], [121.43627115052853, 31.204059892787978], [121.43267115052852, 31.204059892787978], [121.43267115052852, 31.20045989278798]]]}}, {"type": "Feature", "properties": {"unit_id": "SHWB_021", "case_name": "Shanghai West Bund", "space_type": "cultural_core"}, "geometry": {"type": "Polygon", "coordinates": [[[121.45420690922356, 31.186939873044643], [121.45780690922356, 31.186939873044643], [121.45780690922356, 31.190539873044642], [121.45420690922356, 31.190539873044642], [121.45420690922356, 31.186939873044643]]]}}, {"type": "Feature", "properties": {"unit_id": "SHWB_022", "case_name": "Shanghai West Bund", "space_type": "cultural_core"}, "geometry": {"type": "Polygon", "coordinates": [[[121.44745312703671, 31.197460226803244], [121.45105312703672, 31.197460226803244], [121.45105312703672, 31.201060226803243], [121.44745312703671, 31.201060226803243], [121.44745312703671, 31.197460226803244]]]}}, {"type": "Feature", "properties": {"unit_id": "SHWB_023", "case_name": "Shanghai West Bund", "space_type": "cultural_core"}, "geometry": {"type": "Polygon", "coordinates": [[[121.44621633057581, 31.18702575220773], [121.44981633057581, 31.18702575220773], [121.44981633057581, 31.19062575220773], [121.44621633057581, 31.19062575220773], [121.44621633057581, 31.18702575220773]]]}}, {"type": "Feature", "properties": {"unit_id": "SHWB_024", "case_name": "Shanghai West Bund", "space_type": "cultural_core"}, "geometry": {"type": "Polygon", "coordinates": [[[121.46217157660661, 31.182298616850304], [121.46577157660661, 31.182298616850304], [121.46577157660661, 31.185898616850302], [121.46217157660661, 31.185898616850302], [121.46217157660661, 31.182298616850304]]]}}, {"type": "Feature", "properties": {"unit_id": "SHWB_025", "case_name": "Shanghai West Bund", "space_type": "waterfront_core"}, "geometry": {"type": "Polygon", "coordinates": [[[121.451784198259, 31.18511608208194], [121.45538419825901, 31.18511608208194], [121.45538419825901, 31.18871608208194], [121.451784198259, 31.18871608208194], [121.451784198259, 31.18511608208194]]]}}, {"type": "Feature", "properties": {"unit_id": "SHWB_026", "case_name": "Shanghai West Bund", "space_type": "industrial_reuse_area"}, "geometry": {"type": "Polygon", "coordinates": [[[121.45682502811924, 31.16690325507274], [121.46042502811925, 31.16690325507274], [121.46042502811925, 31.170503255072738], [121.45682502811924, 31.170503255072738], [121.45682502811924, 31.16690325507274]]]}}, {"type": "Feature", "properties": {"unit_id": "SHWB_027", "case_name": "Shanghai West Bund", "space_type": "waterfront_core"}, "geometry": {"type": "Polygon", "coordinates": [[[121.44537927694105, 31.17398523595015], [121.44897927694106, 31.17398523595015], [121.44897927694106, 31.177585235950147], [121.44537927694105, 31.177585235950147], [121.44537927694105, 31.17398523595015]]]}}, {"type": "Feature", "properties": {"unit_id": "SHWB_028", "case_name": "Shanghai West Bund", "space_type": "industrial_reuse_area"}, "geometry": {"type": "Polygon", "coordinates": [[[121.45339976859495, 31.192781718903486], [121.45699976859495, 31.192781718903486], [121.45699976859495, 31.196381718903485], [121.45339976859495, 31.196381718903485], [121.45339976859495, 31.192781718903486]]]}}, {"type": "Feature", "properties": {"unit_id": "SHWB_029", "case_name": "Shanghai West Bund", "space_type": "waterfront_core"}, "geometry": {"type": "Polygon", "coordinates": [[[121.44132462570703, 31.154953178393946], [121.44492462570703, 31.154953178393946], [121.44492462570703, 31.158553178393944], [121.44132462570703, 31.158553178393944], [121.44132462570703, 31.154953178393946]]]}}, {"type": "Feature", "properties": {"unit_id": "SHWB_030", "case_name": "Shanghai West Bund", "space_type": "cultural_core"}, "geometry": {"type": "Polygon", "coordinates": [[[121.45519718385717, 31.178251842557383], [121.45879718385717, 31.178251842557383], [121.45879718385717, 31.181851842557382], [121.45519718385717, 31.181851842557382], [121.45519718385717, 31.178251842557383]]]}}, {"type": "Feature", "properties": {"unit_id": "SHWB_031", "case_name": "Shanghai West Bund", "space_type": "industrial_reuse_area"}, "geometry": {"type": "Polygon", "coordinates": [[[121.45173652294717, 31.190911274831443], [121.45533652294718, 31.190911274831443], [121.45533652294718, 31.19451127483144], [121.45173652294717, 31.19451127483144], [121.45173652294717, 31.190911274831443]]]}}, {"type": "Feature", "properties": {"unit_id": "SHWB_032", "case_name": "Shanghai West Bund", "space_type": "industrial_reuse_area"}, "geometry": {"type": "Polygon", "coordinates": [[[121.43975327996115, 31.17457481486167], [121.44335327996116, 31.17457481486167], [121.44335327996116, 31.17817481486167], [121.43975327996115, 31.17817481486167], [121.43975327996115, 31.17457481486167]]]}}, {"type": "Feature", "properties": {"unit_id": "SHWB_033", "case_name": "Shanghai West Bund", "space_type": "industrial_reuse_area"}, "geometry": {"type": "Polygon", "coordinates": [[[121.4487412257199, 31.176141076635844], [121.4523412257199, 31.176141076635844], [121.4523412257199, 31.179741076635842], [121.4487412257199, 31.179741076635842], [121.4487412257199, 31.176141076635844]]]}}, {"type": "Feature", "properties": {"unit_id": "SHWB_034", "case_name": "Shanghai West Bund", "space_type": "waterfront_core"}, "geometry": {"type": "Polygon", "coordinates": [[[121.43581077426727, 31.18521346425507], [121.43941077426727, 31.18521346425507], [121.43941077426727, 31.18881346425507], [121.43581077426727, 31.18881346425507], [121.43581077426727, 31.18521346425507]]]}}, {"type": "Feature", "properties": {"unit_id": "SHWB_035", "case_name": "Shanghai West Bund", "space_type": "residential_edge"}, "geometry": {"type": "Polygon", "coordinates": [[[121.43256609758242, 31.174643065471155], [121.43616609758243, 31.174643065471155], [121.43616609758243, 31.178243065471154], [121.43256609758242, 31.178243065471154], [121.43256609758242, 31.174643065471155]]]}}, {"type": "Feature", "properties": {"unit_id": "SHWB_036", "case_name": "Shanghai West Bund", "space_type": "cultural_core"}, "geometry": {"type": "Polygon", "coordinates": [[[121.44856208907571, 31.178558176199942], [121.45216208907571, 31.178558176199942], [121.45216208907571, 31.18215817619994], [121.44856208907571, 31.18215817619994], [121.44856208907571, 31.178558176199942]]]}}, {"type": "Feature", "properties": {"unit_id": "SHWB_037", "case_name": "Shanghai West Bund", "space_type": "cultural_core"}, "geometry": {"type": "Polygon", "coordinates": [[[121.44024925345173, 31.187176915473685], [121.44384925345173, 31.187176915473685], [121.44384925345173, 31.190776915473684], [121.44024925345173, 31.190776915473684], [121.44024925345173, 31.187176915473685]]]}}, {"type": "Feature", "properties": {"unit_id": "SHWB_038", "case_name": "Shanghai West Bund", "space_type": "industrial_reuse_area"}, "geometry": {"type": "Polygon", "coordinates": [[[121.44320937491032, 31.1891637571548], [121.44680937491033, 31.1891637571548], [121.44680937491033, 31.1927637571548], [121.44320937491032, 31.1927637571548], [121.44320937491032, 31.1891637571548]]]}}, {"type": "Feature", "properties": {"unit_id": "SHWB_039", "case_name": "Shanghai West Bund", "space_type": "cultural_core"}, "geometry": {"type": "Polygon", "coordinates": [[[121.42008190246773, 31.17277989121832], [121.42368190246773, 31.17277989121832], [121.42368190246773, 31.176379891218318], [121.42008190246773, 31.176379891218318], [121.42008190246773, 31.17277989121832]]]}}, {"type": "Feature", "properties": {"unit_id": "SHWB_040", "case_name": "Shanghai West Bund", "space_type": "industrial_reuse_area"}, "geometry": {"type": "Polygon", "coordinates": [[[121.4532687977202, 31.17185525652627], [121.4568687977202, 31.17185525652627], [121.4568687977202, 31.17545525652627], [121.4532687977202, 31.17545525652627], [121.4532687977202, 31.17185525652627]]]}}, {"type": "Feature", "properties": {"unit_id": "SHWB_041", "case_name": "Shanghai West Bund", "space_type": "industrial_reuse_area"}, "geometry": {"type": "Polygon", "coordinates": [[[121.45396339431727, 31.181429591731966], [121.45756339431728, 31.181429591731966], [121.45756339431728, 31.185029591731965], [121.45396339431727, 31.185029591731965], [121.45396339431727, 31.181429591731966]]]}}, {"type": "Feature", "properties": {"unit_id": "SHWB_042", "case_name": "Shanghai West Bund", "space_type": "waterfront_core"}, "geometry": {"type": "Polygon", "coordinates": [[[121.43153847555364, 31.183863321770485], [121.43513847555364, 31.183863321770485], [121.43513847555364, 31.187463321770483], [121.43153847555364, 31.187463321770483], [121.43153847555364, 31.183863321770485]]]}}, {"type": "Feature", "properties": {"unit_id": "SHWB_043", "case_name": "Shanghai West Bund", "space_type": "waterfront_core"}, "geometry": {"type": "Polygon", "coordinates": [[[121.45240802457162, 31.165512537719017], [121.45600802457163, 31.165512537719017], [121.45600802457163, 31.169112537719016], [121.45240802457162, 31.169112537719016], [121.45240802457162, 31.165512537719017]]]}}, {"type": "Feature", "properties": {"unit_id": "SHWB_044", "case_name": "Shanghai West Bund", "space_type": "waterfront_core"}, "geometry": {"type": "Polygon", "coordinates": [[[121.44225499550508, 31.18725595170868], [121.44585499550509, 31.18725595170868], [121.44585499550509, 31.190855951708677], [121.44225499550508, 31.190855951708677], [121.44225499550508, 31.18725595170868]]]}}, {"type": "Feature", "properties": {"unit_id": "SHWB_045", "case_name": "Shanghai West Bund", "space_type": "industrial_reuse_area"}, "geometry": {"type": "Polygon", "coordinates": [[[121.46342804325205, 31.18910105567679], [121.46702804325206, 31.18910105567679], [121.46702804325206, 31.19270105567679], [121.46342804325205, 31.19270105567679], [121.46342804325205, 31.18910105567679]]]}}, {"type": "Feature", "properties": {"unit_id": "SHWB_046", "case_name": "Shanghai West Bund", "space_type": "waterfront_core"}, "geometry": {"type": "Polygon", "coordinates": [[[121.45278443098631, 31.17718429389744], [121.45638443098632, 31.17718429389744], [121.45638443098632, 31.18078429389744], [121.45278443098631, 31.18078429389744], [121.45278443098631, 31.17718429389744]]]}}, {"type": "Feature", "properties": {"unit_id": "SHWB_047", "case_name": "Shanghai West Bund", "space_type": "industrial_reuse_area"}, "geometry": {"type": "Polygon", "coordinates": [[[121.4599136609315, 31.18078506085334], [121.46351366093151, 31.18078506085334], [121.46351366093151, 31.184385060853337], [121.4599136609315, 31.184385060853337], [121.4599136609315, 31.18078506085334]]]}}, {"type": "Feature", "properties": {"unit_id": "SHWB_048", "case_name": "Shanghai West Bund", "space_type": "cultural_core"}, "geometry": {"type": "Polygon", "coordinates": [[[121.44926252547414, 31.195197370171662], [121.45286252547415, 31.195197370171662], [121.45286252547415, 31.19879737017166], [121.44926252547414, 31.19879737017166], [121.44926252547414, 31.195197370171662]]]}}, {"type": "Feature", "properties": {"unit_id": "SHWB_049", "case_name": "Shanghai West Bund", "space_type": "waterfront_core"}, "geometry": {"type": "Polygon", "coordinates": [[[121.44339940440096, 31.18058746704513], [121.44699940440097, 31.18058746704513], [121.44699940440097, 31.184187467045128], [121.44339940440096, 31.184187467045128], [121.44339940440096, 31.18058746704513]]]}}, {"type": "Feature", "properties": {"unit_id": "SHWB_050", "case_name": "Shanghai West Bund", "space_type": "cultural_core"}, "geometry": {"type": "Polygon", "coordinates": [[[121.44408799624364, 31.17233389228345], [121.44768799624364, 31.17233389228345], [121.44768799624364, 31.17593389228345], [121.44408799624364, 31.17593389228345], [121.44408799624364, 31.17233389228345]]]}}, {"type": "Feature", "properties": {"unit_id": "SHWB_051", "case_name": "Shanghai West Bund", "space_type": "cultural_core"}, "geometry": {"type": "Polygon", "coordinates": [[[121.43666235187119, 31.201590456415694], [121.4402623518712, 31.201590456415694], [121.4402623518712, 31.205190456415693], [121.43666235187119, 31.205190456415693], [121.43666235187119, 31.201590456415694]]]}}, {"type": "Feature", "properties": {"unit_id": "SHWB_052", "case_name": "Shanghai West Bund", "space_type": "waterfront_core"}, "geometry": {"type": "Polygon", "coordinates": [[[121.45534821616667, 31.18009854482975], [121.45894821616668, 31.18009854482975], [121.45894821616668, 31.18369854482975], [121.45534821616667, 31.18369854482975], [121.45534821616667, 31.18009854482975]]]}}, {"type": "Feature", "properties": {"unit_id": "SHWB_053", "case_name": "Shanghai West Bund", "space_type": "residential_edge"}, "geometry": {"type": "Polygon", "coordinates": [[[121.4349940403271, 31.191752327541685], [121.4385940403271, 31.191752327541685], [121.4385940403271, 31.195352327541684], [121.4349940403271, 31.195352327541684], [121.4349940403271, 31.191752327541685]]]}}, {"type": "Feature", "properties": {"unit_id": "SHWB_054", "case_name": "Shanghai West Bund", "space_type": "industrial_reuse_area"}, "geometry": {"type": "Polygon", "coordinates": [[[121.45218743271174, 31.193962782999265], [121.45578743271174, 31.193962782999265], [121.45578743271174, 31.197562782999263], [121.45218743271174, 31.197562782999263], [121.45218743271174, 31.193962782999265]]]}}, {"type": "Feature", "properties": {"unit_id": "SHWB_055", "case_name": "Shanghai West Bund", "space_type": "industrial_reuse_area"}, "geometry": {"type": "Polygon", "coordinates": [[[121.44445666161762, 31.192081758088538], [121.44805666161763, 31.192081758088538], [121.44805666161763, 31.195681758088536], [121.44445666161762, 31.195681758088536], [121.44445666161762, 31.192081758088538]]]}}, {"type": "Feature", "properties": {"unit_id": "SHWB_056", "case_name": "Shanghai West Bund", "space_type": "waterfront_core"}, "geometry": {"type": "Polygon", "coordinates": [[[121.44452495141579, 31.184872318538424], [121.44812495141579, 31.184872318538424], [121.44812495141579, 31.188472318538423], [121.44452495141579, 31.188472318538423], [121.44452495141579, 31.184872318538424]]]}}, {"type": "Feature", "properties": {"unit_id": "SHWB_057", "case_name": "Shanghai West Bund", "space_type": "cultural_core"}, "geometry": {"type": "Polygon", "coordinates": [[[121.44631103515862, 31.188363557880685], [121.44991103515862, 31.188363557880685], [121.44991103515862, 31.191963557880683], [121.44631103515862, 31.191963557880683], [121.44631103515862, 31.188363557880685]]]}}, {"type": "Feature", "properties": {"unit_id": "SHWB_058", "case_name": "Shanghai West Bund", "space_type": "waterfront_core"}, "geometry": {"type": "Polygon", "coordinates": [[[121.46189083351724, 31.184766557457163], [121.46549083351725, 31.184766557457163], [121.46549083351725, 31.18836655745716], [121.46189083351724, 31.18836655745716], [121.46189083351724, 31.184766557457163]]]}}, {"type": "Feature", "properties": {"unit_id": "SHWB_059", "case_name": "Shanghai West Bund", "space_type": "cultural_core"}, "geometry": {"type": "Polygon", "coordinates": [[[121.44880426478038, 31.186809231580973], [121.45240426478038, 31.186809231580973], [121.45240426478038, 31.190409231580972], [121.44880426478038, 31.190409231580972], [121.44880426478038, 31.186809231580973]]]}}, {"type": "Feature", "properties": {"unit_id": "SHWB_060", "case_name": "Shanghai West Bund", "space_type": "residential_edge"}, "geometry": {"type": "Polygon", "coordinates": [[[121.45725361940744, 31.195415508763922], [121.46085361940744, 31.195415508763922], [121.46085361940744, 31.19901550876392], [121.45725361940744, 31.19901550876392], [121.45725361940744, 31.195415508763922]]]}}, {"type": "Feature", "properties": {"unit_id": "SHWB_061", "case_name": "Shanghai West Bund", "space_type": "residential_edge"}, "geometry": {"type": "Polygon", "coordinates": [[[121.43635749318467, 31.176960693028317], [121.43995749318468, 31.176960693028317], [121.43995749318468, 31.180560693028315], [121.43635749318467, 31.180560693028315], [121.43635749318467, 31.176960693028317]]]}}, {"type": "Feature", "properties": {"unit_id": "SHWB_062", "case_name": "Shanghai West Bund", "space_type": "residential_edge"}, "geometry": {"type": "Polygon", "coordinates": [[[121.46230169262024, 31.182110478930632], [121.46590169262025, 31.182110478930632], [121.46590169262025, 31.18571047893063], [121.46230169262024, 31.18571047893063], [121.46230169262024, 31.182110478930632]]]}}, {"type": "Feature", "properties": {"unit_id": "SHWB_063", "case_name": "Shanghai West Bund", "space_type": "cultural_core"}, "geometry": {"type": "Polygon", "coordinates": [[[121.44262428535943, 31.190016495845402], [121.44622428535943, 31.190016495845402], [121.44622428535943, 31.1936164958454], [121.44262428535943, 31.1936164958454], [121.44262428535943, 31.190016495845402]]]}}, {"type": "Feature", "properties": {"unit_id": "SHWB_064", "case_name": "Shanghai West Bund", "space_type": "industrial_reuse_area"}, "geometry": {"type": "Polygon", "coordinates": [[[121.45506775760539, 31.182300850631783], [121.4586677576054, 31.182300850631783], [121.4586677576054, 31.185900850631782], [121.45506775760539, 31.185900850631782], [121.45506775760539, 31.182300850631783]]]}}, {"type": "Feature", "properties": {"unit_id": "SHWB_065", "case_name": "Shanghai West Bund", "space_type": "residential_edge"}, "geometry": {"type": "Polygon", "coordinates": [[[121.45021995171301, 31.19209322584332], [121.45381995171302, 31.19209322584332], [121.45381995171302, 31.195693225843318], [121.45021995171301, 31.195693225843318], [121.45021995171301, 31.19209322584332]]]}}, {"type": "Feature", "properties": {"unit_id": "SHWB_066", "case_name": "Shanghai West Bund", "space_type": "cultural_core"}, "geometry": {"type": "Polygon", "coordinates": [[[121.44730100460652, 31.18185415380549], [121.45090100460652, 31.18185415380549], [121.45090100460652, 31.185454153805487], [121.44730100460652, 31.185454153805487], [121.44730100460652, 31.18185415380549]]]}}, {"type": "Feature", "properties": {"unit_id": "SHWB_067", "case_name": "Shanghai West Bund", "space_type": "waterfront_core"}, "geometry": {"type": "Polygon", "coordinates": [[[121.44398767002409, 31.17680437752076], [121.44758767002409, 31.17680437752076], [121.44758767002409, 31.18040437752076], [121.44398767002409, 31.18040437752076], [121.44398767002409, 31.17680437752076]]]}}, {"type": "Feature", "properties": {"unit_id": "SHWB_068", "case_name": "Shanghai West Bund", "space_type": "waterfront_core"}, "geometry": {"type": "Polygon", "coordinates": [[[121.4455561522037, 31.17164979390232], [121.4491561522037, 31.17164979390232], [121.4491561522037, 31.175249793902317], [121.4455561522037, 31.175249793902317], [121.4455561522037, 31.17164979390232]]]}}, {"type": "Feature", "properties": {"unit_id": "SHWB_069", "case_name": "Shanghai West Bund", "space_type": "industrial_reuse_area"}, "geometry": {"type": "Polygon", "coordinates": [[[121.45019817300741, 31.19322844562949], [121.45379817300741, 31.19322844562949], [121.45379817300741, 31.19682844562949], [121.45019817300741, 31.19682844562949], [121.45019817300741, 31.19322844562949]]]}}, {"type": "Feature", "properties": {"unit_id": "SHWB_070", "case_name": "Shanghai West Bund", "space_type": "waterfront_core"}, "geometry": {"type": "Polygon", "coordinates": [[[121.43997056380692, 31.17409127852347], [121.44357056380693, 31.17409127852347], [121.44357056380693, 31.17769127852347], [121.43997056380692, 31.17769127852347], [121.43997056380692, 31.17409127852347]]]}}, {"type": "Feature", "properties": {"unit_id": "SHWB_071", "case_name": "Shanghai West Bund", "space_type": "residential_edge"}, "geometry": {"type": "Polygon", "coordinates": [[[121.41748193852742, 31.19309995854261], [121.42108193852742, 31.19309995854261], [121.42108193852742, 31.19669995854261], [121.41748193852742, 31.19669995854261], [121.41748193852742, 31.19309995854261]]]}}, {"type": "Feature", "properties": {"unit_id": "SHWB_072", "case_name": "Shanghai West Bund", "space_type": "waterfront_core"}, "geometry": {"type": "Polygon", "coordinates": [[[121.44808282380083, 31.201734188963695], [121.45168282380084, 31.201734188963695], [121.45168282380084, 31.205334188963693], [121.44808282380083, 31.205334188963693], [121.44808282380083, 31.201734188963695]]]}}, {"type": "Feature", "properties": {"unit_id": "SHWB_073", "case_name": "Shanghai West Bund", "space_type": "cultural_core"}, "geometry": {"type": "Polygon", "coordinates": [[[121.43815943643361, 31.177840317287068], [121.44175943643361, 31.177840317287068], [121.44175943643361, 31.181440317287066], [121.43815943643361, 31.181440317287066], [121.43815943643361, 31.177840317287068]]]}}, {"type": "Feature", "properties": {"unit_id": "SHWB_074", "case_name": "Shanghai West Bund", "space_type": "residential_edge"}, "geometry": {"type": "Polygon", "coordinates": [[[121.43846122212275, 31.185021640480667], [121.44206122212276, 31.185021640480667], [121.44206122212276, 31.188621640480665], [121.43846122212275, 31.188621640480665], [121.43846122212275, 31.185021640480667]]]}}, {"type": "Feature", "properties": {"unit_id": "SHWB_075", "case_name": "Shanghai West Bund", "space_type": "industrial_reuse_area"}, "geometry": {"type": "Polygon", "coordinates": [[[121.45542712336082, 31.19558233633087], [121.45902712336083, 31.19558233633087], [121.45902712336083, 31.199182336330868], [121.45542712336082, 31.199182336330868], [121.45542712336082, 31.19558233633087]]]}}, {"type": "Feature", "properties": {"unit_id": "SHWB_076", "case_name": "Shanghai West Bund", "space_type": "industrial_reuse_area"}, "geometry": {"type": "Polygon", "coordinates": [[[121.43090388196468, 31.194589042888225], [121.43450388196469, 31.194589042888225], [121.43450388196469, 31.198189042888224], [121.43090388196468, 31.198189042888224], [121.43090388196468, 31.194589042888225]]]}}, {"type": "Feature", "properties": {"unit_id": "SHWB_077", "case_name": "Shanghai West Bund", "space_type": "residential_edge"}, "geometry": {"type": "Polygon", "coordinates": [[[121.44508973233613, 31.176829833162113], [121.44868973233613, 31.176829833162113], [121.44868973233613, 31.180429833162112], [121.44508973233613, 31.180429833162112], [121.44508973233613, 31.176829833162113]]]}}, {"type": "Feature", "properties": {"unit_id": "SHWB_078", "case_name": "Shanghai West Bund", "space_type": "industrial_reuse_area"}, "geometry": {"type": "Polygon", "coordinates": [[[121.44380182054326, 31.1680323745261], [121.44740182054326, 31.1680323745261], [121.44740182054326, 31.171632374526098], [121.44380182054326, 31.171632374526098], [121.44380182054326, 31.1680323745261]]]}}, {"type": "Feature", "properties": {"unit_id": "SHWB_079", "case_name": "Shanghai West Bund", "space_type": "waterfront_core"}, "geometry": {"type": "Polygon", "coordinates": [[[121.45350493203577, 31.18940955022628], [121.45710493203578, 31.18940955022628], [121.45710493203578, 31.19300955022628], [121.45350493203577, 31.19300955022628], [121.45350493203577, 31.18940955022628]]]}}, {"type": "Feature", "properties": {"unit_id": "SHWB_080", "case_name": "Shanghai West Bund", "space_type": "waterfront_core"}, "geometry": {"type": "Polygon", "coordinates": [[[121.44387982264237, 31.18351090476746], [121.44747982264238, 31.18351090476746], [121.44747982264238, 31.187110904767458], [121.44387982264237, 31.187110904767458], [121.44387982264237, 31.18351090476746]]]}}, {"type": "Feature", "properties": {"unit_id": "SHWB_081", "case_name": "Shanghai West Bund", "space_type": "waterfront_core"}, "geometry": {"type": "Polygon", "coordinates": [[[121.45521589228282, 31.186558171539062], [121.45881589228283, 31.186558171539062], [121.45881589228283, 31.19015817153906], [121.45521589228282, 31.19015817153906], [121.45521589228282, 31.186558171539062]]]}}, {"type": "Feature", "properties": {"unit_id": "SHWB_082", "case_name": "Shanghai West Bund", "space_type": "waterfront_core"}, "geometry": {"type": "Polygon", "coordinates": [[[121.45604619366468, 31.192518018283376], [121.45964619366468, 31.192518018283376], [121.45964619366468, 31.196118018283375], [121.45604619366468, 31.196118018283375], [121.45604619366468, 31.192518018283376]]]}}, {"type": "Feature", "properties": {"unit_id": "SHWB_083", "case_name": "Shanghai West Bund", "space_type": "industrial_reuse_area"}, "geometry": {"type": "Polygon", "coordinates": [[[121.45632501949062, 31.168954240021222], [121.45992501949063, 31.168954240021222], [121.45992501949063, 31.17255424002122], [121.45632501949062, 31.17255424002122], [121.45632501949062, 31.168954240021222]]]}}, {"type": "Feature", "properties": {"unit_id": "SHWB_084", "case_name": "Shanghai West Bund", "space_type": "waterfront_core"}, "geometry": {"type": "Polygon", "coordinates": [[[121.4451008249246, 31.184320422901738], [121.4487008249246, 31.184320422901738], [121.4487008249246, 31.187920422901737], [121.4451008249246, 31.187920422901737], [121.4451008249246, 31.184320422901738]]]}}, {"type": "Feature", "properties": {"unit_id": "SHWB_085", "case_name": "Shanghai West Bund", "space_type": "waterfront_core"}, "geometry": {"type": "Polygon", "coordinates": [[[121.45185378643974, 31.17505464732415], [121.45545378643975, 31.17505464732415], [121.45545378643975, 31.178654647324148], [121.45185378643974, 31.178654647324148], [121.45185378643974, 31.17505464732415]]]}}, {"type": "Feature", "properties": {"unit_id": "SHWB_086", "case_name": "Shanghai West Bund", "space_type": "cultural_core"}, "geometry": {"type": "Polygon", "coordinates": [[[121.4558385465293, 31.20287069931657], [121.4594385465293, 31.20287069931657], [121.4594385465293, 31.20647069931657], [121.4558385465293, 31.20647069931657], [121.4558385465293, 31.20287069931657]]]}}, {"type": "Feature", "properties": {"unit_id": "SHWB_087", "case_name": "Shanghai West Bund", "space_type": "industrial_reuse_area"}, "geometry": {"type": "Polygon", "coordinates": [[[121.44659240097677, 31.181044851767055], [121.45019240097677, 31.181044851767055], [121.45019240097677, 31.184644851767054], [121.44659240097677, 31.184644851767054], [121.44659240097677, 31.181044851767055]]]}}, {"type": "Feature", "properties": {"unit_id": "SHWB_088", "case_name": "Shanghai West Bund", "space_type": "industrial_reuse_area"}, "geometry": {"type": "Polygon", "coordinates": [[[121.46250061804317, 31.18628784496495], [121.46610061804317, 31.18628784496495], [121.46610061804317, 31.18988784496495], [121.46250061804317, 31.18988784496495], [121.46250061804317, 31.18628784496495]]]}}, {"type": "Feature", "properties": {"unit_id": "SHWB_089", "case_name": "Shanghai West Bund", "space_type": "waterfront_core"}, "geometry": {"type": "Polygon", "coordinates": [[[121.47572404978906, 31.18532650109044], [121.47932404978907, 31.18532650109044], [121.47932404978907, 31.18892650109044], [121.47572404978906, 31.18892650109044], [121.47572404978906, 31.18532650109044]]]}}, {"type": "Feature", "properties": {"unit_id": "SHWB_090", "case_name": "Shanghai West Bund", "space_type": "cultural_core"}, "geometry": {"type": "Polygon", "coordinates": [[[121.47169985926857, 31.183792622982935], [121.47529985926857, 31.183792622982935], [121.47529985926857, 31.187392622982934], [121.47169985926857, 31.187392622982934], [121.47169985926857, 31.183792622982935]]]}}, {"type": "Feature", "properties": {"unit_id": "SHWB_091", "case_name": "Shanghai West Bund", "space_type": "waterfront_core"}, "geometry": {"type": "Polygon", "coordinates": [[[121.45585249498814, 31.182255968970768], [121.45945249498814, 31.182255968970768], [121.45945249498814, 31.185855968970767], [121.45585249498814, 31.185855968970767], [121.45585249498814, 31.182255968970768]]]}}, {"type": "Feature", "properties": {"unit_id": "SHWB_092", "case_name": "Shanghai West Bund", "space_type": "waterfront_core"}, "geometry": {"type": "Polygon", "coordinates": [[[121.45306585886497, 31.17712100866503], [121.45666585886498, 31.17712100866503], [121.45666585886498, 31.180721008665028], [121.45306585886497, 31.180721008665028], [121.45306585886497, 31.17712100866503]]]}}, {"type": "Feature", "properties": {"unit_id": "SHWB_093", "case_name": "Shanghai West Bund", "space_type": "waterfront_core"}, "geometry": {"type": "Polygon", "coordinates": [[[121.4383868356484, 31.170392146055047], [121.44198683564841, 31.170392146055047], [121.44198683564841, 31.173992146055046], [121.4383868356484, 31.173992146055046], [121.4383868356484, 31.170392146055047]]]}}, {"type": "Feature", "properties": {"unit_id": "SHWB_094", "case_name": "Shanghai West Bund", "space_type": "waterfront_core"}, "geometry": {"type": "Polygon", "coordinates": [[[121.45089910561492, 31.17127313151482], [121.45449910561493, 31.17127313151482], [121.45449910561493, 31.17487313151482], [121.45089910561492, 31.17487313151482], [121.45089910561492, 31.17127313151482]]]}}, {"type": "Feature", "properties": {"unit_id": "SHWB_095", "case_name": "Shanghai West Bund", "space_type": "waterfront_core"}, "geometry": {"type": "Polygon", "coordinates": [[[121.4772269438696, 31.177638528769002], [121.4808269438696, 31.177638528769002], [121.4808269438696, 31.181238528769], [121.4772269438696, 31.181238528769], [121.4772269438696, 31.177638528769002]]]}}, {"type": "Feature", "properties": {"unit_id": "SHWB_096", "case_name": "Shanghai West Bund", "space_type": "cultural_core"}, "geometry": {"type": "Polygon", "coordinates": [[[121.46417351081463, 31.187661672084076], [121.46777351081464, 31.187661672084076], [121.46777351081464, 31.191261672084075], [121.46417351081463, 31.191261672084075], [121.46417351081463, 31.187661672084076]]]}}, {"type": "Feature", "properties": {"unit_id": "SHWB_097", "case_name": "Shanghai West Bund", "space_type": "residential_edge"}, "geometry": {"type": "Polygon", "coordinates": [[[121.44469544560205, 31.183495623424623], [121.44829544560206, 31.183495623424623], [121.44829544560206, 31.18709562342462], [121.44469544560205, 31.18709562342462], [121.44469544560205, 31.183495623424623]]]}}, {"type": "Feature", "properties": {"unit_id": "SHWB_098", "case_name": "Shanghai West Bund", "space_type": "waterfront_core"}, "geometry": {"type": "Polygon", "coordinates": [[[121.43810841669297, 31.19218322775181], [121.44170841669298, 31.19218322775181], [121.44170841669298, 31.195783227751807], [121.43810841669297, 31.195783227751807], [121.43810841669297, 31.19218322775181]]]}}, {"type": "Feature", "properties": {"unit_id": "SHWB_099", "case_name": "Shanghai West Bund", "space_type": "waterfront_core"}, "geometry": {"type": "Polygon", "coordinates": [[[121.43895470831843, 31.192196154042712], [121.44255470831844, 31.192196154042712], [121.44255470831844, 31.19579615404271], [121.43895470831843, 31.19579615404271], [121.43895470831843, 31.192196154042712]]]}}, {"type": "Feature", "properties": {"unit_id": "SHWB_100", "case_name": "Shanghai West Bund", "space_type": "waterfront_core"}, "geometry": {"type": "Polygon", "coordinates": [[[121.43495737468119, 31.187395323169266], [121.4385573746812, 31.187395323169266], [121.4385573746812, 31.190995323169265], [121.43495737468119, 31.190995323169265], [121.43495737468119, 31.187395323169266]]]}}, {"type": "Feature", "properties": {"unit_id": "SHWB_101", "case_name": "Shanghai West Bund", "space_type": "residential_edge"}, "geometry": {"type": "Polygon", "coordinates": [[[121.44620465477799, 31.16946234404477], [121.44980465477799, 31.16946234404477], [121.44980465477799, 31.17306234404477], [121.44620465477799, 31.17306234404477], [121.44620465477799, 31.16946234404477]]]}}, {"type": "Feature", "properties": {"unit_id": "SHWB_102", "case_name": "Shanghai West Bund", "space_type": "cultural_core"}, "geometry": {"type": "Polygon", "coordinates": [[[121.44227473101054, 31.180318439751094], [121.44587473101055, 31.180318439751094], [121.44587473101055, 31.183918439751093], [121.44227473101054, 31.183918439751093], [121.44227473101054, 31.180318439751094]]]}}, {"type": "Feature", "properties": {"unit_id": "SHWB_103", "case_name": "Shanghai West Bund", "space_type": "waterfront_core"}, "geometry": {"type": "Polygon", "coordinates": [[[121.45002563107076, 31.17194767586505], [121.45362563107076, 31.17194767586505], [121.45362563107076, 31.175547675865047], [121.45002563107076, 31.175547675865047], [121.45002563107076, 31.17194767586505]]]}}, {"type": "Feature", "properties": {"unit_id": "SHWB_104", "case_name": "Shanghai West Bund", "space_type": "cultural_core"}, "geometry": {"type": "Polygon", "coordinates": [[[121.44354688472596, 31.183059347304216], [121.44714688472597, 31.183059347304216], [121.44714688472597, 31.186659347304214], [121.44354688472596, 31.186659347304214], [121.44354688472596, 31.183059347304216]]]}}, {"type": "Feature", "properties": {"unit_id": "SHWB_105", "case_name": "Shanghai West Bund", "space_type": "waterfront_core"}, "geometry": {"type": "Polygon", "coordinates": [[[121.44507111517252, 31.18783487907522], [121.44867111517253, 31.18783487907522], [121.44867111517253, 31.191434879075217], [121.44507111517252, 31.191434879075217], [121.44507111517252, 31.18783487907522]]]}}, {"type": "Feature", "properties": {"unit_id": "SHWB_106", "case_name": "Shanghai West Bund", "space_type": "waterfront_core"}, "geometry": {"type": "Polygon", "coordinates": [[[121.45498903199586, 31.163528085041495], [121.45858903199587, 31.163528085041495], [121.45858903199587, 31.167128085041494], [121.45498903199586, 31.167128085041494], [121.45498903199586, 31.163528085041495]]]}}, {"type": "Feature", "properties": {"unit_id": "SHWB_107", "case_name": "Shanghai West Bund", "space_type": "industrial_reuse_area"}, "geometry": {"type": "Polygon", "coordinates": [[[121.45614757347956, 31.190094585584685], [121.45974757347956, 31.190094585584685], [121.45974757347956, 31.193694585584684], [121.45614757347956, 31.193694585584684], [121.45614757347956, 31.190094585584685]]]}}, {"type": "Feature", "properties": {"unit_id": "SHWB_108", "case_name": "Shanghai West Bund", "space_type": "waterfront_core"}, "geometry": {"type": "Polygon", "coordinates": [[[121.45033610816412, 31.180222321194034], [121.45393610816413, 31.180222321194034], [121.45393610816413, 31.183822321194032], [121.45033610816412, 31.183822321194032], [121.45033610816412, 31.180222321194034]]]}}, {"type": "Feature", "properties": {"unit_id": "SHWB_109", "case_name": "Shanghai West Bund", "space_type": "residential_edge"}, "geometry": {"type": "Polygon", "coordinates": [[[121.47018468279128, 31.176001238102963], [121.47378468279129, 31.176001238102963], [121.47378468279129, 31.17960123810296], [121.47018468279128, 31.17960123810296], [121.47018468279128, 31.176001238102963]]]}}, {"type": "Feature", "properties": {"unit_id": "SHWB_110", "case_name": "Shanghai West Bund", "space_type": "industrial_reuse_area"}, "geometry": {"type": "Polygon", "coordinates": [[[121.46975552471183, 31.160893747600042], [121.47335552471183, 31.160893747600042], [121.47335552471183, 31.16449374760004], [121.46975552471183, 31.16449374760004], [121.46975552471183, 31.160893747600042]]]}}, {"type": "Feature", "properties": {"unit_id": "SHWB_111", "case_name": "Shanghai West Bund", "space_type": "industrial_reuse_area"}, "geometry": {"type": "Polygon", "coordinates": [[[121.4536718073062, 31.171992078197235], [121.4572718073062, 31.171992078197235], [121.4572718073062, 31.175592078197234], [121.4536718073062, 31.175592078197234], [121.4536718073062, 31.171992078197235]]]}}, {"type": "Feature", "properties": {"unit_id": "SHWB_112", "case_name": "Shanghai West Bund", "space_type": "waterfront_core"}, "geometry": {"type": "Polygon", "coordinates": [[[121.46557027892322, 31.166121378522327], [121.46917027892323, 31.166121378522327], [121.46917027892323, 31.169721378522325], [121.46557027892322, 31.169721378522325], [121.46557027892322, 31.166121378522327]]]}}, {"type": "Feature", "properties": {"unit_id": "SHWB_113", "case_name": "Shanghai West Bund", "space_type": "waterfront_core"}, "geometry": {"type": "Polygon", "coordinates": [[[121.45222677694787, 31.18391786312415], [121.45582677694787, 31.18391786312415], [121.45582677694787, 31.18751786312415], [121.45222677694787, 31.18751786312415], [121.45222677694787, 31.18391786312415]]]}}, {"type": "Feature", "properties": {"unit_id": "SHWB_114", "case_name": "Shanghai West Bund", "space_type": "waterfront_core"}, "geometry": {"type": "Polygon", "coordinates": [[[121.45728321278946, 31.190155276418952], [121.46088321278947, 31.190155276418952], [121.46088321278947, 31.19375527641895], [121.45728321278946, 31.19375527641895], [121.45728321278946, 31.190155276418952]]]}}, {"type": "Feature", "properties": {"unit_id": "SHWB_115", "case_name": "Shanghai West Bund", "space_type": "cultural_core"}, "geometry": {"type": "Polygon", "coordinates": [[[121.43726304810968, 31.18425818207239], [121.44086304810969, 31.18425818207239], [121.44086304810969, 31.18785818207239], [121.43726304810968, 31.18785818207239], [121.43726304810968, 31.18425818207239]]]}}, {"type": "Feature", "properties": {"unit_id": "SHWB_116", "case_name": "Shanghai West Bund", "space_type": "waterfront_core"}, "geometry": {"type": "Polygon", "coordinates": [[[121.44012925711586, 31.18855700170541], [121.44372925711586, 31.18855700170541], [121.44372925711586, 31.192157001705407], [121.44012925711586, 31.192157001705407], [121.44012925711586, 31.18855700170541]]]}}, {"type": "Feature", "properties": {"unit_id": "SHWB_117", "case_name": "Shanghai West Bund", "space_type": "residential_edge"}, "geometry": {"type": "Polygon", "coordinates": [[[121.4533049017305, 31.197403560425478], [121.45690490173051, 31.197403560425478], [121.45690490173051, 31.201003560425477], [121.4533049017305, 31.201003560425477], [121.4533049017305, 31.197403560425478]]]}}, {"type": "Feature", "properties": {"unit_id": "SHWB_118", "case_name": "Shanghai West Bund", "space_type": "cultural_core"}, "geometry": {"type": "Polygon", "coordinates": [[[121.44628737873079, 31.16555300374483], [121.44988737873079, 31.16555300374483], [121.44988737873079, 31.169153003744828], [121.44628737873079, 31.169153003744828], [121.44628737873079, 31.16555300374483]]]}}, {"type": "Feature", "properties": {"unit_id": "SHWB_119", "case_name": "Shanghai West Bund", "space_type": "waterfront_core"}, "geometry": {"type": "Polygon", "coordinates": [[[121.4582927284684, 31.180453858304855], [121.4618927284684, 31.180453858304855], [121.4618927284684, 31.184053858304853], [121.4582927284684, 31.184053858304853], [121.4582927284684, 31.180453858304855]]]}}, {"type": "Feature", "properties": {"unit_id": "SHWB_120", "case_name": "Shanghai West Bund", "space_type": "cultural_core"}, "geometry": {"type": "Polygon", "coordinates": [[[121.44551127961229, 31.18272732759545], [121.4491112796123, 31.18272732759545], [121.4491112796123, 31.18632732759545], [121.44551127961229, 31.18632732759545], [121.44551127961229, 31.18272732759545]]]}}, {"type": "Feature", "properties": {"unit_id": "SHWB_121", "case_name": "Shanghai West Bund", "space_type": "industrial_reuse_area"}, "geometry": {"type": "Polygon", "coordinates": [[[121.43989915440747, 31.187628830967046], [121.44349915440748, 31.187628830967046], [121.44349915440748, 31.191228830967045], [121.43989915440747, 31.191228830967045], [121.43989915440747, 31.187628830967046]]]}}, {"type": "Feature", "properties": {"unit_id": "SHWB_122", "case_name": "Shanghai West Bund", "space_type": "waterfront_core"}, "geometry": {"type": "Polygon", "coordinates": [[[121.43747753304442, 31.18260349460751], [121.44107753304442, 31.18260349460751], [121.44107753304442, 31.186203494607508], [121.43747753304442, 31.186203494607508], [121.43747753304442, 31.18260349460751]]]}}, {"type": "Feature", "properties": {"unit_id": "SHWB_123", "case_name": "Shanghai West Bund", "space_type": "industrial_reuse_area"}, "geometry": {"type": "Polygon", "coordinates": [[[121.454108298941, 31.18681521400726], [121.457708298941, 31.18681521400726], [121.457708298941, 31.19041521400726], [121.454108298941, 31.19041521400726], [121.454108298941, 31.18681521400726]]]}}, {"type": "Feature", "properties": {"unit_id": "SHWB_124", "case_name": "Shanghai West Bund", "space_type": "waterfront_core"}, "geometry": {"type": "Polygon", "coordinates": [[[121.45976450303829, 31.179728986308067], [121.46336450303829, 31.179728986308067], [121.46336450303829, 31.183328986308066], [121.45976450303829, 31.183328986308066], [121.45976450303829, 31.179728986308067]]]}}, {"type": "Feature", "properties": {"unit_id": "SHWB_125", "case_name": "Shanghai West Bund", "space_type": "cultural_core"}, "geometry": {"type": "Polygon", "coordinates": [[[121.44958113893523, 31.187403871497906], [121.45318113893524, 31.187403871497906], [121.45318113893524, 31.191003871497905], [121.44958113893523, 31.191003871497905], [121.44958113893523, 31.187403871497906]]]}}, {"type": "Feature", "properties": {"unit_id": "SHWB_126", "case_name": "Shanghai West Bund", "space_type": "cultural_core"}, "geometry": {"type": "Polygon", "coordinates": [[[121.44378727052838, 31.186077592952884], [121.44738727052838, 31.186077592952884], [121.44738727052838, 31.189677592952883], [121.44378727052838, 31.189677592952883], [121.44378727052838, 31.186077592952884]]]}}, {"type": "Feature", "properties": {"unit_id": "SHWB_127", "case_name": "Shanghai West Bund", "space_type": "cultural_core"}, "geometry": {"type": "Polygon", "coordinates": [[[121.45221600014435, 31.201077687298465], [121.45581600014435, 31.201077687298465], [121.45581600014435, 31.204677687298464], [121.45221600014435, 31.204677687298464], [121.45221600014435, 31.201077687298465]]]}}, {"type": "Feature", "properties": {"unit_id": "SHWB_128", "case_name": "Shanghai West Bund", "space_type": "cultural_core"}, "geometry": {"type": "Polygon", "coordinates": [[[121.45444960647208, 31.186800771989933], [121.45804960647209, 31.186800771989933], [121.45804960647209, 31.190400771989932], [121.45444960647208, 31.190400771989932], [121.45444960647208, 31.186800771989933]]]}}, {"type": "Feature", "properties": {"unit_id": "SHWB_129", "case_name": "Shanghai West Bund", "space_type": "cultural_core"}, "geometry": {"type": "Polygon", "coordinates": [[[121.47601506529278, 31.174487488582717], [121.47961506529279, 31.174487488582717], [121.47961506529279, 31.178087488582715], [121.47601506529278, 31.178087488582715], [121.47601506529278, 31.174487488582717]]]}}, {"type": "Feature", "properties": {"unit_id": "SHWB_130", "case_name": "Shanghai West Bund", "space_type": "waterfront_core"}, "geometry": {"type": "Polygon", "coordinates": [[[121.43618316570712, 31.16883514159574], [121.43978316570713, 31.16883514159574], [121.43978316570713, 31.172435141595738], [121.43618316570712, 31.172435141595738], [121.43618316570712, 31.16883514159574]]]}}, {"type": "Feature", "properties": {"unit_id": "SHWB_131", "case_name": "Shanghai West Bund", "space_type": "industrial_reuse_area"}, "geometry": {"type": "Polygon", "coordinates": [[[121.44394910650105, 31.19252287911512], [121.44754910650106, 31.19252287911512], [121.44754910650106, 31.19612287911512], [121.44394910650105, 31.19612287911512], [121.44394910650105, 31.19252287911512]]]}}, {"type": "Feature", "properties": {"unit_id": "SHWB_132", "case_name": "Shanghai West Bund", "space_type": "cultural_core"}, "geometry": {"type": "Polygon", "coordinates": [[[121.44733234093435, 31.159646192821118], [121.45093234093436, 31.159646192821118], [121.45093234093436, 31.163246192821116], [121.44733234093435, 31.163246192821116], [121.44733234093435, 31.159646192821118]]]}}, {"type": "Feature", "properties": {"unit_id": "SHWB_133", "case_name": "Shanghai West Bund", "space_type": "industrial_reuse_area"}, "geometry": {"type": "Polygon", "coordinates": [[[121.46046715986488, 31.18123401462491], [121.46406715986488, 31.18123401462491], [121.46406715986488, 31.184834014624908], [121.46046715986488, 31.184834014624908], [121.46046715986488, 31.18123401462491]]]}}, {"type": "Feature", "properties": {"unit_id": "SHWB_134", "case_name": "Shanghai West Bund", "space_type": "industrial_reuse_area"}, "geometry": {"type": "Polygon", "coordinates": [[[121.46527137638637, 31.19144466092789], [121.46887137638637, 31.19144466092789], [121.46887137638637, 31.195044660927888], [121.46527137638637, 31.195044660927888], [121.46527137638637, 31.19144466092789]]]}}, {"type": "Feature", "properties": {"unit_id": "SHWB_135", "case_name": "Shanghai West Bund", "space_type": "waterfront_core"}, "geometry": {"type": "Polygon", "coordinates": [[[121.44047717834086, 31.17895043027403], [121.44407717834086, 31.17895043027403], [121.44407717834086, 31.182550430274027], [121.44047717834086, 31.182550430274027], [121.44047717834086, 31.17895043027403]]]}}, {"type": "Feature", "properties": {"unit_id": "SHWB_136", "case_name": "Shanghai West Bund", "space_type": "waterfront_core"}, "geometry": {"type": "Polygon", "coordinates": [[[121.43131286590368, 31.18978636098484], [121.43491286590368, 31.18978636098484], [121.43491286590368, 31.19338636098484], [121.43131286590368, 31.19338636098484], [121.43131286590368, 31.18978636098484]]]}}, {"type": "Feature", "properties": {"unit_id": "SHWB_137", "case_name": "Shanghai West Bund", "space_type": "waterfront_core"}, "geometry": {"type": "Polygon", "coordinates": [[[121.42467951160135, 31.191837580631674], [121.42827951160136, 31.191837580631674], [121.42827951160136, 31.195437580631673], [121.42467951160135, 31.195437580631673], [121.42467951160135, 31.191837580631674]]]}}, {"type": "Feature", "properties": {"unit_id": "SHWB_138", "case_name": "Shanghai West Bund", "space_type": "cultural_core"}, "geometry": {"type": "Polygon", "coordinates": [[[121.43604514235571, 31.177852564472733], [121.43964514235572, 31.177852564472733], [121.43964514235572, 31.181452564472732], [121.43604514235571, 31.181452564472732], [121.43604514235571, 31.177852564472733]]]}}, {"type": "Feature", "properties": {"unit_id": "SHWB_139", "case_name": "Shanghai West Bund", "space_type": "waterfront_core"}, "geometry": {"type": "Polygon", "coordinates": [[[121.44983283165521, 31.204990788788344], [121.45343283165522, 31.204990788788344], [121.45343283165522, 31.208590788788342], [121.44983283165521, 31.208590788788342], [121.44983283165521, 31.204990788788344]]]}}, {"type": "Feature", "properties": {"unit_id": "SHWB_140", "case_name": "Shanghai West Bund", "space_type": "cultural_core"}, "geometry": {"type": "Polygon", "coordinates": [[[121.43553889163476, 31.191537100462334], [121.43913889163477, 31.191537100462334], [121.43913889163477, 31.195137100462333], [121.43553889163476, 31.195137100462333], [121.43553889163476, 31.191537100462334]]]}}, {"type": "Feature", "properties": {"unit_id": "SHWB_141", "case_name": "Shanghai West Bund", "space_type": "cultural_core"}, "geometry": {"type": "Polygon", "coordinates": [[[121.45547282604065, 31.1808073021411], [121.45907282604065, 31.1808073021411], [121.45907282604065, 31.1844073021411], [121.45547282604065, 31.1844073021411], [121.45547282604065, 31.1808073021411]]]}}, {"type": "Feature", "properties": {"unit_id": "SHWB_142", "case_name": "Shanghai West Bund", "space_type": "industrial_reuse_area"}, "geometry": {"type": "Polygon", "coordinates": [[[121.46375579120186, 31.165075790491834], [121.46735579120187, 31.165075790491834], [121.46735579120187, 31.168675790491832], [121.46375579120186, 31.168675790491832], [121.46375579120186, 31.165075790491834]]]}}, {"type": "Feature", "properties": {"unit_id": "SHWB_143", "case_name": "Shanghai West Bund", "space_type": "waterfront_core"}, "geometry": {"type": "Polygon", "coordinates": [[[121.45039370199807, 31.182076985328862], [121.45399370199807, 31.182076985328862], [121.45399370199807, 31.18567698532886], [121.45039370199807, 31.18567698532886], [121.45039370199807, 31.182076985328862]]]}}, {"type": "Feature", "properties": {"unit_id": "SHWB_144", "case_name": "Shanghai West Bund", "space_type": "cultural_core"}, "geometry": {"type": "Polygon", "coordinates": [[[121.45341476583138, 31.175269109814582], [121.45701476583139, 31.175269109814582], [121.45701476583139, 31.17886910981458], [121.45341476583138, 31.17886910981458], [121.45341476583138, 31.175269109814582]]]}}, {"type": "Feature", "properties": {"unit_id": "SHWB_145", "case_name": "Shanghai West Bund", "space_type": "waterfront_core"}, "geometry": {"type": "Polygon", "coordinates": [[[121.47349449648286, 31.187711690031136], [121.47709449648286, 31.187711690031136], [121.47709449648286, 31.191311690031135], [121.47349449648286, 31.191311690031135], [121.47349449648286, 31.187711690031136]]]}}, {"type": "Feature", "properties": {"unit_id": "SHWB_146", "case_name": "Shanghai West Bund", "space_type": "waterfront_core"}, "geometry": {"type": "Polygon", "coordinates": [[[121.44911740969208, 31.18724313671078], [121.45271740969208, 31.18724313671078], [121.45271740969208, 31.19084313671078], [121.44911740969208, 31.19084313671078], [121.44911740969208, 31.18724313671078]]]}}, {"type": "Feature", "properties": {"unit_id": "SHWB_147", "case_name": "Shanghai West Bund", "space_type": "industrial_reuse_area"}, "geometry": {"type": "Polygon", "coordinates": [[[121.4582192256285, 31.175061013633087], [121.4618192256285, 31.175061013633087], [121.4618192256285, 31.178661013633086], [121.4582192256285, 31.178661013633086], [121.4582192256285, 31.175061013633087]]]}}, {"type": "Feature", "properties": {"unit_id": "SHWB_148", "case_name": "Shanghai West Bund", "space_type": "cultural_core"}, "geometry": {"type": "Polygon", "coordinates": [[[121.45322800292992, 31.16818416430419], [121.45682800292992, 31.16818416430419], [121.45682800292992, 31.17178416430419], [121.45322800292992, 31.17178416430419], [121.45322800292992, 31.16818416430419]]]}}, {"type": "Feature", "properties": {"unit_id": "SHWB_149", "case_name": "Shanghai West Bund", "space_type": "waterfront_core"}, "geometry": {"type": "Polygon", "coordinates": [[[121.45776566971774, 31.177526836231255], [121.46136566971775, 31.177526836231255], [121.46136566971775, 31.181126836231254], [121.45776566971774, 31.181126836231254], [121.45776566971774, 31.177526836231255]]]}}, {"type": "Feature", "properties": {"unit_id": "SHWB_150", "case_name": "Shanghai West Bund", "space_type": "waterfront_core"}, "geometry": {"type": "Polygon", "coordinates": [[[121.44536899817054, 31.181277278996898], [121.44896899817054, 31.181277278996898], [121.44896899817054, 31.184877278996897], [121.44536899817054, 31.184877278996897], [121.44536899817054, 31.181277278996898]]]}}, {"type": "Feature", "properties": {"unit_id": "SHWB_151", "case_name": "Shanghai West Bund", "space_type": "industrial_reuse_area"}, "geometry": {"type": "Polygon", "coordinates": [[[121.42905590692502, 31.196754435940814], [121.43265590692502, 31.196754435940814], [121.43265590692502, 31.200354435940813], [121.42905590692502, 31.200354435940813], [121.42905590692502, 31.196754435940814]]]}}, {"type": "Feature", "properties": {"unit_id": "SHWB_152", "case_name": "Shanghai West Bund", "space_type": "waterfront_core"}, "geometry": {"type": "Polygon", "coordinates": [[[121.46572958858654, 31.1764698128242], [121.46932958858655, 31.1764698128242], [121.46932958858655, 31.1800698128242], [121.46572958858654, 31.1800698128242], [121.46572958858654, 31.1764698128242]]]}}, {"type": "Feature", "properties": {"unit_id": "SHWB_153", "case_name": "Shanghai West Bund", "space_type": "waterfront_core"}, "geometry": {"type": "Polygon", "coordinates": [[[121.46436354494347, 31.173204041600446], [121.46796354494347, 31.173204041600446], [121.46796354494347, 31.176804041600445], [121.46436354494347, 31.176804041600445], [121.46436354494347, 31.173204041600446]]]}}, {"type": "Feature", "properties": {"unit_id": "SHWB_154", "case_name": "Shanghai West Bund", "space_type": "industrial_reuse_area"}, "geometry": {"type": "Polygon", "coordinates": [[[121.45811832217744, 31.193964726705254], [121.46171832217745, 31.193964726705254], [121.46171832217745, 31.197564726705252], [121.45811832217744, 31.197564726705252], [121.45811832217744, 31.193964726705254]]]}}, {"type": "Feature", "properties": {"unit_id": "SHWB_155", "case_name": "Shanghai West Bund", "space_type": "industrial_reuse_area"}, "geometry": {"type": "Polygon", "coordinates": [[[121.4634116946144, 31.18415886600075], [121.4670116946144, 31.18415886600075], [121.4670116946144, 31.18775886600075], [121.4634116946144, 31.18775886600075], [121.4634116946144, 31.18415886600075]]]}}, {"type": "Feature", "properties": {"unit_id": "SHWB_156", "case_name": "Shanghai West Bund", "space_type": "industrial_reuse_area"}, "geometry": {"type": "Polygon", "coordinates": [[[121.44005232882046, 31.177075778691425], [121.44365232882046, 31.177075778691425], [121.44365232882046, 31.180675778691423], [121.44005232882046, 31.180675778691423], [121.44005232882046, 31.177075778691425]]]}}, {"type": "Feature", "properties": {"unit_id": "SHWB_157", "case_name": "Shanghai West Bund", "space_type": "cultural_core"}, "geometry": {"type": "Polygon", "coordinates": [[[121.44194756835013, 31.17357836143239], [121.44554756835014, 31.17357836143239], [121.44554756835014, 31.17717836143239], [121.44194756835013, 31.17717836143239], [121.44194756835013, 31.17357836143239]]]}}, {"type": "Feature", "properties": {"unit_id": "SHWB_158", "case_name": "Shanghai West Bund", "space_type": "waterfront_core"}, "geometry": {"type": "Polygon", "coordinates": [[[121.43473293298898, 31.177053298351403], [121.43833293298898, 31.177053298351403], [121.43833293298898, 31.1806532983514], [121.43473293298898, 31.1806532983514], [121.43473293298898, 31.177053298351403]]]}}, {"type": "Feature", "properties": {"unit_id": "SHWB_159", "case_name": "Shanghai West Bund", "space_type": "cultural_core"}, "geometry": {"type": "Polygon", "coordinates": [[[121.46455359911486, 31.180568676037254], [121.46815359911487, 31.180568676037254], [121.46815359911487, 31.184168676037253], [121.46455359911486, 31.184168676037253], [121.46455359911486, 31.180568676037254]]]}}, {"type": "Feature", "properties": {"unit_id": "SHWB_160", "case_name": "Shanghai West Bund", "space_type": "industrial_reuse_area"}, "geometry": {"type": "Polygon", "coordinates": [[[121.44585605592395, 31.177007577831027], [121.44945605592396, 31.177007577831027], [121.44945605592396, 31.180607577831026], [121.44585605592395, 31.180607577831026], [121.44585605592395, 31.177007577831027]]]}}, {"type": "Feature", "properties": {"unit_id": "SHWB_161", "case_name": "Shanghai West Bund", "space_type": "waterfront_core"}, "geometry": {"type": "Polygon", "coordinates": [[[121.44482339923779, 31.17105798845273], [121.4484233992378, 31.17105798845273], [121.4484233992378, 31.17465798845273], [121.44482339923779, 31.17465798845273], [121.44482339923779, 31.17105798845273]]]}}, {"type": "Feature", "properties": {"unit_id": "SHWB_162", "case_name": "Shanghai West Bund", "space_type": "residential_edge"}, "geometry": {"type": "Polygon", "coordinates": [[[121.45994810442367, 31.190130752019158], [121.46354810442368, 31.190130752019158], [121.46354810442368, 31.193730752019157], [121.45994810442367, 31.193730752019157], [121.45994810442367, 31.190130752019158]]]}}, {"type": "Feature", "properties": {"unit_id": "SHWB_163", "case_name": "Shanghai West Bund", "space_type": "waterfront_core"}, "geometry": {"type": "Polygon", "coordinates": [[[121.4527738593997, 31.183496977692148], [121.4563738593997, 31.183496977692148], [121.4563738593997, 31.187096977692146], [121.4527738593997, 31.187096977692146], [121.4527738593997, 31.183496977692148]]]}}, {"type": "Feature", "properties": {"unit_id": "SHWB_164", "case_name": "Shanghai West Bund", "space_type": "cultural_core"}, "geometry": {"type": "Polygon", "coordinates": [[[121.4724447085954, 31.182934104648144], [121.47604470859541, 31.182934104648144], [121.47604470859541, 31.186534104648143], [121.4724447085954, 31.186534104648143], [121.4724447085954, 31.182934104648144]]]}}, {"type": "Feature", "properties": {"unit_id": "SHWB_165", "case_name": "Shanghai West Bund", "space_type": "residential_edge"}, "geometry": {"type": "Polygon", "coordinates": [[[121.47600665196411, 31.190178590904573], [121.47960665196412, 31.190178590904573], [121.47960665196412, 31.19377859090457], [121.47600665196411, 31.19377859090457], [121.47600665196411, 31.190178590904573]]]}}, {"type": "Feature", "properties": {"unit_id": "SHWB_166", "case_name": "Shanghai West Bund", "space_type": "cultural_core"}, "geometry": {"type": "Polygon", "coordinates": [[[121.45273494562278, 31.18030974378463], [121.45633494562279, 31.18030974378463], [121.45633494562279, 31.18390974378463], [121.45273494562278, 31.18390974378463], [121.45273494562278, 31.18030974378463]]]}}, {"type": "Feature", "properties": {"unit_id": "SHWB_167", "case_name": "Shanghai West Bund", "space_type": "waterfront_core"}, "geometry": {"type": "Polygon", "coordinates": [[[121.43371189499516, 31.17641421991419], [121.43731189499516, 31.17641421991419], [121.43731189499516, 31.180014219914188], [121.43371189499516, 31.180014219914188], [121.43371189499516, 31.17641421991419]]]}}, {"type": "Feature", "properties": {"unit_id": "SHWB_168", "case_name": "Shanghai West Bund", "space_type": "industrial_reuse_area"}, "geometry": {"type": "Polygon", "coordinates": [[[121.44886931877924, 31.196241351675088], [121.45246931877925, 31.196241351675088], [121.45246931877925, 31.199841351675087], [121.44886931877924, 31.199841351675087], [121.44886931877924, 31.196241351675088]]]}}, {"type": "Feature", "properties": {"unit_id": "SHWB_169", "case_name": "Shanghai West Bund", "space_type": "waterfront_core"}, "geometry": {"type": "Polygon", "coordinates": [[[121.42409173658916, 31.178106772687112], [121.42769173658917, 31.178106772687112], [121.42769173658917, 31.18170677268711], [121.42409173658916, 31.18170677268711], [121.42409173658916, 31.178106772687112]]]}}, {"type": "Feature", "properties": {"unit_id": "SHWB_170", "case_name": "Shanghai West Bund", "space_type": "cultural_core"}, "geometry": {"type": "Polygon", "coordinates": [[[121.47021141665024, 31.18464679006067], [121.47381141665025, 31.18464679006067], [121.47381141665025, 31.188246790060667], [121.47021141665024, 31.188246790060667], [121.47021141665024, 31.18464679006067]]]}}, {"type": "Feature", "properties": {"unit_id": "SHWB_171", "case_name": "Shanghai West Bund", "space_type": "residential_edge"}, "geometry": {"type": "Polygon", "coordinates": [[[121.45520890995107, 31.197570963474014], [121.45880890995107, 31.197570963474014], [121.45880890995107, 31.201170963474013], [121.45520890995107, 31.201170963474013], [121.45520890995107, 31.197570963474014]]]}}, {"type": "Feature", "properties": {"unit_id": "SHWB_172", "case_name": "Shanghai West Bund", "space_type": "waterfront_core"}, "geometry": {"type": "Polygon", "coordinates": [[[121.45279757213794, 31.17401383663032], [121.45639757213794, 31.17401383663032], [121.45639757213794, 31.177613836630318], [121.45279757213794, 31.177613836630318], [121.45279757213794, 31.17401383663032]]]}}, {"type": "Feature", "properties": {"unit_id": "SHWB_173", "case_name": "Shanghai West Bund", "space_type": "waterfront_core"}, "geometry": {"type": "Polygon", "coordinates": [[[121.45025558563005, 31.186449036411055], [121.45385558563005, 31.186449036411055], [121.45385558563005, 31.190049036411054], [121.45025558563005, 31.190049036411054], [121.45025558563005, 31.186449036411055]]]}}, {"type": "Feature", "properties": {"unit_id": "SHWB_174", "case_name": "Shanghai West Bund", "space_type": "cultural_core"}, "geometry": {"type": "Polygon", "coordinates": [[[121.45699288699649, 31.169555095328274], [121.4605928869965, 31.169555095328274], [121.4605928869965, 31.173155095328273], [121.45699288699649, 31.173155095328273], [121.45699288699649, 31.169555095328274]]]}}, {"type": "Feature", "properties": {"unit_id": "SHWB_175", "case_name": "Shanghai West Bund", "space_type": "industrial_reuse_area"}, "geometry": {"type": "Polygon", "coordinates": [[[121.46477593351287, 31.17861197798485], [121.46837593351287, 31.17861197798485], [121.46837593351287, 31.18221197798485], [121.46477593351287, 31.18221197798485], [121.46477593351287, 31.17861197798485]]]}}, {"type": "Feature", "properties": {"unit_id": "SHWB_176", "case_name": "Shanghai West Bund", "space_type": "waterfront_core"}, "geometry": {"type": "Polygon", "coordinates": [[[121.44601130471375, 31.180838954843008], [121.44961130471376, 31.180838954843008], [121.44961130471376, 31.184438954843007], [121.44601130471375, 31.184438954843007], [121.44601130471375, 31.180838954843008]]]}}, {"type": "Feature", "properties": {"unit_id": "SHWB_177", "case_name": "Shanghai West Bund", "space_type": "residential_edge"}, "geometry": {"type": "Polygon", "coordinates": [[[121.4462556851467, 31.18318206642345], [121.4498556851467, 31.18318206642345], [121.4498556851467, 31.186782066423447], [121.4462556851467, 31.186782066423447], [121.4462556851467, 31.18318206642345]]]}}, {"type": "Feature", "properties": {"unit_id": "SHWB_178", "case_name": "Shanghai West Bund", "space_type": "waterfront_core"}, "geometry": {"type": "Polygon", "coordinates": [[[121.44168030145187, 31.194864195084563], [121.44528030145187, 31.194864195084563], [121.44528030145187, 31.19846419508456], [121.44168030145187, 31.19846419508456], [121.44168030145187, 31.194864195084563]]]}}, {"type": "Feature", "properties": {"unit_id": "SHWB_179", "case_name": "Shanghai West Bund", "space_type": "waterfront_core"}, "geometry": {"type": "Polygon", "coordinates": [[[121.4448103261044, 31.17442355510592], [121.44841032610441, 31.17442355510592], [121.44841032610441, 31.17802355510592], [121.4448103261044, 31.17802355510592], [121.4448103261044, 31.17442355510592]]]}}, {"type": "Feature", "properties": {"unit_id": "SHWB_180", "case_name": "Shanghai West Bund", "space_type": "industrial_reuse_area"}, "geometry": {"type": "Polygon", "coordinates": [[[121.44700499619357, 31.18983985170306], [121.45060499619358, 31.18983985170306], [121.45060499619358, 31.193439851703058], [121.44700499619357, 31.193439851703058], [121.44700499619357, 31.18983985170306]]]}}, {"type": "Feature", "properties": {"unit_id": "SHWB_181", "case_name": "Shanghai West Bund", "space_type": "residential_edge"}, "geometry": {"type": "Polygon", "coordinates": [[[121.46269487827627, 31.20331971991806], [121.46629487827627, 31.20331971991806], [121.46629487827627, 31.20691971991806], [121.46269487827627, 31.20691971991806], [121.46269487827627, 31.20331971991806]]]}}, {"type": "Feature", "properties": {"unit_id": "SHWB_182", "case_name": "Shanghai West Bund", "space_type": "cultural_core"}, "geometry": {"type": "Polygon", "coordinates": [[[121.45616046769835, 31.156917723238415], [121.45976046769836, 31.156917723238415], [121.45976046769836, 31.160517723238414], [121.45616046769835, 31.160517723238414], [121.45616046769835, 31.156917723238415]]]}}, {"type": "Feature", "properties": {"unit_id": "SHWB_183", "case_name": "Shanghai West Bund", "space_type": "cultural_core"}, "geometry": {"type": "Polygon", "coordinates": [[[121.46093979819923, 31.182686919411466], [121.46453979819924, 31.182686919411466], [121.46453979819924, 31.186286919411465], [121.46093979819923, 31.186286919411465], [121.46093979819923, 31.182686919411466]]]}}, {"type": "Feature", "properties": {"unit_id": "SHWB_184", "case_name": "Shanghai West Bund", "space_type": "cultural_core"}, "geometry": {"type": "Polygon", "coordinates": [[[121.45880975450622, 31.190228459944958], [121.46240975450623, 31.190228459944958], [121.46240975450623, 31.193828459944957], [121.45880975450622, 31.193828459944957], [121.45880975450622, 31.190228459944958]]]}}, {"type": "Feature", "properties": {"unit_id": "SHWB_185", "case_name": "Shanghai West Bund", "space_type": "industrial_reuse_area"}, "geometry": {"type": "Polygon", "coordinates": [[[121.42903238550451, 31.1946705833207], [121.43263238550452, 31.1946705833207], [121.43263238550452, 31.1982705833207], [121.42903238550451, 31.1982705833207], [121.42903238550451, 31.1946705833207]]]}}, {"type": "Feature", "properties": {"unit_id": "SHWB_186", "case_name": "Shanghai West Bund", "space_type": "residential_edge"}, "geometry": {"type": "Polygon", "coordinates": [[[121.45702499341591, 31.180219738412397], [121.46062499341592, 31.180219738412397], [121.46062499341592, 31.183819738412396], [121.45702499341591, 31.183819738412396], [121.45702499341591, 31.180219738412397]]]}}, {"type": "Feature", "properties": {"unit_id": "SHWB_187", "case_name": "Shanghai West Bund", "space_type": "industrial_reuse_area"}, "geometry": {"type": "Polygon", "coordinates": [[[121.44728725607123, 31.18012182153361], [121.45088725607124, 31.18012182153361], [121.45088725607124, 31.18372182153361], [121.44728725607123, 31.18372182153361], [121.44728725607123, 31.18012182153361]]]}}, {"type": "Feature", "properties": {"unit_id": "SHWB_188", "case_name": "Shanghai West Bund", "space_type": "industrial_reuse_area"}, "geometry": {"type": "Polygon", "coordinates": [[[121.4540522514528, 31.173542463389193], [121.4576522514528, 31.173542463389193], [121.4576522514528, 31.177142463389192], [121.4540522514528, 31.177142463389192], [121.4540522514528, 31.173542463389193]]]}}, {"type": "Feature", "properties": {"unit_id": "SHWB_189", "case_name": "Shanghai West Bund", "space_type": "industrial_reuse_area"}, "geometry": {"type": "Polygon", "coordinates": [[[121.44656080596607, 31.168609682843762], [121.45016080596608, 31.168609682843762], [121.45016080596608, 31.17220968284376], [121.44656080596607, 31.17220968284376], [121.44656080596607, 31.168609682843762]]]}}, {"type": "Feature", "properties": {"unit_id": "SHWB_190", "case_name": "Shanghai West Bund", "space_type": "waterfront_core"}, "geometry": {"type": "Polygon", "coordinates": [[[121.44398104336953, 31.188017382307873], [121.44758104336954, 31.188017382307873], [121.44758104336954, 31.19161738230787], [121.44398104336953, 31.19161738230787], [121.44398104336953, 31.188017382307873]]]}}, {"type": "Feature", "properties": {"unit_id": "SHWB_191", "case_name": "Shanghai West Bund", "space_type": "cultural_core"}, "geometry": {"type": "Polygon", "coordinates": [[[121.463415975087, 31.180964417079167], [121.46701597508701, 31.180964417079167], [121.46701597508701, 31.184564417079166], [121.463415975087, 31.184564417079166], [121.463415975087, 31.180964417079167]]]}}, {"type": "Feature", "properties": {"unit_id": "SHWB_192", "case_name": "Shanghai West Bund", "space_type": "residential_edge"}, "geometry": {"type": "Polygon", "coordinates": [[[121.45365451063306, 31.166349251667036], [121.45725451063306, 31.166349251667036], [121.45725451063306, 31.169949251667035], [121.45365451063306, 31.169949251667035], [121.45365451063306, 31.166349251667036]]]}}, {"type": "Feature", "properties": {"unit_id": "SHWB_193", "case_name": "Shanghai West Bund", "space_type": "industrial_reuse_area"}, "geometry": {"type": "Polygon", "coordinates": [[[121.44509205914288, 31.18582159594242], [121.44869205914289, 31.18582159594242], [121.44869205914289, 31.18942159594242], [121.44509205914288, 31.18942159594242], [121.44509205914288, 31.18582159594242]]]}}, {"type": "Feature", "properties": {"unit_id": "SHWB_194", "case_name": "Shanghai West Bund", "space_type": "cultural_core"}, "geometry": {"type": "Polygon", "coordinates": [[[121.44354463994169, 31.186364449517367], [121.4471446399417, 31.186364449517367], [121.4471446399417, 31.189964449517365], [121.44354463994169, 31.189964449517365], [121.44354463994169, 31.186364449517367]]]}}, {"type": "Feature", "properties": {"unit_id": "SHWB_195", "case_name": "Shanghai West Bund", "space_type": "residential_edge"}, "geometry": {"type": "Polygon", "coordinates": [[[121.45121894347584, 31.193560486487346], [121.45481894347584, 31.193560486487346], [121.45481894347584, 31.197160486487345], [121.45121894347584, 31.197160486487345], [121.45121894347584, 31.193560486487346]]]}}, {"type": "Feature", "properties": {"unit_id": "SHWB_196", "case_name": "Shanghai West Bund", "space_type": "cultural_core"}, "geometry": {"type": "Polygon", "coordinates": [[[121.44167327716875, 31.187312819370696], [121.44527327716875, 31.187312819370696], [121.44527327716875, 31.190912819370695], [121.44167327716875, 31.190912819370695], [121.44167327716875, 31.187312819370696]]]}}, {"type": "Feature", "properties": {"unit_id": "SHWB_197", "case_name": "Shanghai West Bund", "space_type": "residential_edge"}, "geometry": {"type": "Polygon", "coordinates": [[[121.45509256370923, 31.18199852084494], [121.45869256370923, 31.18199852084494], [121.45869256370923, 31.185598520844938], [121.45509256370923, 31.185598520844938], [121.45509256370923, 31.18199852084494]]]}}, {"type": "Feature", "properties": {"unit_id": "SHWB_198", "case_name": "Shanghai West Bund", "space_type": "waterfront_core"}, "geometry": {"type": "Polygon", "coordinates": [[[121.44792244271746, 31.183650840058437], [121.45152244271746, 31.183650840058437], [121.45152244271746, 31.187250840058436], [121.44792244271746, 31.187250840058436], [121.44792244271746, 31.183650840058437]]]}}, {"type": "Feature", "properties": {"unit_id": "SHWB_199", "case_name": "Shanghai West Bund", "space_type": "industrial_reuse_area"}, "geometry": {"type": "Polygon", "coordinates": [[[121.43148628532457, 31.177452965914423], [121.43508628532457, 31.177452965914423], [121.43508628532457, 31.18105296591442], [121.43148628532457, 31.18105296591442], [121.43148628532457, 31.177452965914423]]]}}, {"type": "Feature", "properties": {"unit_id": "SHWB_200", "case_name": "Shanghai West Bund", "space_type": "waterfront_core"}, "geometry": {"type": "Polygon", "coordinates": [[[121.44598086448867, 31.177568282987064], [121.44958086448868, 31.177568282987064], [121.44958086448868, 31.181168282987063], [121.44598086448867, 31.181168282987063], [121.44598086448867, 31.177568282987064]]]}}, {"type": "Feature", "properties": {"unit_id": "SHWB_201", "case_name": "Shanghai West Bund", "space_type": "residential_edge"}, "geometry": {"type": "Polygon", "coordinates": [[[121.4518182411827, 31.184559392985896], [121.45541824118271, 31.184559392985896], [121.45541824118271, 31.188159392985895], [121.4518182411827, 31.188159392985895], [121.4518182411827, 31.184559392985896]]]}}, {"type": "Feature", "properties": {"unit_id": "SHWB_202", "case_name": "Shanghai West Bund", "space_type": "cultural_core"}, "geometry": {"type": "Polygon", "coordinates": [[[121.45040765524558, 31.191027093251435], [121.45400765524559, 31.191027093251435], [121.45400765524559, 31.194627093251434], [121.45040765524558, 31.194627093251434], [121.45040765524558, 31.191027093251435]]]}}, {"type": "Feature", "properties": {"unit_id": "SHWB_203", "case_name": "Shanghai West Bund", "space_type": "industrial_reuse_area"}, "geometry": {"type": "Polygon", "coordinates": [[[121.46126880808589, 31.18962990653026], [121.4648688080859, 31.18962990653026], [121.4648688080859, 31.19322990653026], [121.46126880808589, 31.19322990653026], [121.46126880808589, 31.18962990653026]]]}}, {"type": "Feature", "properties": {"unit_id": "SHWB_204", "case_name": "Shanghai West Bund", "space_type": "waterfront_core"}, "geometry": {"type": "Polygon", "coordinates": [[[121.45059677956581, 31.195186498811942], [121.45419677956582, 31.195186498811942], [121.45419677956582, 31.19878649881194], [121.45059677956581, 31.19878649881194], [121.45059677956581, 31.195186498811942]]]}}, {"type": "Feature", "properties": {"unit_id": "SHWB_205", "case_name": "Shanghai West Bund", "space_type": "industrial_reuse_area"}, "geometry": {"type": "Polygon", "coordinates": [[[121.4403576119715, 31.17676694484575], [121.44395761197151, 31.17676694484575], [121.44395761197151, 31.180366944845748], [121.4403576119715, 31.180366944845748], [121.4403576119715, 31.17676694484575]]]}}, {"type": "Feature", "properties": {"unit_id": "SHWB_206", "case_name": "Shanghai West Bund", "space_type": "waterfront_core"}, "geometry": {"type": "Polygon", "coordinates": [[[121.44331610848278, 31.161200698076396], [121.44691610848278, 31.161200698076396], [121.44691610848278, 31.164800698076395], [121.44331610848278, 31.164800698076395], [121.44331610848278, 31.161200698076396]]]}}, {"type": "Feature", "properties": {"unit_id": "SHWB_207", "case_name": "Shanghai West Bund", "space_type": "cultural_core"}, "geometry": {"type": "Polygon", "coordinates": [[[121.43129009118098, 31.170033519888996], [121.43489009118099, 31.170033519888996], [121.43489009118099, 31.173633519888995], [121.43129009118098, 31.173633519888995], [121.43129009118098, 31.170033519888996]]]}}, {"type": "Feature", "properties": {"unit_id": "SHWB_208", "case_name": "Shanghai West Bund", "space_type": "cultural_core"}, "geometry": {"type": "Polygon", "coordinates": [[[121.45437214365748, 31.17261448842413], [121.45797214365749, 31.17261448842413], [121.45797214365749, 31.17621448842413], [121.45437214365748, 31.17621448842413], [121.45437214365748, 31.17261448842413]]]}}, {"type": "Feature", "properties": {"unit_id": "SHWB_209", "case_name": "Shanghai West Bund", "space_type": "waterfront_core"}, "geometry": {"type": "Polygon", "coordinates": [[[121.4347724552503, 31.187897372053865], [121.4383724552503, 31.187897372053865], [121.4383724552503, 31.191497372053863], [121.4347724552503, 31.191497372053863], [121.4347724552503, 31.187897372053865]]]}}, {"type": "Feature", "properties": {"unit_id": "SHWB_210", "case_name": "Shanghai West Bund", "space_type": "industrial_reuse_area"}, "geometry": {"type": "Polygon", "coordinates": [[[121.45048801421304, 31.194115165883584], [121.45408801421304, 31.194115165883584], [121.45408801421304, 31.197715165883583], [121.45048801421304, 31.197715165883583], [121.45048801421304, 31.194115165883584]]]}}, {"type": "Feature", "properties": {"unit_id": "SHWB_211", "case_name": "Shanghai West Bund", "space_type": "waterfront_core"}, "geometry": {"type": "Polygon", "coordinates": [[[121.44124523646231, 31.191156297378967], [121.44484523646231, 31.191156297378967], [121.44484523646231, 31.194756297378966], [121.44124523646231, 31.194756297378966], [121.44124523646231, 31.191156297378967]]]}}, {"type": "Feature", "properties": {"unit_id": "SHWB_212", "case_name": "Shanghai West Bund", "space_type": "industrial_reuse_area"}, "geometry": {"type": "Polygon", "coordinates": [[[121.44528325788066, 31.188996848732327], [121.44888325788067, 31.188996848732327], [121.44888325788067, 31.192596848732325], [121.44528325788066, 31.192596848732325], [121.44528325788066, 31.188996848732327]]]}}, {"type": "Feature", "properties": {"unit_id": "SHWB_213", "case_name": "Shanghai West Bund", "space_type": "cultural_core"}, "geometry": {"type": "Polygon", "coordinates": [[[121.46295747940616, 31.18306589368935], [121.46655747940616, 31.18306589368935], [121.46655747940616, 31.186665893689348], [121.46295747940616, 31.186665893689348], [121.46295747940616, 31.18306589368935]]]}}, {"type": "Feature", "properties": {"unit_id": "SHWB_214", "case_name": "Shanghai West Bund", "space_type": "waterfront_core"}, "geometry": {"type": "Polygon", "coordinates": [[[121.46081233175966, 31.187586759284446], [121.46441233175966, 31.187586759284446], [121.46441233175966, 31.191186759284445], [121.46081233175966, 31.191186759284445], [121.46081233175966, 31.187586759284446]]]}}, {"type": "Feature", "properties": {"unit_id": "SHWB_215", "case_name": "Shanghai West Bund", "space_type": "industrial_reuse_area"}, "geometry": {"type": "Polygon", "coordinates": [[[121.44234827990235, 31.1778855833747], [121.44594827990235, 31.1778855833747], [121.44594827990235, 31.181485583374698], [121.44234827990235, 31.181485583374698], [121.44234827990235, 31.1778855833747]]]}}, {"type": "Feature", "properties": {"unit_id": "SHWB_216", "case_name": "Shanghai West Bund", "space_type": "waterfront_core"}, "geometry": {"type": "Polygon", "coordinates": [[[121.45652038260191, 31.181968711318127], [121.46012038260191, 31.181968711318127], [121.46012038260191, 31.185568711318126], [121.45652038260191, 31.185568711318126], [121.45652038260191, 31.181968711318127]]]}}, {"type": "Feature", "properties": {"unit_id": "SHWB_217", "case_name": "Shanghai West Bund", "space_type": "residential_edge"}, "geometry": {"type": "Polygon", "coordinates": [[[121.42895512916074, 31.176303774148483], [121.43255512916075, 31.176303774148483], [121.43255512916075, 31.17990377414848], [121.42895512916074, 31.17990377414848], [121.42895512916074, 31.176303774148483]]]}}, {"type": "Feature", "properties": {"unit_id": "SHWB_218", "case_name": "Shanghai West Bund", "space_type": "waterfront_core"}, "geometry": {"type": "Polygon", "coordinates": [[[121.44035984942538, 31.17990061806734], [121.44395984942538, 31.17990061806734], [121.44395984942538, 31.183500618067338], [121.44035984942538, 31.183500618067338], [121.44035984942538, 31.17990061806734]]]}}, {"type": "Feature", "properties": {"unit_id": "SHWB_219", "case_name": "Shanghai West Bund", "space_type": "waterfront_core"}, "geometry": {"type": "Polygon", "coordinates": [[[121.45646485617608, 31.16860553282429], [121.46006485617609, 31.16860553282429], [121.46006485617609, 31.17220553282429], [121.45646485617608, 31.17220553282429], [121.45646485617608, 31.16860553282429]]]}}, {"type": "Feature", "properties": {"unit_id": "SHWB_220", "case_name": "Shanghai West Bund", "space_type": "waterfront_core"}, "geometry": {"type": "Polygon", "coordinates": [[[121.44395335241026, 31.19429529739921], [121.44755335241027, 31.19429529739921], [121.44755335241027, 31.19789529739921], [121.44395335241026, 31.19789529739921], [121.44395335241026, 31.19429529739921]]]}}, {"type": "Feature", "properties": {"unit_id": "SHWB_221", "case_name": "Shanghai West Bund", "space_type": "industrial_reuse_area"}, "geometry": {"type": "Polygon", "coordinates": [[[121.45830509622824, 31.178721421164454], [121.46190509622825, 31.178721421164454], [121.46190509622825, 31.182321421164453], [121.45830509622824, 31.182321421164453], [121.45830509622824, 31.178721421164454]]]}}, {"type": "Feature", "properties": {"unit_id": "SHWB_222", "case_name": "Shanghai West Bund", "space_type": "cultural_core"}, "geometry": {"type": "Polygon", "coordinates": [[[121.44994255617881, 31.164808830829244], [121.45354255617882, 31.164808830829244], [121.45354255617882, 31.168408830829243], [121.44994255617881, 31.168408830829243], [121.44994255617881, 31.164808830829244]]]}}, {"type": "Feature", "properties": {"unit_id": "SHWB_223", "case_name": "Shanghai West Bund", "space_type": "waterfront_core"}, "geometry": {"type": "Polygon", "coordinates": [[[121.46452658539584, 31.19503061592174], [121.46812658539585, 31.19503061592174], [121.46812658539585, 31.19863061592174], [121.46452658539584, 31.19863061592174], [121.46452658539584, 31.19503061592174]]]}}, {"type": "Feature", "properties": {"unit_id": "SHWB_224", "case_name": "Shanghai West Bund", "space_type": "waterfront_core"}, "geometry": {"type": "Polygon", "coordinates": [[[121.46529531937406, 31.17049537300106], [121.46889531937407, 31.17049537300106], [121.46889531937407, 31.17409537300106], [121.46529531937406, 31.17409537300106], [121.46529531937406, 31.17049537300106]]]}}, {"type": "Feature", "properties": {"unit_id": "SHWB_225", "case_name": "Shanghai West Bund", "space_type": "cultural_core"}, "geometry": {"type": "Polygon", "coordinates": [[[121.43951692011424, 31.17743861905026], [121.44311692011425, 31.17743861905026], [121.44311692011425, 31.18103861905026], [121.43951692011424, 31.18103861905026], [121.43951692011424, 31.17743861905026]]]}}, {"type": "Feature", "properties": {"unit_id": "SHWB_226", "case_name": "Shanghai West Bund", "space_type": "waterfront_core"}, "geometry": {"type": "Polygon", "coordinates": [[[121.4451887726522, 31.197126425126303], [121.44878877265221, 31.197126425126303], [121.44878877265221, 31.2007264251263], [121.4451887726522, 31.2007264251263], [121.4451887726522, 31.197126425126303]]]}}, {"type": "Feature", "properties": {"unit_id": "SHWB_227", "case_name": "Shanghai West Bund", "space_type": "residential_edge"}, "geometry": {"type": "Polygon", "coordinates": [[[121.46427979428233, 31.18313550238873], [121.46787979428234, 31.18313550238873], [121.46787979428234, 31.18673550238873], [121.46427979428233, 31.18673550238873], [121.46427979428233, 31.18313550238873]]]}}, {"type": "Feature", "properties": {"unit_id": "SHWB_228", "case_name": "Shanghai West Bund", "space_type": "industrial_reuse_area"}, "geometry": {"type": "Polygon", "coordinates": [[[121.46021935696815, 31.181316959051035], [121.46381935696816, 31.181316959051035], [121.46381935696816, 31.184916959051034], [121.46021935696815, 31.184916959051034], [121.46021935696815, 31.181316959051035]]]}}, {"type": "Feature", "properties": {"unit_id": "SHWB_229", "case_name": "Shanghai West Bund", "space_type": "industrial_reuse_area"}, "geometry": {"type": "Polygon", "coordinates": [[[121.43219759653878, 31.186411137394735], [121.43579759653879, 31.186411137394735], [121.43579759653879, 31.190011137394734], [121.43219759653878, 31.190011137394734], [121.43219759653878, 31.186411137394735]]]}}, {"type": "Feature", "properties": {"unit_id": "SHWB_230", "case_name": "Shanghai West Bund", "space_type": "cultural_core"}, "geometry": {"type": "Polygon", "coordinates": [[[121.45477226296568, 31.19764170775484], [121.45837226296568, 31.19764170775484], [121.45837226296568, 31.20124170775484], [121.45477226296568, 31.20124170775484], [121.45477226296568, 31.19764170775484]]]}}, {"type": "Feature", "properties": {"unit_id": "SHWB_231", "case_name": "Shanghai West Bund", "space_type": "residential_edge"}, "geometry": {"type": "Polygon", "coordinates": [[[121.4520507185042, 31.16631837535963], [121.4556507185042, 31.16631837535963], [121.4556507185042, 31.16991837535963], [121.4520507185042, 31.16991837535963], [121.4520507185042, 31.16631837535963]]]}}, {"type": "Feature", "properties": {"unit_id": "SHWB_232", "case_name": "Shanghai West Bund", "space_type": "cultural_core"}, "geometry": {"type": "Polygon", "coordinates": [[[121.45907003253444, 31.191698283615064], [121.46267003253445, 31.191698283615064], [121.46267003253445, 31.195298283615063], [121.45907003253444, 31.195298283615063], [121.45907003253444, 31.191698283615064]]]}}, {"type": "Feature", "properties": {"unit_id": "SHWB_233", "case_name": "Shanghai West Bund", "space_type": "waterfront_core"}, "geometry": {"type": "Polygon", "coordinates": [[[121.46304200008494, 31.184006513178172], [121.46664200008495, 31.184006513178172], [121.46664200008495, 31.18760651317817], [121.46304200008494, 31.18760651317817], [121.46304200008494, 31.184006513178172]]]}}, {"type": "Feature", "properties": {"unit_id": "SHWB_234", "case_name": "Shanghai West Bund", "space_type": "cultural_core"}, "geometry": {"type": "Polygon", "coordinates": [[[121.45685645924038, 31.17518451373233], [121.46045645924039, 31.17518451373233], [121.46045645924039, 31.178784513732328], [121.45685645924038, 31.178784513732328], [121.45685645924038, 31.17518451373233]]]}}, {"type": "Feature", "properties": {"unit_id": "SHWB_235", "case_name": "Shanghai West Bund", "space_type": "waterfront_core"}, "geometry": {"type": "Polygon", "coordinates": [[[121.43736746716203, 31.17097813262044], [121.44096746716204, 31.17097813262044], [121.44096746716204, 31.17457813262044], [121.43736746716203, 31.17457813262044], [121.43736746716203, 31.17097813262044]]]}}, {"type": "Feature", "properties": {"unit_id": "SHWB_236", "case_name": "Shanghai West Bund", "space_type": "industrial_reuse_area"}, "geometry": {"type": "Polygon", "coordinates": [[[121.43243041546837, 31.18950983000958], [121.43603041546838, 31.18950983000958], [121.43603041546838, 31.19310983000958], [121.43243041546837, 31.19310983000958], [121.43243041546837, 31.18950983000958]]]}}, {"type": "Feature", "properties": {"unit_id": "SHWB_237", "case_name": "Shanghai West Bund", "space_type": "industrial_reuse_area"}, "geometry": {"type": "Polygon", "coordinates": [[[121.45963173960985, 31.171356467803008], [121.46323173960985, 31.171356467803008], [121.46323173960985, 31.174956467803007], [121.45963173960985, 31.174956467803007], [121.45963173960985, 31.171356467803008]]]}}, {"type": "Feature", "properties": {"unit_id": "SHWB_238", "case_name": "Shanghai West Bund", "space_type": "residential_edge"}, "geometry": {"type": "Polygon", "coordinates": [[[121.46365580211952, 31.18523295254174], [121.46725580211952, 31.18523295254174], [121.46725580211952, 31.188832952541738], [121.46365580211952, 31.188832952541738], [121.46365580211952, 31.18523295254174]]]}}, {"type": "Feature", "properties": {"unit_id": "SHWB_239", "case_name": "Shanghai West Bund", "space_type": "cultural_core"}, "geometry": {"type": "Polygon", "coordinates": [[[121.43097291411709, 31.18765596339352], [121.4345729141171, 31.18765596339352], [121.4345729141171, 31.19125596339352], [121.43097291411709, 31.19125596339352], [121.43097291411709, 31.18765596339352]]]}}, {"type": "Feature", "properties": {"unit_id": "SHWB_240", "case_name": "Shanghai West Bund", "space_type": "residential_edge"}, "geometry": {"type": "Polygon", "coordinates": [[[121.42704725802959, 31.188619985048046], [121.4306472580296, 31.188619985048046], [121.4306472580296, 31.192219985048045], [121.42704725802959, 31.192219985048045], [121.42704725802959, 31.188619985048046]]]}}, {"type": "Feature", "properties": {"unit_id": "SHWB_241", "case_name": "Shanghai West Bund", "space_type": "waterfront_core"}, "geometry": {"type": "Polygon", "coordinates": [[[121.4534327639197, 31.169934326963023], [121.4570327639197, 31.169934326963023], [121.4570327639197, 31.173534326963022], [121.4534327639197, 31.173534326963022], [121.4534327639197, 31.169934326963023]]]}}, {"type": "Feature", "properties": {"unit_id": "SHWB_242", "case_name": "Shanghai West Bund", "space_type": "waterfront_core"}, "geometry": {"type": "Polygon", "coordinates": [[[121.44501623679317, 31.16796301044779], [121.44861623679317, 31.16796301044779], [121.44861623679317, 31.171563010447787], [121.44501623679317, 31.171563010447787], [121.44501623679317, 31.16796301044779]]]}}, {"type": "Feature", "properties": {"unit_id": "SHWB_243", "case_name": "Shanghai West Bund", "space_type": "waterfront_core"}, "geometry": {"type": "Polygon", "coordinates": [[[121.43354569805635, 31.174442660204694], [121.43714569805636, 31.174442660204694], [121.43714569805636, 31.178042660204692], [121.43354569805635, 31.178042660204692], [121.43354569805635, 31.174442660204694]]]}}, {"type": "Feature", "properties": {"unit_id": "SHWB_244", "case_name": "Shanghai West Bund", "space_type": "residential_edge"}, "geometry": {"type": "Polygon", "coordinates": [[[121.475880871468, 31.175754728583485], [121.479480871468, 31.175754728583485], [121.479480871468, 31.179354728583483], [121.475880871468, 31.179354728583483], [121.475880871468, 31.175754728583485]]]}}, {"type": "Feature", "properties": {"unit_id": "SHWB_245", "case_name": "Shanghai West Bund", "space_type": "residential_edge"}, "geometry": {"type": "Polygon", "coordinates": [[[121.43974061138708, 31.177801956038522], [121.44334061138709, 31.177801956038522], [121.44334061138709, 31.18140195603852], [121.43974061138708, 31.18140195603852], [121.43974061138708, 31.177801956038522]]]}}, {"type": "Feature", "properties": {"unit_id": "SHWB_246", "case_name": "Shanghai West Bund", "space_type": "residential_edge"}, "geometry": {"type": "Polygon", "coordinates": [[[121.44333442887408, 31.188574159743997], [121.44693442887409, 31.188574159743997], [121.44693442887409, 31.192174159743995], [121.44333442887408, 31.192174159743995], [121.44333442887408, 31.188574159743997]]]}}, {"type": "Feature", "properties": {"unit_id": "SHWB_247", "case_name": "Shanghai West Bund", "space_type": "cultural_core"}, "geometry": {"type": "Polygon", "coordinates": [[[121.44540229929503, 31.199408343723285], [121.44900229929503, 31.199408343723285], [121.44900229929503, 31.203008343723283], [121.44540229929503, 31.203008343723283], [121.44540229929503, 31.199408343723285]]]}}, {"type": "Feature", "properties": {"unit_id": "SHWB_248", "case_name": "Shanghai West Bund", "space_type": "cultural_core"}, "geometry": {"type": "Polygon", "coordinates": [[[121.47762539997619, 31.19065725886449], [121.4812253999762, 31.19065725886449], [121.4812253999762, 31.19425725886449], [121.47762539997619, 31.19425725886449], [121.47762539997619, 31.19065725886449]]]}}, {"type": "Feature", "properties": {"unit_id": "SHWB_249", "case_name": "Shanghai West Bund", "space_type": "cultural_core"}, "geometry": {"type": "Polygon", "coordinates": [[[121.44776377738468, 31.1873479974588], [121.45136377738469, 31.1873479974588], [121.45136377738469, 31.1909479974588], [121.44776377738468, 31.1909479974588], [121.44776377738468, 31.1873479974588]]]}}, {"type": "Feature", "properties": {"unit_id": "SHWB_250", "case_name": "Shanghai West Bund", "space_type": "cultural_core"}, "geometry": {"type": "Polygon", "coordinates": [[[121.43709355921764, 31.18471925201352], [121.44069355921765, 31.18471925201352], [121.44069355921765, 31.188319252013518], [121.43709355921764, 31.188319252013518], [121.43709355921764, 31.18471925201352]]]}}, {"type": "Feature", "properties": {"unit_id": "SHWB_251", "case_name": "Shanghai West Bund", "space_type": "waterfront_core"}, "geometry": {"type": "Polygon", "coordinates": [[[121.41620946486658, 31.179766917015783], [121.41980946486659, 31.179766917015783], [121.41980946486659, 31.183366917015782], [121.41620946486658, 31.183366917015782], [121.41620946486658, 31.179766917015783]]]}}, {"type": "Feature", "properties": {"unit_id": "SHWB_252", "case_name": "Shanghai West Bund", "space_type": "waterfront_core"}, "geometry": {"type": "Polygon", "coordinates": [[[121.46125433986639, 31.173690414160525], [121.46485433986639, 31.173690414160525], [121.46485433986639, 31.177290414160524], [121.46125433986639, 31.177290414160524], [121.46125433986639, 31.173690414160525]]]}}, {"type": "Feature", "properties": {"unit_id": "SHWB_253", "case_name": "Shanghai West Bund", "space_type": "industrial_reuse_area"}, "geometry": {"type": "Polygon", "coordinates": [[[121.4555317343298, 31.178852155518506], [121.4591317343298, 31.178852155518506], [121.4591317343298, 31.182452155518504], [121.4555317343298, 31.182452155518504], [121.4555317343298, 31.178852155518506]]]}}, {"type": "Feature", "properties": {"unit_id": "SHWB_254", "case_name": "Shanghai West Bund", "space_type": "waterfront_core"}, "geometry": {"type": "Polygon", "coordinates": [[[121.4436283992012, 31.18126299033457], [121.44722839920121, 31.18126299033457], [121.44722839920121, 31.18486299033457], [121.4436283992012, 31.18486299033457], [121.4436283992012, 31.18126299033457]]]}}, {"type": "Feature", "properties": {"unit_id": "SHWB_255", "case_name": "Shanghai West Bund", "space_type": "residential_edge"}, "geometry": {"type": "Polygon", "coordinates": [[[121.44746751540998, 31.195001311217126], [121.45106751540999, 31.195001311217126], [121.45106751540999, 31.198601311217125], [121.44746751540998, 31.198601311217125], [121.44746751540998, 31.195001311217126]]]}}, {"type": "Feature", "properties": {"unit_id": "SHWB_256", "case_name": "Shanghai West Bund", "space_type": "industrial_reuse_area"}, "geometry": {"type": "Polygon", "coordinates": [[[121.46534856618588, 31.193926151030986], [121.46894856618589, 31.193926151030986], [121.46894856618589, 31.197526151030985], [121.46534856618588, 31.197526151030985], [121.46534856618588, 31.193926151030986]]]}}, {"type": "Feature", "properties": {"unit_id": "SHWB_257", "case_name": "Shanghai West Bund", "space_type": "industrial_reuse_area"}, "geometry": {"type": "Polygon", "coordinates": [[[121.4512413213555, 31.180263049174574], [121.4548413213555, 31.180263049174574], [121.4548413213555, 31.183863049174573], [121.4512413213555, 31.183863049174573], [121.4512413213555, 31.180263049174574]]]}}, {"type": "Feature", "properties": {"unit_id": "SHWB_258", "case_name": "Shanghai West Bund", "space_type": "waterfront_core"}, "geometry": {"type": "Polygon", "coordinates": [[[121.43554866796453, 31.181348057091224], [121.43914866796453, 31.181348057091224], [121.43914866796453, 31.184948057091223], [121.43554866796453, 31.184948057091223], [121.43554866796453, 31.181348057091224]]]}}, {"type": "Feature", "properties": {"unit_id": "SHWB_259", "case_name": "Shanghai West Bund", "space_type": "waterfront_core"}, "geometry": {"type": "Polygon", "coordinates": [[[121.4523584835508, 31.180513408287933], [121.4559584835508, 31.180513408287933], [121.4559584835508, 31.18411340828793], [121.4523584835508, 31.18411340828793], [121.4523584835508, 31.180513408287933]]]}}, {"type": "Feature", "properties": {"unit_id": "SHWB_260", "case_name": "Shanghai West Bund", "space_type": "industrial_reuse_area"}, "geometry": {"type": "Polygon", "coordinates": [[[121.44087876205155, 31.18599171258409], [121.44447876205156, 31.18599171258409], [121.44447876205156, 31.18959171258409], [121.44087876205155, 31.18959171258409], [121.44087876205155, 31.18599171258409]]]}}, {"type": "Feature", "properties": {"unit_id": "SHWB_261", "case_name": "Shanghai West Bund", "space_type": "waterfront_core"}, "geometry": {"type": "Polygon", "coordinates": [[[121.44254675810262, 31.19195121484705], [121.44614675810263, 31.19195121484705], [121.44614675810263, 31.19555121484705], [121.44254675810262, 31.19555121484705], [121.44254675810262, 31.19195121484705]]]}}, {"type": "Feature", "properties": {"unit_id": "SHWB_262", "case_name": "Shanghai West Bund", "space_type": "industrial_reuse_area"}, "geometry": {"type": "Polygon", "coordinates": [[[121.43448670192505, 31.180156565544614], [121.43808670192506, 31.180156565544614], [121.43808670192506, 31.183756565544613], [121.43448670192505, 31.183756565544613], [121.43448670192505, 31.180156565544614]]]}}, {"type": "Feature", "properties": {"unit_id": "SHWB_263", "case_name": "Shanghai West Bund", "space_type": "cultural_core"}, "geometry": {"type": "Polygon", "coordinates": [[[121.47005301215829, 31.181557774273408], [121.4736530121583, 31.181557774273408], [121.4736530121583, 31.185157774273407], [121.47005301215829, 31.185157774273407], [121.47005301215829, 31.181557774273408]]]}}, {"type": "Feature", "properties": {"unit_id": "SHWB_264", "case_name": "Shanghai West Bund", "space_type": "waterfront_core"}, "geometry": {"type": "Polygon", "coordinates": [[[121.4522861912221, 31.170005926048145], [121.4558861912221, 31.170005926048145], [121.4558861912221, 31.173605926048143], [121.4522861912221, 31.173605926048143], [121.4522861912221, 31.170005926048145]]]}}, {"type": "Feature", "properties": {"unit_id": "SHWB_265", "case_name": "Shanghai West Bund", "space_type": "waterfront_core"}, "geometry": {"type": "Polygon", "coordinates": [[[121.45116353994999, 31.152257732242347], [121.45476353995, 31.152257732242347], [121.45476353995, 31.155857732242346], [121.45116353994999, 31.155857732242346], [121.45116353994999, 31.152257732242347]]]}}, {"type": "Feature", "properties": {"unit_id": "SHWB_266", "case_name": "Shanghai West Bund", "space_type": "industrial_reuse_area"}, "geometry": {"type": "Polygon", "coordinates": [[[121.45249055781515, 31.187044273175818], [121.45609055781516, 31.187044273175818], [121.45609055781516, 31.190644273175817], [121.45249055781515, 31.190644273175817], [121.45249055781515, 31.187044273175818]]]}}, {"type": "Feature", "properties": {"unit_id": "SHWB_267", "case_name": "Shanghai West Bund", "space_type": "waterfront_core"}, "geometry": {"type": "Polygon", "coordinates": [[[121.43706532330201, 31.186102574412246], [121.44066532330201, 31.186102574412246], [121.44066532330201, 31.189702574412244], [121.43706532330201, 31.189702574412244], [121.43706532330201, 31.186102574412246]]]}}, {"type": "Feature", "properties": {"unit_id": "SHWB_268", "case_name": "Shanghai West Bund", "space_type": "waterfront_core"}, "geometry": {"type": "Polygon", "coordinates": [[[121.43690981510213, 31.196992834697685], [121.44050981510213, 31.196992834697685], [121.44050981510213, 31.200592834697684], [121.43690981510213, 31.200592834697684], [121.43690981510213, 31.196992834697685]]]}}, {"type": "Feature", "properties": {"unit_id": "SHWB_269", "case_name": "Shanghai West Bund", "space_type": "industrial_reuse_area"}, "geometry": {"type": "Polygon", "coordinates": [[[121.43871973285496, 31.18575081106685], [121.44231973285497, 31.18575081106685], [121.44231973285497, 31.18935081106685], [121.43871973285496, 31.18935081106685], [121.43871973285496, 31.18575081106685]]]}}, {"type": "Feature", "properties": {"unit_id": "SHWB_270", "case_name": "Shanghai West Bund", "space_type": "industrial_reuse_area"}, "geometry": {"type": "Polygon", "coordinates": [[[121.46315813477585, 31.18203426808737], [121.46675813477586, 31.18203426808737], [121.46675813477586, 31.18563426808737], [121.46315813477585, 31.18563426808737], [121.46315813477585, 31.18203426808737]]]}}, {"type": "Feature", "properties": {"unit_id": "SHWB_271", "case_name": "Shanghai West Bund", "space_type": "waterfront_core"}, "geometry": {"type": "Polygon", "coordinates": [[[121.46973382442555, 31.18156718469259], [121.47333382442555, 31.18156718469259], [121.47333382442555, 31.185167184692588], [121.46973382442555, 31.185167184692588], [121.46973382442555, 31.18156718469259]]]}}, {"type": "Feature", "properties": {"unit_id": "SHWB_272", "case_name": "Shanghai West Bund", "space_type": "industrial_reuse_area"}, "geometry": {"type": "Polygon", "coordinates": [[[121.43103324925389, 31.174474683934708], [121.43463324925389, 31.174474683934708], [121.43463324925389, 31.178074683934707], [121.43103324925389, 31.178074683934707], [121.43103324925389, 31.174474683934708]]]}}, {"type": "Feature", "properties": {"unit_id": "SHWB_273", "case_name": "Shanghai West Bund", "space_type": "waterfront_core"}, "geometry": {"type": "Polygon", "coordinates": [[[121.44536845842231, 31.1991208578497], [121.44896845842231, 31.1991208578497], [121.44896845842231, 31.202720857849698], [121.44536845842231, 31.202720857849698], [121.44536845842231, 31.1991208578497]]]}}, {"type": "Feature", "properties": {"unit_id": "SHWB_274", "case_name": "Shanghai West Bund", "space_type": "waterfront_core"}, "geometry": {"type": "Polygon", "coordinates": [[[121.45841128450532, 31.177471284015706], [121.46201128450532, 31.177471284015706], [121.46201128450532, 31.181071284015704], [121.45841128450532, 31.181071284015704], [121.45841128450532, 31.177471284015706]]]}}, {"type": "Feature", "properties": {"unit_id": "SHWB_275", "case_name": "Shanghai West Bund", "space_type": "waterfront_core"}, "geometry": {"type": "Polygon", "coordinates": [[[121.45584476217242, 31.184344894348364], [121.45944476217242, 31.184344894348364], [121.45944476217242, 31.187944894348362], [121.45584476217242, 31.187944894348362], [121.45584476217242, 31.184344894348364]]]}}, {"type": "Feature", "properties": {"unit_id": "SHWB_276", "case_name": "Shanghai West Bund", "space_type": "industrial_reuse_area"}, "geometry": {"type": "Polygon", "coordinates": [[[121.45921173891105, 31.18005604990479], [121.46281173891106, 31.18005604990479], [121.46281173891106, 31.183656049904787], [121.45921173891105, 31.183656049904787], [121.45921173891105, 31.18005604990479]]]}}, {"type": "Feature", "properties": {"unit_id": "SHWB_277", "case_name": "Shanghai West Bund", "space_type": "industrial_reuse_area"}, "geometry": {"type": "Polygon", "coordinates": [[[121.4404386165324, 31.187837513564364], [121.44403861653241, 31.187837513564364], [121.44403861653241, 31.191437513564363], [121.4404386165324, 31.191437513564363], [121.4404386165324, 31.187837513564364]]]}}, {"type": "Feature", "properties": {"unit_id": "SHWB_278", "case_name": "Shanghai West Bund", "space_type": "industrial_reuse_area"}, "geometry": {"type": "Polygon", "coordinates": [[[121.45163909911757, 31.172307033127968], [121.45523909911758, 31.172307033127968], [121.45523909911758, 31.175907033127967], [121.45163909911757, 31.175907033127967], [121.45163909911757, 31.172307033127968]]]}}, {"type": "Feature", "properties": {"unit_id": "SHWB_279", "case_name": "Shanghai West Bund", "space_type": "industrial_reuse_area"}, "geometry": {"type": "Polygon", "coordinates": [[[121.44084520117498, 31.146418786752008], [121.44444520117499, 31.146418786752008], [121.44444520117499, 31.150018786752007], [121.44084520117498, 31.150018786752007], [121.44084520117498, 31.146418786752008]]]}}, {"type": "Feature", "properties": {"unit_id": "SHWB_280", "case_name": "Shanghai West Bund", "space_type": "cultural_core"}, "geometry": {"type": "Polygon", "coordinates": [[[121.44656740017484, 31.180173737138798], [121.45016740017485, 31.180173737138798], [121.45016740017485, 31.183773737138797], [121.44656740017484, 31.183773737138797], [121.44656740017484, 31.180173737138798]]]}}, {"type": "Feature", "properties": {"unit_id": "SHWB_281", "case_name": "Shanghai West Bund", "space_type": "industrial_reuse_area"}, "geometry": {"type": "Polygon", "coordinates": [[[121.44184614121049, 31.19106943062733], [121.4454461412105, 31.19106943062733], [121.4454461412105, 31.19466943062733], [121.44184614121049, 31.19466943062733], [121.44184614121049, 31.19106943062733]]]}}, {"type": "Feature", "properties": {"unit_id": "SHWB_282", "case_name": "Shanghai West Bund", "space_type": "industrial_reuse_area"}, "geometry": {"type": "Polygon", "coordinates": [[[121.45731939213073, 31.17851900281468], [121.46091939213073, 31.17851900281468], [121.46091939213073, 31.18211900281468], [121.45731939213073, 31.18211900281468], [121.45731939213073, 31.17851900281468]]]}}, {"type": "Feature", "properties": {"unit_id": "SHWB_283", "case_name": "Shanghai West Bund", "space_type": "residential_edge"}, "geometry": {"type": "Polygon", "coordinates": [[[121.45945185362031, 31.182201937088227], [121.46305185362031, 31.182201937088227], [121.46305185362031, 31.185801937088225], [121.45945185362031, 31.185801937088225], [121.45945185362031, 31.182201937088227]]]}}, {"type": "Feature", "properties": {"unit_id": "SHWB_284", "case_name": "Shanghai West Bund", "space_type": "industrial_reuse_area"}, "geometry": {"type": "Polygon", "coordinates": [[[121.44663461914202, 31.190900610695795], [121.45023461914202, 31.190900610695795], [121.45023461914202, 31.194500610695794], [121.44663461914202, 31.194500610695794], [121.44663461914202, 31.190900610695795]]]}}, {"type": "Feature", "properties": {"unit_id": "SHWB_285", "case_name": "Shanghai West Bund", "space_type": "cultural_core"}, "geometry": {"type": "Polygon", "coordinates": [[[121.43891271196766, 31.185987238815578], [121.44251271196767, 31.185987238815578], [121.44251271196767, 31.189587238815577], [121.43891271196766, 31.189587238815577], [121.43891271196766, 31.185987238815578]]]}}, {"type": "Feature", "properties": {"unit_id": "SHWB_286", "case_name": "Shanghai West Bund", "space_type": "cultural_core"}, "geometry": {"type": "Polygon", "coordinates": [[[121.43227487163725, 31.173023477581822], [121.43587487163725, 31.173023477581822], [121.43587487163725, 31.17662347758182], [121.43227487163725, 31.17662347758182], [121.43227487163725, 31.173023477581822]]]}}, {"type": "Feature", "properties": {"unit_id": "SHWB_287", "case_name": "Shanghai West Bund", "space_type": "waterfront_core"}, "geometry": {"type": "Polygon", "coordinates": [[[121.4453844016168, 31.178898850836855], [121.44898440161681, 31.178898850836855], [121.44898440161681, 31.182498850836854], [121.4453844016168, 31.182498850836854], [121.4453844016168, 31.178898850836855]]]}}, {"type": "Feature", "properties": {"unit_id": "SHWB_288", "case_name": "Shanghai West Bund", "space_type": "cultural_core"}, "geometry": {"type": "Polygon", "coordinates": [[[121.43964021911543, 31.188551758735557], [121.44324021911544, 31.188551758735557], [121.44324021911544, 31.192151758735555], [121.43964021911543, 31.192151758735555], [121.43964021911543, 31.188551758735557]]]}}, {"type": "Feature", "properties": {"unit_id": "SHWB_289", "case_name": "Shanghai West Bund", "space_type": "cultural_core"}, "geometry": {"type": "Polygon", "coordinates": [[[121.44712933092887, 31.179192588669057], [121.45072933092888, 31.179192588669057], [121.45072933092888, 31.182792588669056], [121.44712933092887, 31.182792588669056], [121.44712933092887, 31.179192588669057]]]}}, {"type": "Feature", "properties": {"unit_id": "SHWB_290", "case_name": "Shanghai West Bund", "space_type": "waterfront_core"}, "geometry": {"type": "Polygon", "coordinates": [[[121.44467776274399, 31.169897789057703], [121.448277762744, 31.169897789057703], [121.448277762744, 31.173497789057702], [121.44467776274399, 31.173497789057702], [121.44467776274399, 31.169897789057703]]]}}, {"type": "Feature", "properties": {"unit_id": "SHWB_291", "case_name": "Shanghai West Bund", "space_type": "waterfront_core"}, "geometry": {"type": "Polygon", "coordinates": [[[121.4431603973863, 31.17480503068003], [121.4467603973863, 31.17480503068003], [121.4467603973863, 31.17840503068003], [121.4431603973863, 31.17840503068003], [121.4431603973863, 31.17480503068003]]]}}, {"type": "Feature", "properties": {"unit_id": "SHWB_292", "case_name": "Shanghai West Bund", "space_type": "waterfront_core"}, "geometry": {"type": "Polygon", "coordinates": [[[121.44209247238902, 31.192225573563462], [121.44569247238903, 31.192225573563462], [121.44569247238903, 31.19582557356346], [121.44209247238902, 31.19582557356346], [121.44209247238902, 31.192225573563462]]]}}, {"type": "Feature", "properties": {"unit_id": "SHWB_293", "case_name": "Shanghai West Bund", "space_type": "cultural_core"}, "geometry": {"type": "Polygon", "coordinates": [[[121.44826400171917, 31.185674758676864], [121.45186400171917, 31.185674758676864], [121.45186400171917, 31.189274758676863], [121.44826400171917, 31.189274758676863], [121.44826400171917, 31.185674758676864]]]}}, {"type": "Feature", "properties": {"unit_id": "SHWB_294", "case_name": "Shanghai West Bund", "space_type": "waterfront_core"}, "geometry": {"type": "Polygon", "coordinates": [[[121.44995990027422, 31.17247747684281], [121.45355990027423, 31.17247747684281], [121.45355990027423, 31.17607747684281], [121.44995990027422, 31.17607747684281], [121.44995990027422, 31.17247747684281]]]}}, {"type": "Feature", "properties": {"unit_id": "SHWB_295", "case_name": "Shanghai West Bund", "space_type": "industrial_reuse_area"}, "geometry": {"type": "Polygon", "coordinates": [[[121.47006691073327, 31.198059659371005], [121.47366691073327, 31.198059659371005], [121.47366691073327, 31.201659659371003], [121.47006691073327, 31.201659659371003], [121.47006691073327, 31.198059659371005]]]}}, {"type": "Feature", "properties": {"unit_id": "SHWB_296", "case_name": "Shanghai West Bund", "space_type": "waterfront_core"}, "geometry": {"type": "Polygon", "coordinates": [[[121.44346307846043, 31.183494652246143], [121.44706307846043, 31.183494652246143], [121.44706307846043, 31.18709465224614], [121.44346307846043, 31.18709465224614], [121.44346307846043, 31.183494652246143]]]}}, {"type": "Feature", "properties": {"unit_id": "SHWB_297", "case_name": "Shanghai West Bund", "space_type": "industrial_reuse_area"}, "geometry": {"type": "Polygon", "coordinates": [[[121.43511164291168, 31.181528329000486], [121.43871164291168, 31.181528329000486], [121.43871164291168, 31.185128329000484], [121.43511164291168, 31.185128329000484], [121.43511164291168, 31.181528329000486]]]}}, {"type": "Feature", "properties": {"unit_id": "SHWB_298", "case_name": "Shanghai West Bund", "space_type": "waterfront_core"}, "geometry": {"type": "Polygon", "coordinates": [[[121.45456452336508, 31.18358533409747], [121.45816452336508, 31.18358533409747], [121.45816452336508, 31.187185334097467], [121.45456452336508, 31.187185334097467], [121.45456452336508, 31.18358533409747]]]}}, {"type": "Feature", "properties": {"unit_id": "SHWB_299", "case_name": "Shanghai West Bund", "space_type": "waterfront_core"}, "geometry": {"type": "Polygon", "coordinates": [[[121.45133463503589, 31.173359786579546], [121.4549346350359, 31.173359786579546], [121.4549346350359, 31.176959786579545], [121.45133463503589, 31.176959786579545], [121.45133463503589, 31.173359786579546]]]}}, {"type": "Feature", "properties": {"unit_id": "SHWB_300", "case_name": "Shanghai West Bund", "space_type": "cultural_core"}, "geometry": {"type": "Polygon", "coordinates": [[[121.45131860029625, 31.185835352046077], [121.45491860029625, 31.185835352046077], [121.45491860029625, 31.189435352046075], [121.45131860029625, 31.189435352046075], [121.45131860029625, 31.185835352046077]]]}}, {"type": "Feature", "properties": {"unit_id": "QZSTM_001", "case_name": "Quzhou Shuitingmen Historical District", "space_type": "tourism_core"}, "geometry": {"type": "Polygon", "coordinates": [[[118.86604046162113, 28.965595400791507], [118.86964046162113, 28.965595400791507], [118.86964046162113, 28.969195400791506], [118.86604046162113, 28.969195400791506], [118.86604046162113, 28.965595400791507]]]}}, {"type": "Feature", "properties": {"unit_id": "QZSTM_002", "case_name": "Quzhou Shuitingmen Historical District", "space_type": "local_life_area"}, "geometry": {"type": "Polygon", "coordinates": [[[118.84574648553695, 28.94836879633633], [118.84934648553696, 28.94836879633633], [118.84934648553696, 28.951968796336327], [118.84574648553695, 28.951968796336327], [118.84574648553695, 28.94836879633633]]]}}, {"type": "Feature", "properties": {"unit_id": "QZSTM_003", "case_name": "Quzhou Shuitingmen Historical District", "space_type": "tourism_core"}, "geometry": {"type": "Polygon", "coordinates": [[[118.85086519912026, 28.968655933325806], [118.85446519912027, 28.968655933325806], [118.85446519912027, 28.972255933325805], [118.85086519912026, 28.972255933325805], [118.85086519912026, 28.968655933325806]]]}}, {"type": "Feature", "properties": {"unit_id": "QZSTM_004", "case_name": "Quzhou Shuitingmen Historical District", "space_type": "tourism_core"}, "geometry": {"type": "Polygon", "coordinates": [[[118.86273567665862, 28.97210409994557], [118.86633567665862, 28.97210409994557], [118.86633567665862, 28.97570409994557], [118.86273567665862, 28.97570409994557], [118.86273567665862, 28.97210409994557]]]}}, {"type": "Feature", "properties": {"unit_id": "QZSTM_005", "case_name": "Quzhou Shuitingmen Historical District", "space_type": "tourism_core"}, "geometry": {"type": "Polygon", "coordinates": [[[118.86731800030812, 28.97731488617628], [118.87091800030812, 28.97731488617628], [118.87091800030812, 28.98091488617628], [118.86731800030812, 28.98091488617628], [118.86731800030812, 28.97731488617628]]]}}, {"type": "Feature", "properties": {"unit_id": "QZSTM_006", "case_name": "Quzhou Shuitingmen Historical District", "space_type": "heritage_core"}, "geometry": {"type": "Polygon", "coordinates": [[[118.88519729059654, 28.96371595571874], [118.88879729059654, 28.96371595571874], [118.88879729059654, 28.96731595571874], [118.88519729059654, 28.96731595571874], [118.88519729059654, 28.96371595571874]]]}}, {"type": "Feature", "properties": {"unit_id": "QZSTM_007", "case_name": "Quzhou Shuitingmen Historical District", "space_type": "tourism_core"}, "geometry": {"type": "Polygon", "coordinates": [[[118.86687707582142, 28.97736505676696], [118.87047707582143, 28.97736505676696], [118.87047707582143, 28.98096505676696], [118.86687707582142, 28.98096505676696], [118.86687707582142, 28.97736505676696]]]}}, {"type": "Feature", "properties": {"unit_id": "QZSTM_008", "case_name": "Quzhou Shuitingmen Historical District", "space_type": "tourism_core"}, "geometry": {"type": "Polygon", "coordinates": [[[118.85426120078523, 28.96571266007796], [118.85786120078524, 28.96571266007796], [118.85786120078524, 28.969312660077957], [118.85426120078523, 28.969312660077957], [118.85426120078523, 28.96571266007796]]]}}, {"type": "Feature", "properties": {"unit_id": "QZSTM_009", "case_name": "Quzhou Shuitingmen Historical District", "space_type": "local_life_area"}, "geometry": {"type": "Polygon", "coordinates": [[[118.85442971225116, 28.974033985316087], [118.85802971225117, 28.974033985316087], [118.85802971225117, 28.977633985316086], [118.85442971225116, 28.977633985316086], [118.85442971225116, 28.974033985316087]]]}}, {"type": "Feature", "properties": {"unit_id": "QZSTM_010", "case_name": "Quzhou Shuitingmen Historical District", "space_type": "local_life_area"}, "geometry": {"type": "Polygon", "coordinates": [[[118.85568574899885, 28.97396785340576], [118.85928574899886, 28.97396785340576], [118.85928574899886, 28.97756785340576], [118.85568574899885, 28.97756785340576], [118.85568574899885, 28.97396785340576]]]}}, {"type": "Feature", "properties": {"unit_id": "QZSTM_011", "case_name": "Quzhou Shuitingmen Historical District", "space_type": "heritage_core"}, "geometry": {"type": "Polygon", "coordinates": [[[118.8518683493556, 28.980393798393056], [118.8554683493556, 28.980393798393056], [118.8554683493556, 28.983993798393055], [118.8518683493556, 28.983993798393055], [118.8518683493556, 28.980393798393056]]]}}, {"type": "Feature", "properties": {"unit_id": "QZSTM_012", "case_name": "Quzhou Shuitingmen Historical District", "space_type": "cultural_core"}, "geometry": {"type": "Polygon", "coordinates": [[[118.87011523247381, 28.966237175623288], [118.87371523247381, 28.966237175623288], [118.87371523247381, 28.969837175623287], [118.87011523247381, 28.969837175623287], [118.87011523247381, 28.966237175623288]]]}}, {"type": "Feature", "properties": {"unit_id": "QZSTM_013", "case_name": "Quzhou Shuitingmen Historical District", "space_type": "tourism_core"}, "geometry": {"type": "Polygon", "coordinates": [[[118.87861674164138, 28.954853315378553], [118.88221674164139, 28.954853315378553], [118.88221674164139, 28.958453315378552], [118.87861674164138, 28.958453315378552], [118.87861674164138, 28.954853315378553]]]}}, {"type": "Feature", "properties": {"unit_id": "QZSTM_014", "case_name": "Quzhou Shuitingmen Historical District", "space_type": "tourism_core"}, "geometry": {"type": "Polygon", "coordinates": [[[118.87130714205593, 28.957736549704947], [118.87490714205593, 28.957736549704947], [118.87490714205593, 28.961336549704946], [118.87130714205593, 28.961336549704946], [118.87130714205593, 28.957736549704947]]]}}, {"type": "Feature", "properties": {"unit_id": "QZSTM_015", "case_name": "Quzhou Shuitingmen Historical District", "space_type": "tourism_core"}, "geometry": {"type": "Polygon", "coordinates": [[[118.86008114913226, 28.97404826790305], [118.86368114913226, 28.97404826790305], [118.86368114913226, 28.97764826790305], [118.86008114913226, 28.97764826790305], [118.86008114913226, 28.97404826790305]]]}}, {"type": "Feature", "properties": {"unit_id": "QZSTM_016", "case_name": "Quzhou Shuitingmen Historical District", "space_type": "tourism_core"}, "geometry": {"type": "Polygon", "coordinates": [[[118.84312956547029, 28.972944259383034], [118.8467295654703, 28.972944259383034], [118.8467295654703, 28.976544259383033], [118.84312956547029, 28.976544259383033], [118.84312956547029, 28.972944259383034]]]}}, {"type": "Feature", "properties": {"unit_id": "QZSTM_017", "case_name": "Quzhou Shuitingmen Historical District", "space_type": "tourism_core"}, "geometry": {"type": "Polygon", "coordinates": [[[118.86829152038011, 28.96010485057781], [118.87189152038012, 28.96010485057781], [118.87189152038012, 28.96370485057781], [118.86829152038011, 28.96370485057781], [118.86829152038011, 28.96010485057781]]]}}, {"type": "Feature", "properties": {"unit_id": "QZSTM_018", "case_name": "Quzhou Shuitingmen Historical District", "space_type": "local_life_area"}, "geometry": {"type": "Polygon", "coordinates": [[[118.86558970118507, 28.980722677788624], [118.86918970118508, 28.980722677788624], [118.86918970118508, 28.984322677788622], [118.86558970118507, 28.984322677788622], [118.86558970118507, 28.980722677788624]]]}}, {"type": "Feature", "properties": {"unit_id": "QZSTM_019", "case_name": "Quzhou Shuitingmen Historical District", "space_type": "heritage_core"}, "geometry": {"type": "Polygon", "coordinates": [[[118.8622106218743, 28.9706964466523], [118.8658106218743, 28.9706964466523], [118.8658106218743, 28.9742964466523], [118.8622106218743, 28.9742964466523], [118.8622106218743, 28.9706964466523]]]}}, {"type": "Feature", "properties": {"unit_id": "QZSTM_020", "case_name": "Quzhou Shuitingmen Historical District", "space_type": "heritage_core"}, "geometry": {"type": "Polygon", "coordinates": [[[118.86135430816799, 28.980408310013118], [118.864954308168, 28.980408310013118], [118.864954308168, 28.984008310013117], [118.86135430816799, 28.984008310013117], [118.86135430816799, 28.980408310013118]]]}}, {"type": "Feature", "properties": {"unit_id": "QZSTM_021", "case_name": "Quzhou Shuitingmen Historical District", "space_type": "local_life_area"}, "geometry": {"type": "Polygon", "coordinates": [[[118.86236122404033, 28.9598705388569], [118.86596122404033, 28.9598705388569], [118.86596122404033, 28.9634705388569], [118.86236122404033, 28.9634705388569], [118.86236122404033, 28.9598705388569]]]}}, {"type": "Feature", "properties": {"unit_id": "QZSTM_022", "case_name": "Quzhou Shuitingmen Historical District", "space_type": "tourism_core"}, "geometry": {"type": "Polygon", "coordinates": [[[118.84327037978952, 28.96594076038913], [118.84687037978952, 28.96594076038913], [118.84687037978952, 28.96954076038913], [118.84327037978952, 28.96954076038913], [118.84327037978952, 28.96594076038913]]]}}, {"type": "Feature", "properties": {"unit_id": "QZSTM_023", "case_name": "Quzhou Shuitingmen Historical District", "space_type": "tourism_core"}, "geometry": {"type": "Polygon", "coordinates": [[[118.83277835031798, 28.973726534673677], [118.83637835031799, 28.973726534673677], [118.83637835031799, 28.977326534673676], [118.83277835031798, 28.977326534673676], [118.83277835031798, 28.973726534673677]]]}}, {"type": "Feature", "properties": {"unit_id": "QZSTM_024", "case_name": "Quzhou Shuitingmen Historical District", "space_type": "tourism_core"}, "geometry": {"type": "Polygon", "coordinates": [[[118.87445570709781, 28.953175894394285], [118.87805570709781, 28.953175894394285], [118.87805570709781, 28.956775894394283], [118.87445570709781, 28.956775894394283], [118.87445570709781, 28.953175894394285]]]}}, {"type": "Feature", "properties": {"unit_id": "QZSTM_025", "case_name": "Quzhou Shuitingmen Historical District", "space_type": "cultural_core"}, "geometry": {"type": "Polygon", "coordinates": [[[118.85449892622384, 28.9596118979004], [118.85809892622385, 28.9596118979004], [118.85809892622385, 28.963211897900397], [118.85449892622384, 28.963211897900397], [118.85449892622384, 28.9596118979004]]]}}, {"type": "Feature", "properties": {"unit_id": "QZSTM_026", "case_name": "Quzhou Shuitingmen Historical District", "space_type": "local_life_area"}, "geometry": {"type": "Polygon", "coordinates": [[[118.88301134068664, 28.976689466789022], [118.88661134068664, 28.976689466789022], [118.88661134068664, 28.98028946678902], [118.88301134068664, 28.98028946678902], [118.88301134068664, 28.976689466789022]]]}}, {"type": "Feature", "properties": {"unit_id": "QZSTM_027", "case_name": "Quzhou Shuitingmen Historical District", "space_type": "tourism_core"}, "geometry": {"type": "Polygon", "coordinates": [[[118.84995659115151, 28.966961425165504], [118.85355659115152, 28.966961425165504], [118.85355659115152, 28.970561425165503], [118.84995659115151, 28.970561425165503], [118.84995659115151, 28.966961425165504]]]}}, {"type": "Feature", "properties": {"unit_id": "QZSTM_028", "case_name": "Quzhou Shuitingmen Historical District", "space_type": "heritage_core"}, "geometry": {"type": "Polygon", "coordinates": [[[118.87863589609057, 28.949157664856852], [118.88223589609058, 28.949157664856852], [118.88223589609058, 28.95275766485685], [118.87863589609057, 28.95275766485685], [118.87863589609057, 28.949157664856852]]]}}, {"type": "Feature", "properties": {"unit_id": "QZSTM_029", "case_name": "Quzhou Shuitingmen Historical District", "space_type": "heritage_core"}, "geometry": {"type": "Polygon", "coordinates": [[[118.86999498187073, 28.980610876741867], [118.87359498187074, 28.980610876741867], [118.87359498187074, 28.984210876741866], [118.86999498187073, 28.984210876741866], [118.86999498187073, 28.980610876741867]]]}}, {"type": "Feature", "properties": {"unit_id": "QZSTM_030", "case_name": "Quzhou Shuitingmen Historical District", "space_type": "cultural_core"}, "geometry": {"type": "Polygon", "coordinates": [[[118.87181323825101, 28.975540406508294], [118.87541323825101, 28.975540406508294], [118.87541323825101, 28.979140406508293], [118.87181323825101, 28.979140406508293], [118.87181323825101, 28.975540406508294]]]}}, {"type": "Feature", "properties": {"unit_id": "QZSTM_031", "case_name": "Quzhou Shuitingmen Historical District", "space_type": "cultural_core"}, "geometry": {"type": "Polygon", "coordinates": [[[118.87414234185752, 28.973291409610756], [118.87774234185753, 28.973291409610756], [118.87774234185753, 28.976891409610754], [118.87414234185752, 28.976891409610754], [118.87414234185752, 28.973291409610756]]]}}, {"type": "Feature", "properties": {"unit_id": "QZSTM_032", "case_name": "Quzhou Shuitingmen Historical District", "space_type": "cultural_core"}, "geometry": {"type": "Polygon", "coordinates": [[[118.84226295795361, 28.95720272204606], [118.84586295795361, 28.95720272204606], [118.84586295795361, 28.960802722046058], [118.84226295795361, 28.960802722046058], [118.84226295795361, 28.95720272204606]]]}}, {"type": "Feature", "properties": {"unit_id": "QZSTM_033", "case_name": "Quzhou Shuitingmen Historical District", "space_type": "local_life_area"}, "geometry": {"type": "Polygon", "coordinates": [[[118.89329623617512, 28.979006451057586], [118.89689623617512, 28.979006451057586], [118.89689623617512, 28.982606451057585], [118.89329623617512, 28.982606451057585], [118.89329623617512, 28.979006451057586]]]}}, {"type": "Feature", "properties": {"unit_id": "QZSTM_034", "case_name": "Quzhou Shuitingmen Historical District", "space_type": "tourism_core"}, "geometry": {"type": "Polygon", "coordinates": [[[118.8532834008631, 28.979705978929516], [118.85688340086311, 28.979705978929516], [118.85688340086311, 28.983305978929515], [118.8532834008631, 28.983305978929515], [118.8532834008631, 28.979705978929516]]]}}, {"type": "Feature", "properties": {"unit_id": "QZSTM_035", "case_name": "Quzhou Shuitingmen Historical District", "space_type": "tourism_core"}, "geometry": {"type": "Polygon", "coordinates": [[[118.85633035675814, 28.969264995688437], [118.85993035675814, 28.969264995688437], [118.85993035675814, 28.972864995688436], [118.85633035675814, 28.972864995688436], [118.85633035675814, 28.969264995688437]]]}}, {"type": "Feature", "properties": {"unit_id": "QZSTM_036", "case_name": "Quzhou Shuitingmen Historical District", "space_type": "cultural_core"}, "geometry": {"type": "Polygon", "coordinates": [[[118.859795125096, 28.983397851378395], [118.863395125096, 28.983397851378395], [118.863395125096, 28.986997851378394], [118.859795125096, 28.986997851378394], [118.859795125096, 28.983397851378395]]]}}, {"type": "Feature", "properties": {"unit_id": "QZSTM_037", "case_name": "Quzhou Shuitingmen Historical District", "space_type": "heritage_core"}, "geometry": {"type": "Polygon", "coordinates": [[[118.87678238245205, 28.972011004603527], [118.88038238245205, 28.972011004603527], [118.88038238245205, 28.975611004603525], [118.87678238245205, 28.975611004603525], [118.87678238245205, 28.972011004603527]]]}}, {"type": "Feature", "properties": {"unit_id": "QZSTM_038", "case_name": "Quzhou Shuitingmen Historical District", "space_type": "local_life_area"}, "geometry": {"type": "Polygon", "coordinates": [[[118.8529493462574, 28.959442999178552], [118.85654934625741, 28.959442999178552], [118.85654934625741, 28.96304299917855], [118.8529493462574, 28.96304299917855], [118.8529493462574, 28.959442999178552]]]}}, {"type": "Feature", "properties": {"unit_id": "QZSTM_039", "case_name": "Quzhou Shuitingmen Historical District", "space_type": "tourism_core"}, "geometry": {"type": "Polygon", "coordinates": [[[118.87223286776491, 28.966518823906426], [118.87583286776491, 28.966518823906426], [118.87583286776491, 28.970118823906425], [118.87223286776491, 28.970118823906425], [118.87223286776491, 28.966518823906426]]]}}, {"type": "Feature", "properties": {"unit_id": "QZSTM_040", "case_name": "Quzhou Shuitingmen Historical District", "space_type": "tourism_core"}, "geometry": {"type": "Polygon", "coordinates": [[[118.88150569911907, 28.979891062487834], [118.88510569911908, 28.979891062487834], [118.88510569911908, 28.983491062487833], [118.88150569911907, 28.983491062487833], [118.88150569911907, 28.979891062487834]]]}}, {"type": "Feature", "properties": {"unit_id": "QZSTM_041", "case_name": "Quzhou Shuitingmen Historical District", "space_type": "tourism_core"}, "geometry": {"type": "Polygon", "coordinates": [[[118.83208567162814, 28.97717062825481], [118.83568567162814, 28.97717062825481], [118.83568567162814, 28.98077062825481], [118.83208567162814, 28.98077062825481], [118.83208567162814, 28.97717062825481]]]}}, {"type": "Feature", "properties": {"unit_id": "QZSTM_042", "case_name": "Quzhou Shuitingmen Historical District", "space_type": "tourism_core"}, "geometry": {"type": "Polygon", "coordinates": [[[118.86850391569993, 28.976302617020984], [118.87210391569994, 28.976302617020984], [118.87210391569994, 28.979902617020983], [118.86850391569993, 28.979902617020983], [118.86850391569993, 28.976302617020984]]]}}, {"type": "Feature", "properties": {"unit_id": "QZSTM_043", "case_name": "Quzhou Shuitingmen Historical District", "space_type": "local_life_area"}, "geometry": {"type": "Polygon", "coordinates": [[[118.88423769188121, 28.972992437432247], [118.88783769188122, 28.972992437432247], [118.88783769188122, 28.976592437432245], [118.88423769188121, 28.976592437432245], [118.88423769188121, 28.972992437432247]]]}}, {"type": "Feature", "properties": {"unit_id": "QZSTM_044", "case_name": "Quzhou Shuitingmen Historical District", "space_type": "heritage_core"}, "geometry": {"type": "Polygon", "coordinates": [[[118.84898351390935, 28.94592812905744], [118.85258351390935, 28.94592812905744], [118.85258351390935, 28.949528129057438], [118.84898351390935, 28.949528129057438], [118.84898351390935, 28.94592812905744]]]}}, {"type": "Feature", "properties": {"unit_id": "QZSTM_045", "case_name": "Quzhou Shuitingmen Historical District", "space_type": "heritage_core"}, "geometry": {"type": "Polygon", "coordinates": [[[118.86447482054051, 28.976103241443834], [118.86807482054051, 28.976103241443834], [118.86807482054051, 28.979703241443833], [118.86447482054051, 28.979703241443833], [118.86447482054051, 28.976103241443834]]]}}, {"type": "Feature", "properties": {"unit_id": "QZSTM_046", "case_name": "Quzhou Shuitingmen Historical District", "space_type": "tourism_core"}, "geometry": {"type": "Polygon", "coordinates": [[[118.86985424723282, 28.9616957483141], [118.87345424723283, 28.9616957483141], [118.87345424723283, 28.965295748314098], [118.86985424723282, 28.965295748314098], [118.86985424723282, 28.9616957483141]]]}}, {"type": "Feature", "properties": {"unit_id": "QZSTM_047", "case_name": "Quzhou Shuitingmen Historical District", "space_type": "local_life_area"}, "geometry": {"type": "Polygon", "coordinates": [[[118.8689878465581, 28.970738261048748], [118.8725878465581, 28.970738261048748], [118.8725878465581, 28.974338261048747], [118.8689878465581, 28.974338261048747], [118.8689878465581, 28.970738261048748]]]}}, {"type": "Feature", "properties": {"unit_id": "QZSTM_048", "case_name": "Quzhou Shuitingmen Historical District", "space_type": "cultural_core"}, "geometry": {"type": "Polygon", "coordinates": [[[118.8525843189995, 28.968387122164827], [118.85618431899951, 28.968387122164827], [118.85618431899951, 28.971987122164826], [118.8525843189995, 28.971987122164826], [118.8525843189995, 28.968387122164827]]]}}, {"type": "Feature", "properties": {"unit_id": "QZSTM_049", "case_name": "Quzhou Shuitingmen Historical District", "space_type": "tourism_core"}, "geometry": {"type": "Polygon", "coordinates": [[[118.85681650766374, 28.96003209518302], [118.86041650766374, 28.96003209518302], [118.86041650766374, 28.96363209518302], [118.85681650766374, 28.96363209518302], [118.85681650766374, 28.96003209518302]]]}}, {"type": "Feature", "properties": {"unit_id": "QZSTM_050", "case_name": "Quzhou Shuitingmen Historical District", "space_type": "heritage_core"}, "geometry": {"type": "Polygon", "coordinates": [[[118.86463862127843, 28.95735615444417], [118.86823862127844, 28.95735615444417], [118.86823862127844, 28.96095615444417], [118.86463862127843, 28.96095615444417], [118.86463862127843, 28.95735615444417]]]}}, {"type": "Feature", "properties": {"unit_id": "QZSTM_051", "case_name": "Quzhou Shuitingmen Historical District", "space_type": "tourism_core"}, "geometry": {"type": "Polygon", "coordinates": [[[118.85954174154563, 28.95843652644611], [118.86314174154563, 28.95843652644611], [118.86314174154563, 28.96203652644611], [118.85954174154563, 28.96203652644611], [118.85954174154563, 28.95843652644611]]]}}, {"type": "Feature", "properties": {"unit_id": "QZSTM_052", "case_name": "Quzhou Shuitingmen Historical District", "space_type": "tourism_core"}, "geometry": {"type": "Polygon", "coordinates": [[[118.87394384206353, 28.976489090812304], [118.87754384206353, 28.976489090812304], [118.87754384206353, 28.980089090812303], [118.87394384206353, 28.980089090812303], [118.87394384206353, 28.976489090812304]]]}}, {"type": "Feature", "properties": {"unit_id": "QZSTM_053", "case_name": "Quzhou Shuitingmen Historical District", "space_type": "tourism_core"}, "geometry": {"type": "Polygon", "coordinates": [[[118.85677527630757, 28.966520753700003], [118.86037527630758, 28.966520753700003], [118.86037527630758, 28.9701207537], [118.85677527630757, 28.9701207537], [118.85677527630757, 28.966520753700003]]]}}, {"type": "Feature", "properties": {"unit_id": "QZSTM_054", "case_name": "Quzhou Shuitingmen Historical District", "space_type": "cultural_core"}, "geometry": {"type": "Polygon", "coordinates": [[[118.86750571366355, 28.97297282406142], [118.87110571366355, 28.97297282406142], [118.87110571366355, 28.976572824061417], [118.86750571366355, 28.976572824061417], [118.86750571366355, 28.97297282406142]]]}}, {"type": "Feature", "properties": {"unit_id": "QZSTM_055", "case_name": "Quzhou Shuitingmen Historical District", "space_type": "tourism_core"}, "geometry": {"type": "Polygon", "coordinates": [[[118.8540567077257, 28.978784806719382], [118.85765670772571, 28.978784806719382], [118.85765670772571, 28.98238480671938], [118.8540567077257, 28.98238480671938], [118.8540567077257, 28.978784806719382]]]}}, {"type": "Feature", "properties": {"unit_id": "QZSTM_056", "case_name": "Quzhou Shuitingmen Historical District", "space_type": "local_life_area"}, "geometry": {"type": "Polygon", "coordinates": [[[118.86911540731737, 28.962491601334655], [118.87271540731737, 28.962491601334655], [118.87271540731737, 28.966091601334654], [118.86911540731737, 28.966091601334654], [118.86911540731737, 28.962491601334655]]]}}, {"type": "Feature", "properties": {"unit_id": "QZSTM_057", "case_name": "Quzhou Shuitingmen Historical District", "space_type": "heritage_core"}, "geometry": {"type": "Polygon", "coordinates": [[[118.85337338172523, 28.977760423582616], [118.85697338172524, 28.977760423582616], [118.85697338172524, 28.981360423582615], [118.85337338172523, 28.981360423582615], [118.85337338172523, 28.977760423582616]]]}}, {"type": "Feature", "properties": {"unit_id": "QZSTM_058", "case_name": "Quzhou Shuitingmen Historical District", "space_type": "tourism_core"}, "geometry": {"type": "Polygon", "coordinates": [[[118.85922178364888, 28.968674898877396], [118.86282178364888, 28.968674898877396], [118.86282178364888, 28.972274898877394], [118.85922178364888, 28.972274898877394], [118.85922178364888, 28.968674898877396]]]}}, {"type": "Feature", "properties": {"unit_id": "QZSTM_059", "case_name": "Quzhou Shuitingmen Historical District", "space_type": "local_life_area"}, "geometry": {"type": "Polygon", "coordinates": [[[118.8755881176838, 28.970603811803926], [118.87918811768381, 28.970603811803926], [118.87918811768381, 28.974203811803925], [118.8755881176838, 28.974203811803925], [118.8755881176838, 28.970603811803926]]]}}, {"type": "Feature", "properties": {"unit_id": "QZSTM_060", "case_name": "Quzhou Shuitingmen Historical District", "space_type": "tourism_core"}, "geometry": {"type": "Polygon", "coordinates": [[[118.84106659934864, 28.974778635752852], [118.84466659934864, 28.974778635752852], [118.84466659934864, 28.97837863575285], [118.84106659934864, 28.97837863575285], [118.84106659934864, 28.974778635752852]]]}}, {"type": "Feature", "properties": {"unit_id": "QZSTM_061", "case_name": "Quzhou Shuitingmen Historical District", "space_type": "tourism_core"}, "geometry": {"type": "Polygon", "coordinates": [[[118.86770651209402, 28.969103905150902], [118.87130651209402, 28.969103905150902], [118.87130651209402, 28.9727039051509], [118.86770651209402, 28.9727039051509], [118.86770651209402, 28.969103905150902]]]}}, {"type": "Feature", "properties": {"unit_id": "QZSTM_062", "case_name": "Quzhou Shuitingmen Historical District", "space_type": "tourism_core"}, "geometry": {"type": "Polygon", "coordinates": [[[118.84093321332277, 28.98275474065132], [118.84453321332278, 28.98275474065132], [118.84453321332278, 28.98635474065132], [118.84093321332277, 28.98635474065132], [118.84093321332277, 28.98275474065132]]]}}, {"type": "Feature", "properties": {"unit_id": "QZSTM_063", "case_name": "Quzhou Shuitingmen Historical District", "space_type": "local_life_area"}, "geometry": {"type": "Polygon", "coordinates": [[[118.86074154331558, 28.96978128287749], [118.86434154331559, 28.96978128287749], [118.86434154331559, 28.97338128287749], [118.86074154331558, 28.97338128287749], [118.86074154331558, 28.96978128287749]]]}}, {"type": "Feature", "properties": {"unit_id": "QZSTM_064", "case_name": "Quzhou Shuitingmen Historical District", "space_type": "tourism_core"}, "geometry": {"type": "Polygon", "coordinates": [[[118.83912175756761, 28.962417761247753], [118.84272175756762, 28.962417761247753], [118.84272175756762, 28.966017761247752], [118.83912175756761, 28.966017761247752], [118.83912175756761, 28.962417761247753]]]}}, {"type": "Feature", "properties": {"unit_id": "QZSTM_065", "case_name": "Quzhou Shuitingmen Historical District", "space_type": "cultural_core"}, "geometry": {"type": "Polygon", "coordinates": [[[118.84201606097751, 28.98390242801308], [118.84561606097752, 28.98390242801308], [118.84561606097752, 28.98750242801308], [118.84201606097751, 28.98750242801308], [118.84201606097751, 28.98390242801308]]]}}, {"type": "Feature", "properties": {"unit_id": "QZSTM_066", "case_name": "Quzhou Shuitingmen Historical District", "space_type": "cultural_core"}, "geometry": {"type": "Polygon", "coordinates": [[[118.88096410749955, 28.97462283936095], [118.88456410749956, 28.97462283936095], [118.88456410749956, 28.97822283936095], [118.88096410749955, 28.97822283936095], [118.88096410749955, 28.97462283936095]]]}}, {"type": "Feature", "properties": {"unit_id": "QZSTM_067", "case_name": "Quzhou Shuitingmen Historical District", "space_type": "local_life_area"}, "geometry": {"type": "Polygon", "coordinates": [[[118.87273891755848, 28.975829261160808], [118.87633891755848, 28.975829261160808], [118.87633891755848, 28.979429261160806], [118.87273891755848, 28.979429261160806], [118.87273891755848, 28.975829261160808]]]}}, {"type": "Feature", "properties": {"unit_id": "QZSTM_068", "case_name": "Quzhou Shuitingmen Historical District", "space_type": "heritage_core"}, "geometry": {"type": "Polygon", "coordinates": [[[118.83752547917332, 28.96319050999849], [118.84112547917333, 28.96319050999849], [118.84112547917333, 28.96679050999849], [118.83752547917332, 28.96679050999849], [118.83752547917332, 28.96319050999849]]]}}, {"type": "Feature", "properties": {"unit_id": "QZSTM_069", "case_name": "Quzhou Shuitingmen Historical District", "space_type": "heritage_core"}, "geometry": {"type": "Polygon", "coordinates": [[[118.86056371483124, 28.95288571966017], [118.86416371483125, 28.95288571966017], [118.86416371483125, 28.95648571966017], [118.86056371483124, 28.95648571966017], [118.86056371483124, 28.95288571966017]]]}}, {"type": "Feature", "properties": {"unit_id": "QZSTM_070", "case_name": "Quzhou Shuitingmen Historical District", "space_type": "cultural_core"}, "geometry": {"type": "Polygon", "coordinates": [[[118.86940626408793, 28.97130225754994], [118.87300626408793, 28.97130225754994], [118.87300626408793, 28.97490225754994], [118.86940626408793, 28.97490225754994], [118.86940626408793, 28.97130225754994]]]}}, {"type": "Feature", "properties": {"unit_id": "QZSTM_071", "case_name": "Quzhou Shuitingmen Historical District", "space_type": "heritage_core"}, "geometry": {"type": "Polygon", "coordinates": [[[118.84086535163358, 28.969325529498978], [118.84446535163359, 28.969325529498978], [118.84446535163359, 28.972925529498976], [118.84086535163358, 28.972925529498976], [118.84086535163358, 28.969325529498978]]]}}, {"type": "Feature", "properties": {"unit_id": "QZSTM_072", "case_name": "Quzhou Shuitingmen Historical District", "space_type": "cultural_core"}, "geometry": {"type": "Polygon", "coordinates": [[[118.86989076085001, 28.969218239399275], [118.87349076085002, 28.969218239399275], [118.87349076085002, 28.972818239399274], [118.86989076085001, 28.972818239399274], [118.86989076085001, 28.969218239399275]]]}}, {"type": "Feature", "properties": {"unit_id": "QZSTM_073", "case_name": "Quzhou Shuitingmen Historical District", "space_type": "cultural_core"}, "geometry": {"type": "Polygon", "coordinates": [[[118.86547391389064, 28.97312381669983], [118.86907391389065, 28.97312381669983], [118.86907391389065, 28.976723816699828], [118.86547391389064, 28.976723816699828], [118.86547391389064, 28.97312381669983]]]}}, {"type": "Feature", "properties": {"unit_id": "QZSTM_074", "case_name": "Quzhou Shuitingmen Historical District", "space_type": "heritage_core"}, "geometry": {"type": "Polygon", "coordinates": [[[118.88110148350532, 28.95850654442257], [118.88470148350532, 28.95850654442257], [118.88470148350532, 28.962106544422568], [118.88110148350532, 28.962106544422568], [118.88110148350532, 28.95850654442257]]]}}, {"type": "Feature", "properties": {"unit_id": "QZSTM_075", "case_name": "Quzhou Shuitingmen Historical District", "space_type": "local_life_area"}, "geometry": {"type": "Polygon", "coordinates": [[[118.88709839443416, 28.974606499851532], [118.89069839443417, 28.974606499851532], [118.89069839443417, 28.97820649985153], [118.88709839443416, 28.97820649985153], [118.88709839443416, 28.974606499851532]]]}}, {"type": "Feature", "properties": {"unit_id": "QZSTM_076", "case_name": "Quzhou Shuitingmen Historical District", "space_type": "tourism_core"}, "geometry": {"type": "Polygon", "coordinates": [[[118.86803227544229, 28.969834131489243], [118.8716322754423, 28.969834131489243], [118.8716322754423, 28.973434131489242], [118.86803227544229, 28.973434131489242], [118.86803227544229, 28.969834131489243]]]}}, {"type": "Feature", "properties": {"unit_id": "QZSTM_077", "case_name": "Quzhou Shuitingmen Historical District", "space_type": "heritage_core"}, "geometry": {"type": "Polygon", "coordinates": [[[118.86282949395589, 28.96290655782852], [118.86642949395589, 28.96290655782852], [118.86642949395589, 28.96650655782852], [118.86282949395589, 28.96650655782852], [118.86282949395589, 28.96290655782852]]]}}, {"type": "Feature", "properties": {"unit_id": "QZSTM_078", "case_name": "Quzhou Shuitingmen Historical District", "space_type": "cultural_core"}, "geometry": {"type": "Polygon", "coordinates": [[[118.8595213753605, 28.95452486886131], [118.8631213753605, 28.95452486886131], [118.8631213753605, 28.958124868861308], [118.8595213753605, 28.958124868861308], [118.8595213753605, 28.95452486886131]]]}}, {"type": "Feature", "properties": {"unit_id": "QZSTM_079", "case_name": "Quzhou Shuitingmen Historical District", "space_type": "tourism_core"}, "geometry": {"type": "Polygon", "coordinates": [[[118.87546049341012, 28.982889236024636], [118.87906049341012, 28.982889236024636], [118.87906049341012, 28.986489236024635], [118.87546049341012, 28.986489236024635], [118.87546049341012, 28.982889236024636]]]}}, {"type": "Feature", "properties": {"unit_id": "QZSTM_080", "case_name": "Quzhou Shuitingmen Historical District", "space_type": "heritage_core"}, "geometry": {"type": "Polygon", "coordinates": [[[118.86527431650916, 28.979489890752323], [118.86887431650916, 28.979489890752323], [118.86887431650916, 28.98308989075232], [118.86527431650916, 28.98308989075232], [118.86527431650916, 28.979489890752323]]]}}, {"type": "Feature", "properties": {"unit_id": "QZSTM_081", "case_name": "Quzhou Shuitingmen Historical District", "space_type": "heritage_core"}, "geometry": {"type": "Polygon", "coordinates": [[[118.8412404897261, 28.968832044431167], [118.84484048972611, 28.968832044431167], [118.84484048972611, 28.972432044431166], [118.8412404897261, 28.972432044431166], [118.8412404897261, 28.968832044431167]]]}}, {"type": "Feature", "properties": {"unit_id": "QZSTM_082", "case_name": "Quzhou Shuitingmen Historical District", "space_type": "tourism_core"}, "geometry": {"type": "Polygon", "coordinates": [[[118.85359386330401, 28.96223658237283], [118.85719386330402, 28.96223658237283], [118.85719386330402, 28.96583658237283], [118.85359386330401, 28.96583658237283], [118.85359386330401, 28.96223658237283]]]}}, {"type": "Feature", "properties": {"unit_id": "QZSTM_083", "case_name": "Quzhou Shuitingmen Historical District", "space_type": "cultural_core"}, "geometry": {"type": "Polygon", "coordinates": [[[118.87409547294777, 28.98577597382908], [118.87769547294778, 28.98577597382908], [118.87769547294778, 28.98937597382908], [118.87409547294777, 28.98937597382908], [118.87409547294777, 28.98577597382908]]]}}, {"type": "Feature", "properties": {"unit_id": "QZSTM_084", "case_name": "Quzhou Shuitingmen Historical District", "space_type": "heritage_core"}, "geometry": {"type": "Polygon", "coordinates": [[[118.85382291480397, 28.965379397409972], [118.85742291480398, 28.965379397409972], [118.85742291480398, 28.96897939740997], [118.85382291480397, 28.96897939740997], [118.85382291480397, 28.965379397409972]]]}}, {"type": "Feature", "properties": {"unit_id": "QZSTM_085", "case_name": "Quzhou Shuitingmen Historical District", "space_type": "cultural_core"}, "geometry": {"type": "Polygon", "coordinates": [[[118.88871954792086, 28.99727737967255], [118.89231954792086, 28.99727737967255], [118.89231954792086, 29.00087737967255], [118.88871954792086, 29.00087737967255], [118.88871954792086, 28.99727737967255]]]}}, {"type": "Feature", "properties": {"unit_id": "QZSTM_086", "case_name": "Quzhou Shuitingmen Historical District", "space_type": "heritage_core"}, "geometry": {"type": "Polygon", "coordinates": [[[118.86917369790282, 28.976217347903656], [118.87277369790283, 28.976217347903656], [118.87277369790283, 28.979817347903655], [118.86917369790282, 28.979817347903655], [118.86917369790282, 28.976217347903656]]]}}, {"type": "Feature", "properties": {"unit_id": "QZSTM_087", "case_name": "Quzhou Shuitingmen Historical District", "space_type": "heritage_core"}, "geometry": {"type": "Polygon", "coordinates": [[[118.84924322714555, 28.97344512749521], [118.85284322714556, 28.97344512749521], [118.85284322714556, 28.97704512749521], [118.84924322714555, 28.97704512749521], [118.84924322714555, 28.97344512749521]]]}}, {"type": "Feature", "properties": {"unit_id": "QZSTM_088", "case_name": "Quzhou Shuitingmen Historical District", "space_type": "local_life_area"}, "geometry": {"type": "Polygon", "coordinates": [[[118.8610365492349, 28.983947185103208], [118.8646365492349, 28.983947185103208], [118.8646365492349, 28.987547185103207], [118.8610365492349, 28.987547185103207], [118.8610365492349, 28.983947185103208]]]}}, {"type": "Feature", "properties": {"unit_id": "QZSTM_089", "case_name": "Quzhou Shuitingmen Historical District", "space_type": "heritage_core"}, "geometry": {"type": "Polygon", "coordinates": [[[118.86562749776745, 28.966918318103748], [118.86922749776745, 28.966918318103748], [118.86922749776745, 28.970518318103746], [118.86562749776745, 28.970518318103746], [118.86562749776745, 28.966918318103748]]]}}, {"type": "Feature", "properties": {"unit_id": "QZSTM_090", "case_name": "Quzhou Shuitingmen Historical District", "space_type": "tourism_core"}, "geometry": {"type": "Polygon", "coordinates": [[[118.85755920778065, 28.974641152634177], [118.86115920778066, 28.974641152634177], [118.86115920778066, 28.978241152634176], [118.85755920778065, 28.978241152634176], [118.85755920778065, 28.974641152634177]]]}}, {"type": "Feature", "properties": {"unit_id": "QZSTM_091", "case_name": "Quzhou Shuitingmen Historical District", "space_type": "heritage_core"}, "geometry": {"type": "Polygon", "coordinates": [[[118.86474112490545, 28.980308541694704], [118.86834112490546, 28.980308541694704], [118.86834112490546, 28.983908541694703], [118.86474112490545, 28.983908541694703], [118.86474112490545, 28.980308541694704]]]}}, {"type": "Feature", "properties": {"unit_id": "QZSTM_092", "case_name": "Quzhou Shuitingmen Historical District", "space_type": "tourism_core"}, "geometry": {"type": "Polygon", "coordinates": [[[118.85924311514441, 28.974560110193053], [118.86284311514441, 28.974560110193053], [118.86284311514441, 28.978160110193052], [118.85924311514441, 28.978160110193052], [118.85924311514441, 28.974560110193053]]]}}, {"type": "Feature", "properties": {"unit_id": "QZSTM_093", "case_name": "Quzhou Shuitingmen Historical District", "space_type": "cultural_core"}, "geometry": {"type": "Polygon", "coordinates": [[[118.85470007583646, 28.97025153896073], [118.85830007583647, 28.97025153896073], [118.85830007583647, 28.97385153896073], [118.85470007583646, 28.97385153896073], [118.85470007583646, 28.97025153896073]]]}}, {"type": "Feature", "properties": {"unit_id": "QZSTM_094", "case_name": "Quzhou Shuitingmen Historical District", "space_type": "tourism_core"}, "geometry": {"type": "Polygon", "coordinates": [[[118.84836438968854, 28.973262489451656], [118.85196438968855, 28.973262489451656], [118.85196438968855, 28.976862489451655], [118.84836438968854, 28.976862489451655], [118.84836438968854, 28.973262489451656]]]}}, {"type": "Feature", "properties": {"unit_id": "QZSTM_095", "case_name": "Quzhou Shuitingmen Historical District", "space_type": "heritage_core"}, "geometry": {"type": "Polygon", "coordinates": [[[118.85155096811575, 28.960344605389388], [118.85515096811575, 28.960344605389388], [118.85515096811575, 28.963944605389386], [118.85155096811575, 28.963944605389386], [118.85155096811575, 28.960344605389388]]]}}, {"type": "Feature", "properties": {"unit_id": "QZSTM_096", "case_name": "Quzhou Shuitingmen Historical District", "space_type": "local_life_area"}, "geometry": {"type": "Polygon", "coordinates": [[[118.8811957699622, 28.978347827237332], [118.88479576996221, 28.978347827237332], [118.88479576996221, 28.98194782723733], [118.8811957699622, 28.98194782723733], [118.8811957699622, 28.978347827237332]]]}}, {"type": "Feature", "properties": {"unit_id": "QZSTM_097", "case_name": "Quzhou Shuitingmen Historical District", "space_type": "local_life_area"}, "geometry": {"type": "Polygon", "coordinates": [[[118.87264020979697, 28.965297355349517], [118.87624020979698, 28.965297355349517], [118.87624020979698, 28.968897355349515], [118.87264020979697, 28.968897355349515], [118.87264020979697, 28.965297355349517]]]}}, {"type": "Feature", "properties": {"unit_id": "QZSTM_098", "case_name": "Quzhou Shuitingmen Historical District", "space_type": "cultural_core"}, "geometry": {"type": "Polygon", "coordinates": [[[118.84588641033187, 28.964570216330504], [118.84948641033188, 28.964570216330504], [118.84948641033188, 28.968170216330503], [118.84588641033187, 28.968170216330503], [118.84588641033187, 28.964570216330504]]]}}, {"type": "Feature", "properties": {"unit_id": "QZSTM_099", "case_name": "Quzhou Shuitingmen Historical District", "space_type": "local_life_area"}, "geometry": {"type": "Polygon", "coordinates": [[[118.85892187188196, 28.950895173962405], [118.86252187188197, 28.950895173962405], [118.86252187188197, 28.954495173962403], [118.85892187188196, 28.954495173962403], [118.85892187188196, 28.950895173962405]]]}}, {"type": "Feature", "properties": {"unit_id": "QZSTM_100", "case_name": "Quzhou Shuitingmen Historical District", "space_type": "tourism_core"}, "geometry": {"type": "Polygon", "coordinates": [[[118.87815305859927, 28.963013361152388], [118.88175305859927, 28.963013361152388], [118.88175305859927, 28.966613361152387], [118.87815305859927, 28.966613361152387], [118.87815305859927, 28.963013361152388]]]}}, {"type": "Feature", "properties": {"unit_id": "QZSTM_101", "case_name": "Quzhou Shuitingmen Historical District", "space_type": "heritage_core"}, "geometry": {"type": "Polygon", "coordinates": [[[118.85658748711579, 28.98239474283745], [118.8601874871158, 28.98239474283745], [118.8601874871158, 28.98599474283745], [118.85658748711579, 28.98599474283745], [118.85658748711579, 28.98239474283745]]]}}, {"type": "Feature", "properties": {"unit_id": "QZSTM_102", "case_name": "Quzhou Shuitingmen Historical District", "space_type": "heritage_core"}, "geometry": {"type": "Polygon", "coordinates": [[[118.87604745059474, 28.98533553295371], [118.87964745059475, 28.98533553295371], [118.87964745059475, 28.988935532953708], [118.87604745059474, 28.988935532953708], [118.87604745059474, 28.98533553295371]]]}}, {"type": "Feature", "properties": {"unit_id": "QZSTM_103", "case_name": "Quzhou Shuitingmen Historical District", "space_type": "heritage_core"}, "geometry": {"type": "Polygon", "coordinates": [[[118.85377333076585, 28.959196983487335], [118.85737333076585, 28.959196983487335], [118.85737333076585, 28.962796983487333], [118.85377333076585, 28.962796983487333], [118.85377333076585, 28.959196983487335]]]}}, {"type": "Feature", "properties": {"unit_id": "QZSTM_104", "case_name": "Quzhou Shuitingmen Historical District", "space_type": "tourism_core"}, "geometry": {"type": "Polygon", "coordinates": [[[118.85451730651262, 28.96630539744404], [118.85811730651263, 28.96630539744404], [118.85811730651263, 28.969905397444037], [118.85451730651262, 28.969905397444037], [118.85451730651262, 28.96630539744404]]]}}, {"type": "Feature", "properties": {"unit_id": "QZSTM_105", "case_name": "Quzhou Shuitingmen Historical District", "space_type": "tourism_core"}, "geometry": {"type": "Polygon", "coordinates": [[[118.87081486702654, 28.961229992618144], [118.87441486702654, 28.961229992618144], [118.87441486702654, 28.964829992618142], [118.87081486702654, 28.964829992618142], [118.87081486702654, 28.961229992618144]]]}}, {"type": "Feature", "properties": {"unit_id": "QZSTM_106", "case_name": "Quzhou Shuitingmen Historical District", "space_type": "local_life_area"}, "geometry": {"type": "Polygon", "coordinates": [[[118.87209734320176, 28.966820925052335], [118.87569734320176, 28.966820925052335], [118.87569734320176, 28.970420925052334], [118.87209734320176, 28.970420925052334], [118.87209734320176, 28.966820925052335]]]}}, {"type": "Feature", "properties": {"unit_id": "QZSTM_107", "case_name": "Quzhou Shuitingmen Historical District", "space_type": "tourism_core"}, "geometry": {"type": "Polygon", "coordinates": [[[118.85049561860795, 28.972712334789517], [118.85409561860796, 28.972712334789517], [118.85409561860796, 28.976312334789515], [118.85049561860795, 28.976312334789515], [118.85049561860795, 28.972712334789517]]]}}, {"type": "Feature", "properties": {"unit_id": "QZSTM_108", "case_name": "Quzhou Shuitingmen Historical District", "space_type": "tourism_core"}, "geometry": {"type": "Polygon", "coordinates": [[[118.84867844155247, 28.97012147828029], [118.85227844155247, 28.97012147828029], [118.85227844155247, 28.97372147828029], [118.84867844155247, 28.97372147828029], [118.84867844155247, 28.97012147828029]]]}}, {"type": "Feature", "properties": {"unit_id": "QZSTM_109", "case_name": "Quzhou Shuitingmen Historical District", "space_type": "local_life_area"}, "geometry": {"type": "Polygon", "coordinates": [[[118.8649694350577, 28.973424515956783], [118.86856943505771, 28.973424515956783], [118.86856943505771, 28.97702451595678], [118.8649694350577, 28.97702451595678], [118.8649694350577, 28.973424515956783]]]}}, {"type": "Feature", "properties": {"unit_id": "QZSTM_110", "case_name": "Quzhou Shuitingmen Historical District", "space_type": "heritage_core"}, "geometry": {"type": "Polygon", "coordinates": [[[118.85920436931376, 28.97146006314779], [118.86280436931376, 28.97146006314779], [118.86280436931376, 28.97506006314779], [118.85920436931376, 28.97506006314779], [118.85920436931376, 28.97146006314779]]]}}, {"type": "Feature", "properties": {"unit_id": "QZSTM_111", "case_name": "Quzhou Shuitingmen Historical District", "space_type": "tourism_core"}, "geometry": {"type": "Polygon", "coordinates": [[[118.86418563266362, 28.949517886995412], [118.86778563266363, 28.949517886995412], [118.86778563266363, 28.95311788699541], [118.86418563266362, 28.95311788699541], [118.86418563266362, 28.949517886995412]]]}}, {"type": "Feature", "properties": {"unit_id": "QZSTM_112", "case_name": "Quzhou Shuitingmen Historical District", "space_type": "cultural_core"}, "geometry": {"type": "Polygon", "coordinates": [[[118.86601406618169, 28.960447650533858], [118.8696140661817, 28.960447650533858], [118.8696140661817, 28.964047650533857], [118.86601406618169, 28.964047650533857], [118.86601406618169, 28.960447650533858]]]}}, {"type": "Feature", "properties": {"unit_id": "QZSTM_113", "case_name": "Quzhou Shuitingmen Historical District", "space_type": "heritage_core"}, "geometry": {"type": "Polygon", "coordinates": [[[118.87421687991736, 28.967477244515607], [118.87781687991736, 28.967477244515607], [118.87781687991736, 28.971077244515605], [118.87421687991736, 28.971077244515605], [118.87421687991736, 28.967477244515607]]]}}, {"type": "Feature", "properties": {"unit_id": "QZSTM_114", "case_name": "Quzhou Shuitingmen Historical District", "space_type": "heritage_core"}, "geometry": {"type": "Polygon", "coordinates": [[[118.84124235057497, 28.96637980364457], [118.84484235057498, 28.96637980364457], [118.84484235057498, 28.96997980364457], [118.84124235057497, 28.96997980364457], [118.84124235057497, 28.96637980364457]]]}}, {"type": "Feature", "properties": {"unit_id": "QZSTM_115", "case_name": "Quzhou Shuitingmen Historical District", "space_type": "tourism_core"}, "geometry": {"type": "Polygon", "coordinates": [[[118.87269505456577, 28.96215069762644], [118.87629505456577, 28.96215069762644], [118.87629505456577, 28.96575069762644], [118.87269505456577, 28.96575069762644], [118.87269505456577, 28.96215069762644]]]}}, {"type": "Feature", "properties": {"unit_id": "QZSTM_116", "case_name": "Quzhou Shuitingmen Historical District", "space_type": "cultural_core"}, "geometry": {"type": "Polygon", "coordinates": [[[118.8434435409932, 28.960491179721995], [118.84704354099321, 28.960491179721995], [118.84704354099321, 28.964091179721994], [118.8434435409932, 28.964091179721994], [118.8434435409932, 28.960491179721995]]]}}, {"type": "Feature", "properties": {"unit_id": "QZSTM_117", "case_name": "Quzhou Shuitingmen Historical District", "space_type": "tourism_core"}, "geometry": {"type": "Polygon", "coordinates": [[[118.85667187848401, 28.973898722846112], [118.86027187848401, 28.973898722846112], [118.86027187848401, 28.97749872284611], [118.85667187848401, 28.97749872284611], [118.85667187848401, 28.973898722846112]]]}}, {"type": "Feature", "properties": {"unit_id": "QZSTM_118", "case_name": "Quzhou Shuitingmen Historical District", "space_type": "tourism_core"}, "geometry": {"type": "Polygon", "coordinates": [[[118.86469267908447, 28.98007387198655], [118.86829267908448, 28.98007387198655], [118.86829267908448, 28.98367387198655], [118.86469267908447, 28.98367387198655], [118.86469267908447, 28.98007387198655]]]}}, {"type": "Feature", "properties": {"unit_id": "QZSTM_119", "case_name": "Quzhou Shuitingmen Historical District", "space_type": "tourism_core"}, "geometry": {"type": "Polygon", "coordinates": [[[118.85367905245722, 28.96789670426141], [118.85727905245723, 28.96789670426141], [118.85727905245723, 28.97149670426141], [118.85367905245722, 28.97149670426141], [118.85367905245722, 28.96789670426141]]]}}, {"type": "Feature", "properties": {"unit_id": "QZSTM_120", "case_name": "Quzhou Shuitingmen Historical District", "space_type": "heritage_core"}, "geometry": {"type": "Polygon", "coordinates": [[[118.85068427202751, 28.962323628126054], [118.85428427202751, 28.962323628126054], [118.85428427202751, 28.965923628126053], [118.85068427202751, 28.965923628126053], [118.85068427202751, 28.962323628126054]]]}}, {"type": "Feature", "properties": {"unit_id": "QZSTM_121", "case_name": "Quzhou Shuitingmen Historical District", "space_type": "heritage_core"}, "geometry": {"type": "Polygon", "coordinates": [[[118.86069990603187, 28.98444973310057], [118.86429990603187, 28.98444973310057], [118.86429990603187, 28.988049733100567], [118.86069990603187, 28.988049733100567], [118.86069990603187, 28.98444973310057]]]}}, {"type": "Feature", "properties": {"unit_id": "QZSTM_122", "case_name": "Quzhou Shuitingmen Historical District", "space_type": "local_life_area"}, "geometry": {"type": "Polygon", "coordinates": [[[118.85427622878663, 28.967519620932002], [118.85787622878664, 28.967519620932002], [118.85787622878664, 28.971119620932], [118.85427622878663, 28.971119620932], [118.85427622878663, 28.967519620932002]]]}}, {"type": "Feature", "properties": {"unit_id": "QZSTM_123", "case_name": "Quzhou Shuitingmen Historical District", "space_type": "heritage_core"}, "geometry": {"type": "Polygon", "coordinates": [[[118.85576240437321, 28.973708142292395], [118.85936240437321, 28.973708142292395], [118.85936240437321, 28.977308142292394], [118.85576240437321, 28.977308142292394], [118.85576240437321, 28.973708142292395]]]}}, {"type": "Feature", "properties": {"unit_id": "QZSTM_124", "case_name": "Quzhou Shuitingmen Historical District", "space_type": "tourism_core"}, "geometry": {"type": "Polygon", "coordinates": [[[118.86260870155017, 28.96920923711496], [118.86620870155018, 28.96920923711496], [118.86620870155018, 28.97280923711496], [118.86260870155017, 28.97280923711496], [118.86260870155017, 28.96920923711496]]]}}, {"type": "Feature", "properties": {"unit_id": "QZSTM_125", "case_name": "Quzhou Shuitingmen Historical District", "space_type": "tourism_core"}, "geometry": {"type": "Polygon", "coordinates": [[[118.86315968886447, 28.942850951064354], [118.86675968886448, 28.942850951064354], [118.86675968886448, 28.946450951064353], [118.86315968886447, 28.946450951064353], [118.86315968886447, 28.942850951064354]]]}}, {"type": "Feature", "properties": {"unit_id": "QZSTM_126", "case_name": "Quzhou Shuitingmen Historical District", "space_type": "local_life_area"}, "geometry": {"type": "Polygon", "coordinates": [[[118.84552099028271, 28.969587231244997], [118.84912099028271, 28.969587231244997], [118.84912099028271, 28.973187231244996], [118.84552099028271, 28.973187231244996], [118.84552099028271, 28.969587231244997]]]}}, {"type": "Feature", "properties": {"unit_id": "QZSTM_127", "case_name": "Quzhou Shuitingmen Historical District", "space_type": "tourism_core"}, "geometry": {"type": "Polygon", "coordinates": [[[118.86316512625666, 28.95249175558621], [118.86676512625667, 28.95249175558621], [118.86676512625667, 28.956091755586208], [118.86316512625666, 28.956091755586208], [118.86316512625666, 28.95249175558621]]]}}, {"type": "Feature", "properties": {"unit_id": "QZSTM_128", "case_name": "Quzhou Shuitingmen Historical District", "space_type": "tourism_core"}, "geometry": {"type": "Polygon", "coordinates": [[[118.85571946324485, 28.964926722172315], [118.85931946324486, 28.964926722172315], [118.85931946324486, 28.968526722172314], [118.85571946324485, 28.968526722172314], [118.85571946324485, 28.964926722172315]]]}}, {"type": "Feature", "properties": {"unit_id": "QZSTM_129", "case_name": "Quzhou Shuitingmen Historical District", "space_type": "local_life_area"}, "geometry": {"type": "Polygon", "coordinates": [[[118.86555506842116, 28.96582117483126], [118.86915506842116, 28.96582117483126], [118.86915506842116, 28.969421174831258], [118.86555506842116, 28.969421174831258], [118.86555506842116, 28.96582117483126]]]}}, {"type": "Feature", "properties": {"unit_id": "QZSTM_130", "case_name": "Quzhou Shuitingmen Historical District", "space_type": "heritage_core"}, "geometry": {"type": "Polygon", "coordinates": [[[118.86133471242033, 28.977125543145085], [118.86493471242034, 28.977125543145085], [118.86493471242034, 28.980725543145084], [118.86133471242033, 28.980725543145084], [118.86133471242033, 28.977125543145085]]]}}, {"type": "Feature", "properties": {"unit_id": "QZSTM_131", "case_name": "Quzhou Shuitingmen Historical District", "space_type": "local_life_area"}, "geometry": {"type": "Polygon", "coordinates": [[[118.87431421451113, 28.96570205007377], [118.87791421451114, 28.96570205007377], [118.87791421451114, 28.969302050073768], [118.87431421451113, 28.969302050073768], [118.87431421451113, 28.96570205007377]]]}}, {"type": "Feature", "properties": {"unit_id": "QZSTM_132", "case_name": "Quzhou Shuitingmen Historical District", "space_type": "tourism_core"}, "geometry": {"type": "Polygon", "coordinates": [[[118.84568048448493, 28.9645011175165], [118.84928048448494, 28.9645011175165], [118.84928048448494, 28.9681011175165], [118.84568048448493, 28.9681011175165], [118.84568048448493, 28.9645011175165]]]}}, {"type": "Feature", "properties": {"unit_id": "QZSTM_133", "case_name": "Quzhou Shuitingmen Historical District", "space_type": "local_life_area"}, "geometry": {"type": "Polygon", "coordinates": [[[118.86700905107341, 28.977065907264873], [118.87060905107342, 28.977065907264873], [118.87060905107342, 28.98066590726487], [118.86700905107341, 28.98066590726487], [118.86700905107341, 28.977065907264873]]]}}, {"type": "Feature", "properties": {"unit_id": "QZSTM_134", "case_name": "Quzhou Shuitingmen Historical District", "space_type": "heritage_core"}, "geometry": {"type": "Polygon", "coordinates": [[[118.85285644053602, 28.975946007011803], [118.85645644053602, 28.975946007011803], [118.85645644053602, 28.979546007011802], [118.85285644053602, 28.979546007011802], [118.85285644053602, 28.975946007011803]]]}}, {"type": "Feature", "properties": {"unit_id": "QZSTM_135", "case_name": "Quzhou Shuitingmen Historical District", "space_type": "local_life_area"}, "geometry": {"type": "Polygon", "coordinates": [[[118.8551318062575, 28.99133472628356], [118.85873180625751, 28.99133472628356], [118.85873180625751, 28.99493472628356], [118.8551318062575, 28.99493472628356], [118.8551318062575, 28.99133472628356]]]}}, {"type": "Feature", "properties": {"unit_id": "QZSTM_136", "case_name": "Quzhou Shuitingmen Historical District", "space_type": "heritage_core"}, "geometry": {"type": "Polygon", "coordinates": [[[118.86749645486779, 28.976953643145166], [118.8710964548678, 28.976953643145166], [118.8710964548678, 28.980553643145164], [118.86749645486779, 28.980553643145164], [118.86749645486779, 28.976953643145166]]]}}, {"type": "Feature", "properties": {"unit_id": "QZSTM_137", "case_name": "Quzhou Shuitingmen Historical District", "space_type": "local_life_area"}, "geometry": {"type": "Polygon", "coordinates": [[[118.8483494659255, 28.968869119167785], [118.8519494659255, 28.968869119167785], [118.8519494659255, 28.972469119167783], [118.8483494659255, 28.972469119167783], [118.8483494659255, 28.968869119167785]]]}}, {"type": "Feature", "properties": {"unit_id": "QZSTM_138", "case_name": "Quzhou Shuitingmen Historical District", "space_type": "heritage_core"}, "geometry": {"type": "Polygon", "coordinates": [[[118.84960200098963, 28.972897342181774], [118.85320200098964, 28.972897342181774], [118.85320200098964, 28.976497342181773], [118.84960200098963, 28.976497342181773], [118.84960200098963, 28.972897342181774]]]}}, {"type": "Feature", "properties": {"unit_id": "QZSTM_139", "case_name": "Quzhou Shuitingmen Historical District", "space_type": "local_life_area"}, "geometry": {"type": "Polygon", "coordinates": [[[118.85201900443661, 28.98490691419897], [118.85561900443662, 28.98490691419897], [118.85561900443662, 28.988506914198968], [118.85201900443661, 28.988506914198968], [118.85201900443661, 28.98490691419897]]]}}, {"type": "Feature", "properties": {"unit_id": "QZSTM_140", "case_name": "Quzhou Shuitingmen Historical District", "space_type": "tourism_core"}, "geometry": {"type": "Polygon", "coordinates": [[[118.86356691626128, 28.96541440025021], [118.86716691626128, 28.96541440025021], [118.86716691626128, 28.96901440025021], [118.86356691626128, 28.96901440025021], [118.86356691626128, 28.96541440025021]]]}}, {"type": "Feature", "properties": {"unit_id": "QZSTM_141", "case_name": "Quzhou Shuitingmen Historical District", "space_type": "tourism_core"}, "geometry": {"type": "Polygon", "coordinates": [[[118.84998652354376, 28.975252153233438], [118.85358652354377, 28.975252153233438], [118.85358652354377, 28.978852153233436], [118.84998652354376, 28.978852153233436], [118.84998652354376, 28.975252153233438]]]}}, {"type": "Feature", "properties": {"unit_id": "QZSTM_142", "case_name": "Quzhou Shuitingmen Historical District", "space_type": "heritage_core"}, "geometry": {"type": "Polygon", "coordinates": [[[118.87054618583123, 28.956074731439102], [118.87414618583124, 28.956074731439102], [118.87414618583124, 28.9596747314391], [118.87054618583123, 28.9596747314391], [118.87054618583123, 28.956074731439102]]]}}, {"type": "Feature", "properties": {"unit_id": "QZSTM_143", "case_name": "Quzhou Shuitingmen Historical District", "space_type": "cultural_core"}, "geometry": {"type": "Polygon", "coordinates": [[[118.87451434135863, 28.977419412017692], [118.87811434135864, 28.977419412017692], [118.87811434135864, 28.98101941201769], [118.87451434135863, 28.98101941201769], [118.87451434135863, 28.977419412017692]]]}}, {"type": "Feature", "properties": {"unit_id": "QZSTM_144", "case_name": "Quzhou Shuitingmen Historical District", "space_type": "local_life_area"}, "geometry": {"type": "Polygon", "coordinates": [[[118.86732686084234, 28.973168120912504], [118.87092686084235, 28.973168120912504], [118.87092686084235, 28.976768120912503], [118.86732686084234, 28.976768120912503], [118.86732686084234, 28.973168120912504]]]}}, {"type": "Feature", "properties": {"unit_id": "QZSTM_145", "case_name": "Quzhou Shuitingmen Historical District", "space_type": "heritage_core"}, "geometry": {"type": "Polygon", "coordinates": [[[118.85802503919346, 28.963300997782046], [118.86162503919347, 28.963300997782046], [118.86162503919347, 28.966900997782044], [118.85802503919346, 28.966900997782044], [118.85802503919346, 28.963300997782046]]]}}, {"type": "Feature", "properties": {"unit_id": "QZSTM_146", "case_name": "Quzhou Shuitingmen Historical District", "space_type": "heritage_core"}, "geometry": {"type": "Polygon", "coordinates": [[[118.84857252779207, 28.97386630247272], [118.85217252779208, 28.97386630247272], [118.85217252779208, 28.97746630247272], [118.84857252779207, 28.97746630247272], [118.84857252779207, 28.97386630247272]]]}}, {"type": "Feature", "properties": {"unit_id": "QZSTM_147", "case_name": "Quzhou Shuitingmen Historical District", "space_type": "tourism_core"}, "geometry": {"type": "Polygon", "coordinates": [[[118.87410882194065, 28.97055027004893], [118.87770882194066, 28.97055027004893], [118.87770882194066, 28.974150270048927], [118.87410882194065, 28.974150270048927], [118.87410882194065, 28.97055027004893]]]}}, {"type": "Feature", "properties": {"unit_id": "QZSTM_148", "case_name": "Quzhou Shuitingmen Historical District", "space_type": "tourism_core"}, "geometry": {"type": "Polygon", "coordinates": [[[118.85644424609441, 28.977795318948818], [118.86004424609442, 28.977795318948818], [118.86004424609442, 28.981395318948817], [118.85644424609441, 28.981395318948817], [118.85644424609441, 28.977795318948818]]]}}, {"type": "Feature", "properties": {"unit_id": "QZSTM_149", "case_name": "Quzhou Shuitingmen Historical District", "space_type": "tourism_core"}, "geometry": {"type": "Polygon", "coordinates": [[[118.86367420482857, 28.964040970893976], [118.86727420482858, 28.964040970893976], [118.86727420482858, 28.967640970893974], [118.86367420482857, 28.967640970893974], [118.86367420482857, 28.964040970893976]]]}}, {"type": "Feature", "properties": {"unit_id": "QZSTM_150", "case_name": "Quzhou Shuitingmen Historical District", "space_type": "heritage_core"}, "geometry": {"type": "Polygon", "coordinates": [[[118.85685468725688, 28.944887673011085], [118.86045468725689, 28.944887673011085], [118.86045468725689, 28.948487673011083], [118.85685468725688, 28.948487673011083], [118.85685468725688, 28.944887673011085]]]}}, {"type": "Feature", "properties": {"unit_id": "QZSTM_151", "case_name": "Quzhou Shuitingmen Historical District", "space_type": "local_life_area"}, "geometry": {"type": "Polygon", "coordinates": [[[118.8397856100886, 28.966335091029226], [118.8433856100886, 28.966335091029226], [118.8433856100886, 28.969935091029225], [118.8397856100886, 28.969935091029225], [118.8397856100886, 28.966335091029226]]]}}, {"type": "Feature", "properties": {"unit_id": "QZSTM_152", "case_name": "Quzhou Shuitingmen Historical District", "space_type": "local_life_area"}, "geometry": {"type": "Polygon", "coordinates": [[[118.87808599924833, 28.96700276323195], [118.88168599924833, 28.96700276323195], [118.88168599924833, 28.97060276323195], [118.87808599924833, 28.97060276323195], [118.87808599924833, 28.96700276323195]]]}}, {"type": "Feature", "properties": {"unit_id": "QZSTM_153", "case_name": "Quzhou Shuitingmen Historical District", "space_type": "heritage_core"}, "geometry": {"type": "Polygon", "coordinates": [[[118.8646408255116, 28.987774021566597], [118.8682408255116, 28.987774021566597], [118.8682408255116, 28.991374021566596], [118.8646408255116, 28.991374021566596], [118.8646408255116, 28.987774021566597]]]}}, {"type": "Feature", "properties": {"unit_id": "QZSTM_154", "case_name": "Quzhou Shuitingmen Historical District", "space_type": "cultural_core"}, "geometry": {"type": "Polygon", "coordinates": [[[118.85883262045425, 28.96306567742341], [118.86243262045426, 28.96306567742341], [118.86243262045426, 28.966665677423407], [118.85883262045425, 28.966665677423407], [118.85883262045425, 28.96306567742341]]]}}, {"type": "Feature", "properties": {"unit_id": "QZSTM_155", "case_name": "Quzhou Shuitingmen Historical District", "space_type": "local_life_area"}, "geometry": {"type": "Polygon", "coordinates": [[[118.85692650583266, 28.963006341338357], [118.86052650583267, 28.963006341338357], [118.86052650583267, 28.966606341338355], [118.85692650583266, 28.966606341338355], [118.85692650583266, 28.963006341338357]]]}}, {"type": "Feature", "properties": {"unit_id": "QZSTM_156", "case_name": "Quzhou Shuitingmen Historical District", "space_type": "heritage_core"}, "geometry": {"type": "Polygon", "coordinates": [[[118.8546556392882, 28.964415795272373], [118.8582556392882, 28.964415795272373], [118.8582556392882, 28.968015795272372], [118.8546556392882, 28.968015795272372], [118.8546556392882, 28.964415795272373]]]}}, {"type": "Feature", "properties": {"unit_id": "QZSTM_157", "case_name": "Quzhou Shuitingmen Historical District", "space_type": "tourism_core"}, "geometry": {"type": "Polygon", "coordinates": [[[118.8575164376936, 28.964257155589138], [118.86111643769361, 28.964257155589138], [118.86111643769361, 28.967857155589137], [118.8575164376936, 28.967857155589137], [118.8575164376936, 28.964257155589138]]]}}, {"type": "Feature", "properties": {"unit_id": "QZSTM_158", "case_name": "Quzhou Shuitingmen Historical District", "space_type": "tourism_core"}, "geometry": {"type": "Polygon", "coordinates": [[[118.86672314878908, 28.969210002844463], [118.87032314878908, 28.969210002844463], [118.87032314878908, 28.97281000284446], [118.86672314878908, 28.97281000284446], [118.86672314878908, 28.969210002844463]]]}}, {"type": "Feature", "properties": {"unit_id": "QZSTM_159", "case_name": "Quzhou Shuitingmen Historical District", "space_type": "heritage_core"}, "geometry": {"type": "Polygon", "coordinates": [[[118.85400276519319, 28.97345080086166], [118.85760276519319, 28.97345080086166], [118.85760276519319, 28.977050800861658], [118.85400276519319, 28.977050800861658], [118.85400276519319, 28.97345080086166]]]}}, {"type": "Feature", "properties": {"unit_id": "QZSTM_160", "case_name": "Quzhou Shuitingmen Historical District", "space_type": "local_life_area"}, "geometry": {"type": "Polygon", "coordinates": [[[118.87915226718725, 28.98380178606908], [118.88275226718726, 28.98380178606908], [118.88275226718726, 28.98740178606908], [118.87915226718725, 28.98740178606908], [118.87915226718725, 28.98380178606908]]]}}, {"type": "Feature", "properties": {"unit_id": "QZSTM_161", "case_name": "Quzhou Shuitingmen Historical District", "space_type": "local_life_area"}, "geometry": {"type": "Polygon", "coordinates": [[[118.86961241380502, 28.975458113251886], [118.87321241380502, 28.975458113251886], [118.87321241380502, 28.979058113251885], [118.86961241380502, 28.979058113251885], [118.86961241380502, 28.975458113251886]]]}}, {"type": "Feature", "properties": {"unit_id": "QZSTM_162", "case_name": "Quzhou Shuitingmen Historical District", "space_type": "tourism_core"}, "geometry": {"type": "Polygon", "coordinates": [[[118.8821715362678, 28.9737705364457], [118.88577153626781, 28.9737705364457], [118.88577153626781, 28.977370536445697], [118.8821715362678, 28.977370536445697], [118.8821715362678, 28.9737705364457]]]}}, {"type": "Feature", "properties": {"unit_id": "QZSTM_163", "case_name": "Quzhou Shuitingmen Historical District", "space_type": "tourism_core"}, "geometry": {"type": "Polygon", "coordinates": [[[118.84832409323295, 28.977790473389607], [118.85192409323295, 28.977790473389607], [118.85192409323295, 28.981390473389606], [118.84832409323295, 28.981390473389606], [118.84832409323295, 28.977790473389607]]]}}, {"type": "Feature", "properties": {"unit_id": "QZSTM_164", "case_name": "Quzhou Shuitingmen Historical District", "space_type": "tourism_core"}, "geometry": {"type": "Polygon", "coordinates": [[[118.85819752248177, 28.97358989899279], [118.86179752248178, 28.97358989899279], [118.86179752248178, 28.977189898992787], [118.85819752248177, 28.977189898992787], [118.85819752248177, 28.97358989899279]]]}}, {"type": "Feature", "properties": {"unit_id": "QZSTM_165", "case_name": "Quzhou Shuitingmen Historical District", "space_type": "tourism_core"}, "geometry": {"type": "Polygon", "coordinates": [[[118.85627599731988, 28.96015909235802], [118.85987599731989, 28.96015909235802], [118.85987599731989, 28.963759092358018], [118.85627599731988, 28.963759092358018], [118.85627599731988, 28.96015909235802]]]}}, {"type": "Feature", "properties": {"unit_id": "QZSTM_166", "case_name": "Quzhou Shuitingmen Historical District", "space_type": "cultural_core"}, "geometry": {"type": "Polygon", "coordinates": [[[118.8597805883875, 28.96061170137809], [118.8633805883875, 28.96061170137809], [118.8633805883875, 28.96421170137809], [118.8597805883875, 28.96421170137809], [118.8597805883875, 28.96061170137809]]]}}, {"type": "Feature", "properties": {"unit_id": "QZSTM_167", "case_name": "Quzhou Shuitingmen Historical District", "space_type": "heritage_core"}, "geometry": {"type": "Polygon", "coordinates": [[[118.85946286640339, 28.97105635932746], [118.8630628664034, 28.97105635932746], [118.8630628664034, 28.974656359327458], [118.85946286640339, 28.974656359327458], [118.85946286640339, 28.97105635932746]]]}}, {"type": "Feature", "properties": {"unit_id": "QZSTM_168", "case_name": "Quzhou Shuitingmen Historical District", "space_type": "cultural_core"}, "geometry": {"type": "Polygon", "coordinates": [[[118.87292184291199, 28.96010369160353], [118.876521842912, 28.96010369160353], [118.876521842912, 28.963703691603527], [118.87292184291199, 28.963703691603527], [118.87292184291199, 28.96010369160353]]]}}, {"type": "Feature", "properties": {"unit_id": "QZSTM_169", "case_name": "Quzhou Shuitingmen Historical District", "space_type": "tourism_core"}, "geometry": {"type": "Polygon", "coordinates": [[[118.84551548642807, 28.96903839646487], [118.84911548642808, 28.96903839646487], [118.84911548642808, 28.97263839646487], [118.84551548642807, 28.97263839646487], [118.84551548642807, 28.96903839646487]]]}}, {"type": "Feature", "properties": {"unit_id": "QZSTM_170", "case_name": "Quzhou Shuitingmen Historical District", "space_type": "heritage_core"}, "geometry": {"type": "Polygon", "coordinates": [[[118.8634855468566, 28.98152672165631], [118.8670855468566, 28.98152672165631], [118.8670855468566, 28.985126721656307], [118.8634855468566, 28.985126721656307], [118.8634855468566, 28.98152672165631]]]}}, {"type": "Feature", "properties": {"unit_id": "QZSTM_171", "case_name": "Quzhou Shuitingmen Historical District", "space_type": "heritage_core"}, "geometry": {"type": "Polygon", "coordinates": [[[118.8581560809724, 28.951104337917748], [118.86175608097241, 28.951104337917748], [118.86175608097241, 28.954704337917747], [118.8581560809724, 28.954704337917747], [118.8581560809724, 28.951104337917748]]]}}, {"type": "Feature", "properties": {"unit_id": "QZSTM_172", "case_name": "Quzhou Shuitingmen Historical District", "space_type": "tourism_core"}, "geometry": {"type": "Polygon", "coordinates": [[[118.88363816583762, 28.96842195979542], [118.88723816583763, 28.96842195979542], [118.88723816583763, 28.97202195979542], [118.88363816583762, 28.97202195979542], [118.88363816583762, 28.96842195979542]]]}}, {"type": "Feature", "properties": {"unit_id": "QZSTM_173", "case_name": "Quzhou Shuitingmen Historical District", "space_type": "tourism_core"}, "geometry": {"type": "Polygon", "coordinates": [[[118.86455331559442, 28.967386945592548], [118.86815331559443, 28.967386945592548], [118.86815331559443, 28.970986945592546], [118.86455331559442, 28.970986945592546], [118.86455331559442, 28.967386945592548]]]}}, {"type": "Feature", "properties": {"unit_id": "QZSTM_174", "case_name": "Quzhou Shuitingmen Historical District", "space_type": "local_life_area"}, "geometry": {"type": "Polygon", "coordinates": [[[118.84517270386215, 28.966552537840407], [118.84877270386215, 28.966552537840407], [118.84877270386215, 28.970152537840406], [118.84517270386215, 28.970152537840406], [118.84517270386215, 28.966552537840407]]]}}, {"type": "Feature", "properties": {"unit_id": "QZSTM_175", "case_name": "Quzhou Shuitingmen Historical District", "space_type": "heritage_core"}, "geometry": {"type": "Polygon", "coordinates": [[[118.86214705815533, 28.979487461096472], [118.86574705815534, 28.979487461096472], [118.86574705815534, 28.98308746109647], [118.86214705815533, 28.98308746109647], [118.86214705815533, 28.979487461096472]]]}}, {"type": "Feature", "properties": {"unit_id": "QZSTM_176", "case_name": "Quzhou Shuitingmen Historical District", "space_type": "cultural_core"}, "geometry": {"type": "Polygon", "coordinates": [[[118.86898148427893, 28.95272734549878], [118.87258148427894, 28.95272734549878], [118.87258148427894, 28.956327345498778], [118.86898148427893, 28.956327345498778], [118.86898148427893, 28.95272734549878]]]}}, {"type": "Feature", "properties": {"unit_id": "QZSTM_177", "case_name": "Quzhou Shuitingmen Historical District", "space_type": "heritage_core"}, "geometry": {"type": "Polygon", "coordinates": [[[118.86561122282113, 28.98328500913904], [118.86921122282114, 28.98328500913904], [118.86921122282114, 28.986885009139037], [118.86561122282113, 28.986885009139037], [118.86561122282113, 28.98328500913904]]]}}, {"type": "Feature", "properties": {"unit_id": "QZSTM_178", "case_name": "Quzhou Shuitingmen Historical District", "space_type": "heritage_core"}, "geometry": {"type": "Polygon", "coordinates": [[[118.85955704916029, 28.96216377088974], [118.8631570491603, 28.96216377088974], [118.8631570491603, 28.96576377088974], [118.85955704916029, 28.96576377088974], [118.85955704916029, 28.96216377088974]]]}}, {"type": "Feature", "properties": {"unit_id": "QZSTM_179", "case_name": "Quzhou Shuitingmen Historical District", "space_type": "local_life_area"}, "geometry": {"type": "Polygon", "coordinates": [[[118.85777598388874, 28.949521214306298], [118.86137598388875, 28.949521214306298], [118.86137598388875, 28.953121214306297], [118.85777598388874, 28.953121214306297], [118.85777598388874, 28.949521214306298]]]}}, {"type": "Feature", "properties": {"unit_id": "QZSTM_180", "case_name": "Quzhou Shuitingmen Historical District", "space_type": "cultural_core"}, "geometry": {"type": "Polygon", "coordinates": [[[118.84899255950546, 28.972472772439943], [118.85259255950547, 28.972472772439943], [118.85259255950547, 28.97607277243994], [118.84899255950546, 28.97607277243994], [118.84899255950546, 28.972472772439943]]]}}, {"type": "Feature", "properties": {"unit_id": "QZSTM_181", "case_name": "Quzhou Shuitingmen Historical District", "space_type": "local_life_area"}, "geometry": {"type": "Polygon", "coordinates": [[[118.87159478527245, 28.982213799289347], [118.87519478527246, 28.982213799289347], [118.87519478527246, 28.985813799289346], [118.87159478527245, 28.985813799289346], [118.87159478527245, 28.982213799289347]]]}}, {"type": "Feature", "properties": {"unit_id": "QZSTM_182", "case_name": "Quzhou Shuitingmen Historical District", "space_type": "local_life_area"}, "geometry": {"type": "Polygon", "coordinates": [[[118.86497362152342, 28.97519428984098], [118.86857362152342, 28.97519428984098], [118.86857362152342, 28.97879428984098], [118.86497362152342, 28.97879428984098], [118.86497362152342, 28.97519428984098]]]}}, {"type": "Feature", "properties": {"unit_id": "QZSTM_183", "case_name": "Quzhou Shuitingmen Historical District", "space_type": "heritage_core"}, "geometry": {"type": "Polygon", "coordinates": [[[118.87539700470514, 28.961715938443252], [118.87899700470514, 28.961715938443252], [118.87899700470514, 28.96531593844325], [118.87539700470514, 28.96531593844325], [118.87539700470514, 28.961715938443252]]]}}, {"type": "Feature", "properties": {"unit_id": "QZSTM_184", "case_name": "Quzhou Shuitingmen Historical District", "space_type": "heritage_core"}, "geometry": {"type": "Polygon", "coordinates": [[[118.85100247839709, 28.96907178766879], [118.8546024783971, 28.96907178766879], [118.8546024783971, 28.972671787668787], [118.85100247839709, 28.972671787668787], [118.85100247839709, 28.96907178766879]]]}}, {"type": "Feature", "properties": {"unit_id": "QZSTM_185", "case_name": "Quzhou Shuitingmen Historical District", "space_type": "heritage_core"}, "geometry": {"type": "Polygon", "coordinates": [[[118.86446260447822, 28.978666673552556], [118.86806260447823, 28.978666673552556], [118.86806260447823, 28.982266673552555], [118.86446260447822, 28.982266673552555], [118.86446260447822, 28.978666673552556]]]}}, {"type": "Feature", "properties": {"unit_id": "QZSTM_186", "case_name": "Quzhou Shuitingmen Historical District", "space_type": "local_life_area"}, "geometry": {"type": "Polygon", "coordinates": [[[118.84360418854114, 28.959259630439732], [118.84720418854114, 28.959259630439732], [118.84720418854114, 28.96285963043973], [118.84360418854114, 28.96285963043973], [118.84360418854114, 28.959259630439732]]]}}, {"type": "Feature", "properties": {"unit_id": "QZSTM_187", "case_name": "Quzhou Shuitingmen Historical District", "space_type": "heritage_core"}, "geometry": {"type": "Polygon", "coordinates": [[[118.8423800886921, 28.977714705264976], [118.8459800886921, 28.977714705264976], [118.8459800886921, 28.981314705264975], [118.8423800886921, 28.981314705264975], [118.8423800886921, 28.977714705264976]]]}}, {"type": "Feature", "properties": {"unit_id": "QZSTM_188", "case_name": "Quzhou Shuitingmen Historical District", "space_type": "heritage_core"}, "geometry": {"type": "Polygon", "coordinates": [[[118.8688402450285, 28.945370177461317], [118.8724402450285, 28.945370177461317], [118.8724402450285, 28.948970177461316], [118.8688402450285, 28.948970177461316], [118.8688402450285, 28.945370177461317]]]}}, {"type": "Feature", "properties": {"unit_id": "QZSTM_189", "case_name": "Quzhou Shuitingmen Historical District", "space_type": "local_life_area"}, "geometry": {"type": "Polygon", "coordinates": [[[118.85914289620057, 28.972703792956647], [118.86274289620057, 28.972703792956647], [118.86274289620057, 28.976303792956646], [118.85914289620057, 28.976303792956646], [118.85914289620057, 28.972703792956647]]]}}, {"type": "Feature", "properties": {"unit_id": "QZSTM_190", "case_name": "Quzhou Shuitingmen Historical District", "space_type": "local_life_area"}, "geometry": {"type": "Polygon", "coordinates": [[[118.85727312940698, 28.963818108247654], [118.86087312940698, 28.963818108247654], [118.86087312940698, 28.967418108247653], [118.85727312940698, 28.967418108247653], [118.85727312940698, 28.963818108247654]]]}}, {"type": "Feature", "properties": {"unit_id": "QZSTM_191", "case_name": "Quzhou Shuitingmen Historical District", "space_type": "cultural_core"}, "geometry": {"type": "Polygon", "coordinates": [[[118.86272446171871, 28.971998311902468], [118.86632446171872, 28.971998311902468], [118.86632446171872, 28.975598311902466], [118.86272446171871, 28.975598311902466], [118.86272446171871, 28.971998311902468]]]}}, {"type": "Feature", "properties": {"unit_id": "QZSTM_192", "case_name": "Quzhou Shuitingmen Historical District", "space_type": "tourism_core"}, "geometry": {"type": "Polygon", "coordinates": [[[118.85156223870922, 28.96039604910237], [118.85516223870923, 28.96039604910237], [118.85516223870923, 28.96399604910237], [118.85156223870922, 28.96399604910237], [118.85156223870922, 28.96039604910237]]]}}, {"type": "Feature", "properties": {"unit_id": "QZSTM_193", "case_name": "Quzhou Shuitingmen Historical District", "space_type": "heritage_core"}, "geometry": {"type": "Polygon", "coordinates": [[[118.87842672757469, 28.950517203753197], [118.8820267275747, 28.950517203753197], [118.8820267275747, 28.954117203753196], [118.87842672757469, 28.954117203753196], [118.87842672757469, 28.950517203753197]]]}}, {"type": "Feature", "properties": {"unit_id": "QZSTM_194", "case_name": "Quzhou Shuitingmen Historical District", "space_type": "cultural_core"}, "geometry": {"type": "Polygon", "coordinates": [[[118.84390552470202, 28.959320997653855], [118.84750552470203, 28.959320997653855], [118.84750552470203, 28.962920997653853], [118.84390552470202, 28.962920997653853], [118.84390552470202, 28.959320997653855]]]}}, {"type": "Feature", "properties": {"unit_id": "QZSTM_195", "case_name": "Quzhou Shuitingmen Historical District", "space_type": "heritage_core"}, "geometry": {"type": "Polygon", "coordinates": [[[118.83611840082774, 28.95493788324979], [118.83971840082775, 28.95493788324979], [118.83971840082775, 28.95853788324979], [118.83611840082774, 28.95853788324979], [118.83611840082774, 28.95493788324979]]]}}, {"type": "Feature", "properties": {"unit_id": "QZSTM_196", "case_name": "Quzhou Shuitingmen Historical District", "space_type": "local_life_area"}, "geometry": {"type": "Polygon", "coordinates": [[[118.84803566759443, 28.97429868084212], [118.85163566759444, 28.97429868084212], [118.85163566759444, 28.97789868084212], [118.84803566759443, 28.97789868084212], [118.84803566759443, 28.97429868084212]]]}}, {"type": "Feature", "properties": {"unit_id": "QZSTM_197", "case_name": "Quzhou Shuitingmen Historical District", "space_type": "local_life_area"}, "geometry": {"type": "Polygon", "coordinates": [[[118.87233324167053, 28.96935163479151], [118.87593324167054, 28.96935163479151], [118.87593324167054, 28.97295163479151], [118.87233324167053, 28.97295163479151], [118.87233324167053, 28.96935163479151]]]}}, {"type": "Feature", "properties": {"unit_id": "QZSTM_198", "case_name": "Quzhou Shuitingmen Historical District", "space_type": "tourism_core"}, "geometry": {"type": "Polygon", "coordinates": [[[118.8659677061427, 28.963476869616958], [118.8695677061427, 28.963476869616958], [118.8695677061427, 28.967076869616957], [118.8659677061427, 28.967076869616957], [118.8659677061427, 28.963476869616958]]]}}, {"type": "Feature", "properties": {"unit_id": "QZSTM_199", "case_name": "Quzhou Shuitingmen Historical District", "space_type": "cultural_core"}, "geometry": {"type": "Polygon", "coordinates": [[[118.8611754408252, 28.97699151247672], [118.86477544082521, 28.97699151247672], [118.86477544082521, 28.980591512476717], [118.8611754408252, 28.980591512476717], [118.8611754408252, 28.97699151247672]]]}}, {"type": "Feature", "properties": {"unit_id": "QZSTM_200", "case_name": "Quzhou Shuitingmen Historical District", "space_type": "local_life_area"}, "geometry": {"type": "Polygon", "coordinates": [[[118.86527522829552, 28.98032047736269], [118.86887522829552, 28.98032047736269], [118.86887522829552, 28.983920477362688], [118.86527522829552, 28.983920477362688], [118.86527522829552, 28.98032047736269]]]}}]}