unit_id,case_name,city,district,longitude,latitude,space_type,treat,update_year,year,post,update_type,update_intensity,poi_density,green_view_index,ndvi,lst,night_light,road_density,transit_accessibility,cultural_facility_density,commercial_density,sentiment_score,heritage_integrity,pedestrian_accessibility,mobility_intensity,pedestrian_count,checkin_density,public_service_density,life_service_coverage,land_use_mix,fifteen_minute_life_circle,waterfront_accessibility,walkability,safety_score,aesthetic_score,cultural_identity_score,complaint_reduction,commercial_growth,enterprise_density,rent_growth,consumption_heat,store_opening_rate,historic_building_density,traditional_street_continuity,local_culture_keyword_score,building_density,building_age,block_size,distance_to_cbd,distance_to_waterfront,distance_to_metro,distance_to_bus,distance_to_park,public_space_improvement,heritage_renovation_intensity,commercial_upgrade_intensity,population_density,initial_commercial_density,governance_type,heritage_constraint,tourism_business_density,nighttime_consumption,public_space_node_density,industrial_reuse_intensity,office_poi_growth
SHWB_001,Shanghai West Bund,Shanghai,Control Fringe,121.46860633537496,31.190545633585568,waterfront_core,0,2020,2024,1,industrial_waterfront,0.6174929409536035,352.3853368213371,0.7237438276169794,0.5158935215404111,28.97374645397271,52.605860772369624,6.693640723310099,0.4951521599183843,17.599314605399716,296.43687372379566,0.8169692036953711,0.4264881387671297,0.8146727295910469,1800.0,4500.0,212.92306027453978,32.065062574340715,0.6587485590102217,0.59156822507168,0.6478620035553281,0.9181926946814911,0.6653521960882135,0.670217284555678,0.676750138778041,0.5168699053562399,0.6218762542265627,0.47220947413206515,180.0,0.327593700559274,0.5013342187062692,0.3584281844680641,15.741984802501971,0.4964364797280423,0.5277708469268284,3.7403821259465557,53.37360204306695,5.420754741713208,13.81098744801494,0.2644386498538584,2.1546593757636914,1.1751629868854974,1.9688130006377509,0.6506137522576877,0.29610168111046975,0.03140948419804443,18822.649176163526,114.62342861729475,public_private_partnership,0.37458327107564554,0.34582774349062945,0.36138876683782456,0.5797837063654959,0.7164318293906075,0.1312360443280445
SHWB_002,Shanghai West Bund,Shanghai,Core,121.44632061888495,31.181577052649654,waterfront_core,1,2020,2024,1,industrial_waterfront,0.5924596012400811,396.11546827789493,0.8997790506835013,0.5938851128980913,26.940642481215313,65.01419984061785,5.98408425259518,0.5749094770418103,21.11723815967474,321.7028354955178,0.7694681535605744,0.42170372265999606,0.9619049865802232,1800.0,4500.0,196.03345621823277,42.0,0.7276546407059704,0.7072380419109703,0.7564997138481564,0.8934959157498314,1.0,0.8490938158396047,0.8830614066908526,0.668891733457912,0.8083776220008075,0.5243667743283696,175.1895878290917,0.36583854755875167,0.6280644121753094,0.4797171866047348,19.78742120123128,0.5618942607260347,0.6835032663834402,2.1086527194056544,66.58796920145251,2.2946749443410677,14.871245782486518,0.23375767342478043,2.1800559073115076,0.7604708783140888,0.9860934534523902,0.9221548623840126,0.24632632880770555,0.1668898052675904,17974.398870448844,10.0,public_private_partnership,0.43558930443896726,0.21756870921514107,0.4375714031873677,0.9147192169625443,0.7907353242950641,0.6071639891416362
SHWB_003,Shanghai West Bund,Shanghai,Core,121.45136310994634,31.180098740366994,cultural_core,1,2020,2024,1,industrial_waterfront,1.0,387.81801916063336,0.9909671516012776,0.6911902218740893,28.590969422776425,88.67649233095193,6.065862675778085,0.6437199202029583,33.93961203645132,360.0,1.0,0.3066835132424894,1.0,1800.0,4500.0,220.0,42.0,0.746803296608227,0.48215133040114677,0.7754830264076298,0.7693708952450513,1.0,0.8717869677685985,1.0,0.8264550303534377,0.7967797942992693,0.6208470603321656,144.14217850677144,0.5338470209281897,0.7309299525762609,0.469077370629567,22.106182995336706,0.5033683592062497,0.6809951845576314,2.283520496163834,60.21100689179524,2.5267855066311102,13.625825408894793,1.853492086689684,2.4615376233818393,1.4676502776476592,0.05,0.7624742510978149,0.2940177777218427,0.1294960957896903,13345.297974650553,82.91976048184702,public_private_partnership,0.3483952939068073,0.17186737202932356,0.579827562405264,0.9247825881390802,0.7511817386830174,0.6523621150286287
SHWB_004,Shanghai West Bund,Shanghai,Control Fringe,121.46117678921249,31.17338685378594,waterfront_core,0,2020,2024,1,industrial_waterfront,0.9160263425050668,434.7838975843841,0.6880061004108141,0.5464102514882017,30.283931619298432,56.81519372947732,9.067797001802615,0.6624906542822118,21.26615829092356,360.0,0.7568186858594605,0.35032219665879094,0.6720540149610655,1800.0,4500.0,220.0,42.0,0.6475318909386789,0.7620389017439352,0.767153001085127,0.8055345867505119,0.7027339597880077,0.6512259797862546,0.7098478031891582,0.6967131655086496,0.5252587206972408,0.7611638048725626,180.0,0.3309083400244191,0.667012181195122,0.42692574679713813,11.004217489546892,0.4022771767406796,0.6649138464366745,2.298529282515741,51.53964008787577,5.1393459005070525,8.51299088148864,1.4433155563336635,1.7507694834710987,0.6295861971694913,2.2096502764558457,0.47894899386971973,0.2475790624902729,0.6107885581164286,20940.171431885425,204.60570538390817,government_led,0.48387559304670535,0.5749539180796549,0.5172233564341342,0.648868454877815,0.8484855856482714,0.12401052722918184
SHWB_005,Shanghai West Bund,Shanghai,Core,121.46113846149908,31.17380955376686,cultural_core,1,2020,2024,1,industrial_waterfront,0.5782627673154701,579.1567455513377,0.8184596368176662,0.7263651633607997,25.91109513685227,90.0,7.159655116478954,0.6031790171917355,32.87242418353455,360.0,1.0,0.28127850366892687,0.9359558180940678,1800.0,4500.0,220.0,42.0,0.8272874912524925,0.5911197350660061,0.8950856164774539,1.0,0.9636763261448414,1.0,1.0,0.6828978046196237,0.7540669634571944,0.823491813889714,180.0,0.5785957575964557,0.9107549128657405,0.49833993861462517,13.0160154692592,0.4736100688037836,0.682556519951417,3.7465158526965494,69.51325785740968,4.556820250906155,13.34687070074732,0.05,1.551639223449351,1.0003133754055873,1.7504013997694585,0.7711930209724693,0.2341017863332934,0.26368630322640957,24855.88904512729,106.41337060717971,public_private_partnership,0.23045224277807816,0.3893793920448053,0.7980677134256264,0.8804889984258727,0.6528226456786215,0.726471361590262
SHWB_006,Shanghai West Bund,Shanghai,Core,121.4203532954944,31.189910878478052,industrial_reuse_area,1,2020,2024,1,industrial_waterfront,1.0,514.2072116316469,0.7329517772748959,0.6035430400585993,29.467940146966004,58.392088867846965,8.547986475998915,0.7697484030877072,28.265665428028647,317.65077030437186,0.6512852113895954,0.2669472680177429,0.6025840186292245,1800.0,4500.0,198.28117497971934,42.0,0.6410615571256064,0.6942660185988253,0.8656338561278095,1.0,0.7565432007657943,0.8227420448414594,0.8364093394430756,0.5882921435578855,0.6277263413609133,0.5137165744447519,180.0,0.4199922640134851,0.6400712975526425,0.48938483473645294,12.528400141838294,0.48733049557650987,0.6175956507785867,3.6354175670810918,46.46622069630143,5.140701360000815,7.6936257916912005,0.42390934066094504,1.5876438310278134,0.6773585621702284,2.7688091955979615,0.4241398115030143,0.2888139007556112,0.30644892750662295,29811.419781965396,66.09086786931917,government_led,0.25273844962998243,0.2644617792728479,0.4183957926516687,0.36014260833514355,0.9189263184526861,0.6669167096006994
SHWB_007,Shanghai West Bund,Shanghai,Control Fringe,121.45392251218642,31.199090409928406,residential_edge,0,2020,2024,1,industrial_waterfront,0.6917223263730157,644.7701675840667,0.7538667760660972,0.543159339761832,28.526337702911093,37.32611701742201,12.0,0.7488223345153819,25.556058294564174,270.8709985829489,0.8133488844137361,0.31012406048246205,0.8365078377155173,1700.298768091028,4258.911290414537,93.4114237448311,42.0,0.8662921631499753,0.7599814192482521,0.9002201711864952,0.7035421608432909,1.0,0.8682412910633447,0.9134022492217504,0.532606093387144,0.7318072365716564,0.48565960487108334,180.0,0.39292839733069096,0.6640671854709983,0.4180543043586066,12.470580286372133,0.5079341996177364,0.6128272896333923,4.511776156700876,24.285814712756622,4.80819375278029,4.789550769657251,1.5897311156593061,0.4525333763298276,0.41979513549939157,1.9218153970628624,0.646702112378742,0.29750654940592547,0.18943732955798354,31374.808001679932,99.72805979352705,government_led,0.3582129035056855,0.33233126822284687,0.1419540304611279,0.7969875238241669,0.8568761515907195,0.13056532435821813
SHWB_008,Shanghai West Bund,Shanghai,Core,121.45093087760927,31.17706501486706,waterfront_core,1,2020,2024,1,industrial_waterfront,1.0,621.7449968403608,0.9458480073013883,0.7102167278600053,25.74782803061976,89.97423099320318,7.885607204117978,0.8095561399881226,35.0,360.0,1.0,0.433582201248873,1.0,1800.0,4500.0,220.0,42.0,0.8206865152471171,0.6943888473523936,0.8512559400768571,0.6538332740314226,1.0,0.9945884115404173,1.0,0.9165200178850961,1.0,0.869558727825845,180.0,0.6929854376828468,0.956713794710122,0.7170152351698929,20.231026179597844,0.5540204839168417,0.8717892143452454,2.9196367052563357,43.793533146331654,1.5,8.997183712261716,2.599988250232302,0.6921887521356215,0.595782099435429,0.11892912120581284,1.0,0.4366582736476645,0.6130585167661983,26504.172691168642,169.66865893867896,public_private_partnership,0.42238586751415946,0.5589386926591629,0.7302527071763667,0.946860407511131,0.6587306154782944,0.9239060398222516
SHWB_009,Shanghai West Bund,Shanghai,Core,121.45726804858668,31.185441160171074,cultural_core,1,2020,2024,1,industrial_waterfront,0.7936687324312922,493.2790721423989,1.0,0.7273228962168208,29.842295793451147,89.1506799034485,7.022784950660723,0.6806105629068874,24.09015143897254,360.0,1.0,0.46283789056278335,1.0,1800.0,4500.0,220.0,42.0,0.7835788318574723,0.5148937394303744,0.6681107767619103,0.8842778118633184,1.0,0.9325187716006973,1.0,0.805466510207302,0.9886993753016389,0.665942253251085,138.48068425079538,0.3929151708466381,0.8248593129784962,0.4811806076620146,18.253101933114234,0.6444509507305474,0.6875293103004272,2.242852164334907,72.3501470812395,2.2041020017482653,10.489649813949622,0.8416510321739659,1.856400511149224,1.018749770842166,0.6302004190483029,0.832170764720848,0.41985605876845056,0.05948185084271765,20512.545601036665,67.0418919360482,public_private_partnership,0.5967612052106845,0.10447421707177215,0.6333867490374607,0.9266075077680579,0.7903235582282584,0.9997487053579923
SHWB_010,Shanghai West Bund,Shanghai,Core,121.44039724526368,31.19360628333559,industrial_reuse_area,1,2020,2024,1,industrial_waterfront,1.0,481.1704559230198,1.0,0.733570769133135,26.711116237899788,90.0,8.69842172803201,0.6615485164689471,30.424773905227255,360.0,0.7924079666104576,0.26174343806039674,0.8952765245215311,1800.0,4500.0,220.0,42.0,0.956571143565009,0.523935140976885,0.86948633848795,0.9113253936794062,1.0,0.9469706835370321,0.9240492711379825,0.78866718000214,0.9000432941376081,0.7078992935066926,180.0,0.40566064953508835,0.8939874180144732,0.39251639507684133,19.118411912806202,0.5402884594475204,0.6221051143087125,2.0305627384886007,46.628700805325394,3.546305324076846,8.376627519197172,0.6609822442271359,2.033634573853933,0.9707056211702725,0.18134581625964935,0.8870715812225929,0.26503650984708343,0.1691374970643846,20025.103141969194,75.63577072163045,government_led,0.34883750278180725,0.1483054734505232,0.795118404485206,0.8886163948266156,0.8797326334838643,0.6420441331940238
SHWB_011,Shanghai West Bund,Shanghai,Control Fringe,121.46223961741553,31.18614604030889,industrial_reuse_area,0,2020,2024,1,industrial_waterfront,0.7551413101607407,387.72953170811724,0.7874843981447011,0.5494378461120204,28.67958458179315,52.17082022663185,6.537197434414296,0.6723466414243422,7.677895373037845,286.1650155135397,0.5449815966786833,0.2696032387429196,0.6171243555422483,1800.0,4500.0,160.1913526635639,34.209802310347,0.5459179235836393,0.5347253524963916,0.6024193119135527,0.7868109592596965,0.8218587790216648,0.7314198534423234,0.788557297499896,0.4842432111841477,0.6159997415730353,0.5640906934841187,167.83596323037068,0.3210799713208196,0.4426430626308434,0.43728797932458296,14.707166062243385,0.39287187519867894,0.5640761697721937,3.012801315030303,70.36917102536731,3.481694809364034,11.464941275452455,2.212249551692739,2.1777294273425536,1.0706829620330978,1.3961306978161767,0.7104666913078912,0.16150812580123725,0.244098477281409,15570.551362058415,52.200317247135125,government_led,0.311488246161914,0.2743782481194001,0.4208194697978122,0.7230049187707946,0.6138019036389214,0.12625179132143413
SHWB_012,Shanghai West Bund,Shanghai,Core,121.45950233660683,31.177190579590103,cultural_core,1,2020,2024,1,industrial_waterfront,0.6697685724750196,490.354976254395,0.8267572724574352,0.6942270530407504,28.070124088410065,72.50946266138621,6.998271776296559,0.7516804606742133,24.930683816969992,360.0,0.7118713170964674,0.4442385621714924,0.8018026205097113,1800.0,4500.0,220.0,42.0,0.7422105350169279,0.6206944563329141,0.5894374493667484,1.0,0.862531363419597,0.8254271682742826,0.7745763128923384,0.7971105261055972,0.7140195073105721,0.6245907545928855,173.1658978767684,0.4515039677050404,0.8096277090617721,0.48380896396958895,27.091845087058537,0.5457190672647227,0.7071921891273854,2.2587973425895367,59.99986686938904,5.55948384324666,13.2938516941995,0.42096153073106446,2.27980867162597,0.8761988601776856,1.5314607665086617,0.5532739776056012,0.3075412765422022,0.2393699269067538,18736.78099104736,107.04624713161502,government_led,0.47329250664365075,0.37291602606438884,0.6271392731146045,0.4954358743637207,0.7960886808536929,0.7453346442734095
SHWB_013,Shanghai West Bund,Shanghai,Core,121.46327864766505,31.201921772658682,waterfront_core,1,2020,2024,1,industrial_waterfront,0.764656394146334,582.4382274500488,0.9313650380343862,0.552158539642573,28.01215557916793,81.94568941625627,8.229109168548174,0.744194907535746,29.136822189905374,360.0,0.8903635905765713,0.26189179392980266,0.9400693101278439,1800.0,4500.0,220.0,42.0,0.7337049811531089,0.7482038430193443,0.8952372251944728,0.7382027742702452,1.0,0.9127235059921739,0.9416488378073555,0.7426036580954612,0.7913189667993002,0.6293528141652533,180.0,0.4190659300876818,0.7215862489633594,0.5619077332891167,15.1554688155954,0.36150597867807693,0.6998683388403136,2.3100921723436096,52.40900153259536,3.481552155680186,5.9894018440402075,0.9635219027187854,2.3284143370514223,0.5612804679285555,1.0698936355642954,0.754274703327298,0.2654335021423777,0.2810622916552825,23571.221325782844,129.95691381719433,public_private_partnership,0.23370826124764754,0.40055540814408797,0.5656709615699309,0.8098609582620762,0.8506296660456246,0.9287242457113111
SHWB_014,Shanghai West Bund,Shanghai,Control Fringe,121.44496512600996,31.200382934418617,industrial_reuse_area,0,2020,2024,1,industrial_waterfront,0.22931693130110445,247.9841895094565,0.7332094243133999,0.5529934021945896,27.47900436838774,65.2158752542496,7.054952008676904,0.20423875922876938,22.795982115629858,360.0,0.6449063512883623,0.49137018082395645,0.7754549985197956,1800.0,4500.0,220.0,27.953869680966054,0.5212835541717841,0.5708136113923439,0.5828008103385892,0.8640410463469059,0.8645135463913171,0.634504860180179,0.7924545178290482,0.7778412252506571,0.5626281379202621,0.5828066855777194,165.09919855162508,0.3957411400713352,0.5902203221362138,0.3077202873411594,20.90639351146992,0.5162655340908022,0.5614970124612655,2.056029980255477,56.70925423384081,3.633232384532067,14.540040977086678,0.9750136897101427,2.173304044557751,1.0980142765435896,1.3920911889529668,0.7704392174048196,0.14929383176916153,0.12298643640306954,14952.798120352969,132.74627372309544,public_private_partnership,0.486056180815505,0.4411375036763625,0.5788958535325688,0.7745053313140553,0.4220173668403312,0.24476685596672895
SHWB_015,Shanghai West Bund,Shanghai,Control Fringe,121.46383163448832,31.192408557868013,cultural_core,0,2020,2024,1,industrial_waterfront,0.33988122584425123,333.4369068018247,0.8282554587821563,0.6323121128831862,29.370193330173215,40.65278652015589,5.529282662727633,0.5434740209363568,28.930710062758436,242.97825132190763,0.8322462150719813,0.54143953077741,0.7238322919840092,1800.0,4500.0,122.17828046817822,42.0,0.5928095606029312,0.5492399115289821,0.7559329788957717,0.8066267395943711,0.8093380938919059,0.7522549939018724,0.923158089648327,0.9145516123578661,0.6463357886199222,0.49512859211502386,92.79388791155259,0.3155327105012185,0.5734181617995305,0.18443218880961199,28.850982899160034,0.600037100213075,0.5524240480607585,2.012663934906789,46.394378489835695,3.2079011979245697,13.28611288141645,1.206549175908747,2.5665768881414794,1.188960848041896,1.9741602905808788,0.6280218883593593,0.1607647339552477,0.0769812228851181,17384.582126215602,22.194184453926802,public_private_partnership,0.5513058131067702,0.026021902902298666,0.371842198809943,0.6291147541211274,0.22592345281850024,0.10090086252869246
SHWB_016,Shanghai West Bund,Shanghai,Core,121.43420077936916,31.19318566229223,cultural_core,1,2020,2024,1,industrial_waterfront,0.7916606503093826,485.2453055392163,1.0,0.7468291081682618,27.492644893561906,77.8944725840691,4.394414602334686,0.5579978381560239,32.089453959754664,360.0,1.0,0.3650596218396221,0.9089544488073578,1800.0,4500.0,220.0,42.0,0.7913701194002132,0.6269900498915139,0.6782674186450384,0.9215818397041546,1.0,1.0,1.0,0.980503201638989,0.9981877555047424,0.758778575743893,180.0,0.7217431828137625,0.9060057205545932,0.5908241022806519,26.11844993855083,0.6008833836973891,0.8434651303172582,2.1098110027557158,82.08925442560921,3.2639486680139242,12.619563317000132,1.0014381511670318,2.7269296421976685,1.2836126471784086,1.3176743431870441,0.7838276968162597,0.3007547080089526,0.29801575233063293,17243.97888715609,104.6493248524063,public_private_partnership,0.35397567865258356,0.35621996672480677,0.43624156406441433,0.9729330959292407,0.6768373819945424,0.62690609671801
SHWB_017,Shanghai West Bund,Shanghai,Core,121.45603594286477,31.171254001285522,industrial_reuse_area,1,2020,2024,1,industrial_waterfront,0.9662000555128446,308.8266706358378,0.9499383117634836,0.6910782141675168,27.708748708460643,90.0,4.0325479387569425,0.5645525331748195,29.047190344721116,360.0,0.9912413899292708,0.48508807187543745,1.0,1800.0,4500.0,220.0,39.554920868011294,0.6685524576906473,0.520137202077259,0.7453382144889364,0.7282710092862955,0.8643856698644504,0.9118595071029094,0.9803146221323749,0.8925621581773118,0.968761593334303,0.9003437666612264,180.0,0.6198740243430718,0.8629398728486088,0.482237169770512,27.692304463306552,0.5734287004808268,0.8930759194001051,1.9883375424496343,92.2206737657017,2.2193705803430235,15.509992828939453,1.4834266192560133,2.768309064291161,1.756646829379871,0.36644429458673117,0.9214358556611145,0.5831344122714847,0.5853752319461701,13855.403441508146,158.66000258881786,government_led,0.49508955461096543,0.5904816025486401,0.8098237057558901,1.0,0.8070684054994038,0.809604974850501
SHWB_018,Shanghai West Bund,Shanghai,Core,121.45820634926424,31.214535411685183,cultural_core,1,2020,2024,1,industrial_waterfront,0.970840595044622,481.6667926468511,0.9789683847410697,0.7948232995457195,25.507417251815006,73.88754137217433,6.298152299785476,0.6854532925480954,35.0,360.0,0.942442326877937,0.3342760958969311,1.0,1800.0,4500.0,220.0,42.0,0.7875863395624397,0.6014109643077821,0.7314852716644198,1.0,0.9417283780556212,1.0,0.9841675267672283,0.8926483556969577,0.7223203718084243,0.7946127869865844,180.0,0.6772418904296437,0.7262095780556495,0.6210358434726603,10.7280176363999,0.474120816985205,0.7696792314203632,1.4356562443242833,84.78997281083043,4.472429452901698,15.443136538875326,0.05,1.7695788195781752,1.2895229040892533,1.2174535966333315,0.6734697722554924,0.3783196331416769,0.32963351394160134,16707.29778826543,119.09070523816621,government_led,0.4138085938955181,0.3608046621932626,0.44404790971999913,0.7156933990534865,0.8278752999196763,0.8508618304653995
SHWB_019,Shanghai West Bund,Shanghai,Core,121.46271593577094,31.182739043867223,cultural_core,1,2020,2024,1,industrial_waterfront,0.7085270384320796,650.0,0.828586098816158,0.7300303761297667,29.32367412571237,63.27611217702933,10.850491720853064,0.7320020194054706,23.381829934921495,360.0,0.7832202530764577,0.5723552904800462,0.875160795958721,1800.0,4500.0,220.0,42.0,0.9219922822781216,0.8228291553575809,0.8911052980569983,1.0,1.0,0.8311473305550541,0.9293744505382135,0.8154726945440448,0.848842089464485,0.6230523625127643,180.0,0.4739735083977099,0.791834873922038,0.46872818243725567,30.169501537038578,0.7307830674080593,0.84209764243996,4.485846615557359,15.96066296811695,4.995840220283459,1.0,0.20295177751037935,0.8783071152595738,0.05,0.8898903712251918,0.6726356695734229,0.4396460052826297,0.3143835632787819,32976.17739422167,88.2244563525152,public_private_partnership,0.5223845849356729,0.4455308832280252,0.5060588853184524,0.7608918212800838,0.7419413848957772,0.7031043627153183
SHWB_020,Shanghai West Bund,Shanghai,Core,121.43447115052852,31.20225989278798,waterfront_core,1,2020,2024,1,industrial_waterfront,1.0,650.0,0.8106190334602624,0.5990131410291546,28.05972679520422,83.96868018340518,10.601430480529105,0.7128834503260496,35.0,360.0,1.0,0.6202795078238108,0.9476814032533357,1800.0,4500.0,220.0,42.0,0.8894982686471655,0.8486256163151069,0.8435627500031528,0.718569360454346,1.0,0.8555148007661192,0.9076965820504242,1.0,0.795002033861727,0.6093494365400985,180.0,0.5241706462478206,0.7716431115009587,0.39686783994697644,31.997588475139704,0.6589572309931478,0.7739228093583541,4.020276347244633,22.776099630455665,3.5301946452916444,7.099915773634959,2.4010182578437074,0.6935964667416646,0.928479342146356,0.913242268417757,0.7610159582194416,0.5880201341781843,0.19343305189709203,26379.800606966168,93.11481784979226,public_private_partnership,0.7574025656969356,0.2528099723496771,0.5814959126808206,0.6504535186725626,0.6200740213790138,0.7405326077627032
SHWB_021,Shanghai West Bund,Shanghai,Control Fringe,121.45600690922356,31.188739873044643,cultural_core,0,2020,2024,1,industrial_waterfront,0.8752034052736776,376.8277215768476,0.893255061906314,0.6748390051951063,26.655944627088118,79.32629878134242,3.37801605861061,0.3272932895129669,24.180455925342095,360.0,0.7532627846742376,0.39787268931602304,0.8951170328707495,1800.0,4500.0,220.0,42.0,0.6455058582776948,0.5556133515958216,0.5616116094259138,0.9786532087088378,0.8252652683620779,0.7615606606333213,0.8653165907599034,0.6585170036466694,0.7507685353483013,0.6840522096574633,177.56566996498043,0.44040049163228,0.698540509853903,0.5009231467411687,18.918173770950432,0.4671951128890148,0.5628498844686644,1.3958409976163522,68.85820884876652,2.7969219837098382,13.775399294848949,0.18732774944476122,1.6518975142594614,1.1748789585918298,0.9351498891301367,0.8216816338061423,0.30220002857094075,0.5056788593634121,12730.305826772495,161.13747255431443,public_private_partnership,0.30202377954911014,0.5579898080157356,0.5938979737703938,0.8233664484992879,0.6741092380623662,0.2449220154381819
SHWB_022,Shanghai West Bund,Shanghai,Core,121.44925312703671,31.199260226803244,cultural_core,1,2020,2024,1,industrial_waterfront,1.0,650.0,0.8751596737727927,0.7376983542316915,29.215363845017716,75.14828956561523,9.486834316471697,0.7426597439357345,27.7682970921965,360.0,1.0,0.2309087399535093,0.9650795351837897,1800.0,4500.0,220.0,42.0,0.8459941081557788,0.6914814770628428,0.8880736669207241,1.0,0.8960401935941105,0.8420804591101536,0.883618345313907,0.8017446597886828,0.9251950489734309,0.7517677068281903,180.0,0.578901252655901,0.8519383273332853,0.6942807485577015,14.590929207488715,0.36493198529749016,0.8170607808310525,3.865505237320109,50.05487012820827,4.7761259516038574,7.254764776964846,0.18335851058971792,0.4965090300016308,0.5841782403579246,2.403472609754312,0.5775171955962562,0.1172886351585338,0.5859671000989553,30573.39607916687,180.94244502828894,government_led,0.17175983999515565,0.6498122259329395,0.37350451731824463,0.622638772608944,0.805772109896037,0.8774381326851208
SHWB_023,Shanghai West Bund,Shanghai,Core,121.44801633057581,31.18882575220773,cultural_core,1,2020,2024,1,industrial_waterfront,0.6430785596913023,358.6277123565905,1.0,0.7743785739204371,26.25714314209598,82.90193756648137,6.2290472442662805,0.5245510246853262,34.77253491574418,360.0,0.9827783302708688,0.44665347188493515,1.0,1800.0,4500.0,220.0,42.0,0.750825553279609,0.6017026816701506,0.7317715567854107,0.9185978558881632,1.0,1.0,1.0,0.9923536534295724,1.0,0.8255391318419055,180.0,0.4948961409787558,0.8609049838114141,0.656169294603875,24.450930650347956,0.5384524820936135,0.8972952332310581,1.907981227215089,65.86205617979866,1.7847934352041694,14.894738475143694,0.05,2.113531036066462,1.5527248864971892,0.4207528314661695,0.9981135405023753,0.42931951193211904,0.2834414595971669,15926.262563686321,119.83390641139407,government_led,0.5069448666294591,0.36594114585007126,0.620995408738634,0.9755588861332296,0.7331029451469192,0.5758127562947876
SHWB_024,Shanghai West Bund,Shanghai,Control Fringe,121.46397157660661,31.184098616850303,cultural_core,0,2020,2024,1,industrial_waterfront,0.5676882778521326,460.9579330859939,0.8845319653142252,0.7355132731264312,27.630729037248294,46.63608160781779,5.839183471803047,0.43728008561749104,13.303521855929791,201.39806502244335,0.8147747607717828,0.3785244898561989,0.9704157247354162,1800.0,4500.0,113.17720432145636,34.096418586210845,0.6791951299167315,0.5594403139440497,0.7635421141736116,0.9922158000698884,0.8855121681689331,0.8823601805169917,0.8412586795288474,0.6981438148889995,0.8771717947878596,0.48825878284688673,115.94432998100078,0.2864658491097315,0.5148284090167986,0.311515799373958,19.718436135155706,0.6046800720883715,0.6958298696482222,1.8573460893325107,60.88513238911595,3.915166414969117,8.064637923482094,0.5412132079597517,2.5781425130201288,1.1022230303151834,0.6211626446802039,0.8202417041267155,0.2258176799046432,0.025186625828413387,17336.626217648318,10.0,government_led,0.4617299451452312,0.04898585972516245,0.1913695372515654,0.8501465146951537,0.9096661770604015,0.2769899993129293
SHWB_025,Shanghai West Bund,Shanghai,Core,121.45358419825901,31.18691608208194,waterfront_core,1,2020,2024,1,industrial_waterfront,0.45123676864724127,421.52140941413853,0.8757615831860969,0.5976749896987411,28.936620891924385,90.0,6.5280381567375585,0.7386731639493397,25.574590392693125,360.0,0.9566325966958134,0.3493292699366015,0.8752914702485265,1800.0,4500.0,220.0,42.0,0.7450725441072703,0.49510313730396455,0.8131118288888118,0.8591739447028387,0.7814329912342803,0.7895749755387839,0.9532034470495604,0.8361271147784964,0.5956197979643743,0.7673506927141446,176.80018948217773,0.7035801513551707,0.8348170338152754,0.5779666355468372,21.81612552256975,0.48649033020328464,0.8035927579835374,1.833256414541541,69.79740367448599,5.345831557081883,13.261804770614843,0.6674230705714627,2.0944964892503637,1.317068033674686,1.4515866278885177,0.5881023367603029,0.19968075412914738,0.20795978331627107,19460.48475929712,76.89868516937136,government_led,0.21723805513393435,0.3498233652366829,0.6274396417340597,0.5492132624902222,0.7493029132029326,0.7559557916350113
SHWB_026,Shanghai West Bund,Shanghai,Core,121.45862502811924,31.16870325507274,industrial_reuse_area,1,2020,2024,1,industrial_waterfront,1.0,503.71585983017167,1.0,0.6534841931772828,28.27070594036379,89.36250507282968,8.959391221332588,0.7475750280063489,31.465526629426854,360.0,1.0,0.5286751084069025,1.0,1800.0,4500.0,220.0,42.0,0.9654887773930667,0.6530328743167847,0.8915651575060727,0.9962512304575887,0.8689514608334362,0.9836505472755944,1.0,0.9116628103506796,0.7640558066762106,0.7247709876289542,180.0,0.4919933448007602,0.9267254697713344,0.5340213256236276,30.508832940424945,0.5327603748957725,0.840344940585261,3.209152021179009,67.82043585036493,4.808137144330612,9.126261744382983,0.05,1.755878421645028,1.0485527779450894,1.875571854710175,0.5347654477245173,0.41248660221246064,0.340461427268223,19131.73973121198,56.73962779931954,government_led,0.5841890561768182,0.23354884906841508,0.6148667529230236,0.49314946488738187,0.3589675953851599,0.6510596028119386
SHWB_027,Shanghai West Bund,Shanghai,Core,121.44717927694106,31.175785235950148,waterfront_core,1,2020,2024,1,industrial_waterfront,0.49052809248553403,486.58711759477734,1.0,0.864234182487337,26.81558276403822,90.0,6.947658192706138,0.656883966130548,31.916661900407476,360.0,0.999005993273634,0.3109013651536085,1.0,1800.0,4500.0,220.0,42.0,0.7232031706496237,0.48071797850028053,0.9421164506712318,0.8798653109078441,1.0,0.9389047834577279,1.0,0.8661178389707281,0.9813389278087115,0.7764740889601996,180.0,0.7428298870217128,1.0,0.5709913994631235,20.617598083332275,0.45695515732544756,0.9015959663436487,2.404137929469518,68.50686809185831,2.1806071654400014,10.328539051751799,0.1998265921707374,2.0450220899779854,1.1591757870160706,1.5064092324878253,0.8199438284678569,0.1078644060017448,0.1714921267252805,19635.964865052447,142.36189533295715,government_led,0.23078296504953838,0.4007576813743779,0.8025702921028,0.7935691212466837,0.8152096383124106,0.7677880598686315
SHWB_028,Shanghai West Bund,Shanghai,Core,121.45519976859495,31.194581718903486,industrial_reuse_area,1,2020,2024,1,industrial_waterfront,0.8210649371399715,481.9741136726993,0.8020621532108997,0.6330041291398961,27.8915391901652,90.0,6.80566875457449,0.6513575197051339,23.77004926188517,360.0,0.8002276603097743,0.2605619698047965,0.8503051105810335,1800.0,4500.0,220.0,42.0,0.7596156512451969,0.49385752009714134,0.7475692037749198,0.9728297747401153,0.7925742120985564,0.8825671723703721,0.7615888484458188,0.774254020710128,0.6505262048813175,0.6937389031355071,155.30949231345127,0.21237349817695167,0.894088610875872,0.4373393866571773,10.378980419622799,0.42938075445585216,0.6448801780080452,2.666244675534229,51.7639459070664,5.899402759870309,7.472107821038901,0.3604257721280098,1.7436708012935025,0.8572684698249579,2.5034370067858833,0.49493176730381017,0.148252378437581,0.22381090313886953,19471.560931957254,39.21049073117133,public_private_partnership,0.39301593314563144,0.15374756214407415,0.9010275247556683,0.6223511592281967,0.9731588124644571,0.9297337703277351
SHWB_029,Shanghai West Bund,Shanghai,Core,121.44312462570703,31.156753178393945,waterfront_core,1,2020,2024,1,industrial_waterfront,0.9259328649328364,515.6535517847487,1.0,0.5889011402338665,29.714990577885917,70.92188330598862,4.5971919293251435,0.5909580260360399,35.0,360.0,1.0,0.43116911133090896,1.0,1800.0,4500.0,206.52627144227836,42.0,0.6743672572412627,0.6347511038187617,0.8819516035005102,0.7037317390044798,0.9170724929522803,0.7670791556367604,0.8536196242372722,0.7641669435402754,0.7723616780580985,0.6776466993880751,180.0,0.6444059993801226,0.9595176154795021,0.5653725105054455,24.24702937641747,0.5484327034824669,0.8151391478806094,2.2939182334811243,72.45585421391846,3.6234791035381675,9.621499377496246,0.9321397882456114,1.7166592660583055,1.534203894952402,1.466845066613495,0.6903562493381037,0.446737949014481,0.20744348124772102,14025.325797769516,118.00278616441092,government_led,0.5758645336548214,0.3004875314907263,0.48034336244280623,0.7269402891574775,0.6842844979770815,0.741417404047113
SHWB_030,Shanghai West Bund,Shanghai,Control Fringe,121.45699718385717,31.180051842557383,cultural_core,0,2020,2024,1,industrial_waterfront,0.7877220974472198,484.4343597255492,0.8795123244977031,0.7039771948799036,29.495635034497433,75.84061674378687,8.059229116253308,0.5445558669939599,13.1886926752016,360.0,0.6675430321703223,0.4202346093133842,1.0,1800.0,4500.0,220.0,39.531499652482545,0.710455517742534,0.5251440481512485,0.6912680174971799,0.8117456873201033,0.8271478494579564,0.7469683397154633,0.8312391942274712,0.6638354584653384,0.7004678413330372,0.7175583183514063,152.3317891458487,0.43825990205283016,0.7659484347394891,0.4226277896477074,23.395435964683692,0.5057028895846019,0.6118192875291647,3.047144251101745,44.596688782829865,3.49868163554624,7.242055206458868,0.05,1.2759116109570476,1.32603843579468,1.5314226329316298,0.7286093104406414,0.4090318534448173,0.2236774077607586,25772.641757092184,139.365871997343,public_private_partnership,0.5398375307896496,0.3859850416460966,0.5863817275615929,0.7115141756458063,0.6273885461074845,0.1625652025708409
SHWB_031,Shanghai West Bund,Shanghai,Control Fringe,121.45353652294718,31.192711274831442,industrial_reuse_area,0,2020,2024,1,industrial_waterfront,0.2652345342666446,473.9677226857159,0.9159744521211372,0.8002775470770765,26.77911312317633,48.93433842290682,8.999747353051308,0.5144351025359907,34.40530904854538,292.0251777430575,0.913424703560432,0.16997728107737892,0.894791660305782,1800.0,4500.0,181.12102131655158,42.0,0.8234292260273224,0.6271864168294357,0.7473647345321028,0.9849684314648373,0.9310666245547936,0.8504959445004857,0.8362041916646535,0.6369980712212139,0.9022730745049861,0.5476034457943119,180.0,0.5436413432592746,0.7080662391610997,0.43748186366074665,12.11898429051981,0.303733732197493,0.626630806542577,2.861136882625213,56.82240024620704,3.181323485136308,9.98242917405285,0.16028458882577418,1.7366825975107758,0.9280346504727977,0.494314914822794,0.8182985229616055,0.0032748350980047053,0.012005098445417937,19865.606259473556,38.66895297800161,public_private_partnership,0.17680000960440181,0.2596533308638932,0.38457535958664785,0.8599598213586488,0.5241509929314221,0.36021020135790116
SHWB_032,Shanghai West Bund,Shanghai,Control Fringe,121.44155327996116,31.17637481486167,industrial_reuse_area,0,2020,2024,1,industrial_waterfront,0.5717197183449195,416.7653667006432,0.6285877208705607,0.523096676131597,29.606700781749776,79.26401996377665,7.226972326439383,0.5325709700424767,22.60962513842846,360.0,0.5789974294325679,0.3934073838796174,0.6458876757136802,1800.0,4500.0,220.0,42.0,0.5399226283910209,0.48366393517334694,0.5973220026395065,0.7023698962599938,0.6759342999229325,0.6086275319058827,0.6261226407427474,0.6292634963231167,0.5807974077971194,0.5987970084523312,168.88266839449915,0.22883516337528859,0.8169839543819521,0.2735246683949589,24.826425543813308,0.5331661977603841,0.4900079710305708,2.851051228714561,45.702712620543295,5.033331419919191,6.250296971228905,1.3770473926858229,1.3122997817959492,0.6914328475229448,2.1950682274344655,0.5626343509837609,0.2961532408113087,0.2357349896091876,19101.596461309844,91.53106892197678,government_led,0.27512237967749437,0.33693189002647556,0.7267612387182704,0.5427223054390451,0.6698009321373166,0.29601154235409893
SHWB_033,Shanghai West Bund,Shanghai,Control Fringe,121.4505412257199,31.177941076635843,industrial_reuse_area,0,2020,2024,1,industrial_waterfront,0.22419845032483177,588.2083866468229,0.6210475759875793,0.5012320472202489,29.367703460294994,22.347748457570283,7.0499093628445975,0.5344629170739392,23.62953191850053,179.798090917109,0.6206390949152382,0.449692775898481,0.7431005983877236,1392.2887820170772,2964.569563858601,101.76901668048122,42.0,0.7557628102041694,0.5926896184661843,0.7183869010208923,0.9362912226374079,0.7866125222131357,0.7341813229232734,0.747260648757666,0.6181845985141746,0.5627874477081062,0.26011207965759714,178.79046828282506,0.1446355254925247,0.3691778507998572,0.3131674217402013,19.793057137885558,0.43321036254811185,0.517533882304398,3.824400630894065,33.74523798930799,5.350823672463667,4.696018061693188,1.0116800006841347,0.7452829623752485,0.8443375648291247,2.6821927833592927,0.5031656163226824,0.19088035344338283,0.0,20865.586374290728,38.920011786197946,government_led,0.5714786063142705,0.18474633810102417,0.130807498375863,0.506708832244776,0.6344469579991449,0.22869044246007725
SHWB_034,Shanghai West Bund,Shanghai,Core,121.43761077426727,31.18701346425507,waterfront_core,1,2020,2024,1,industrial_waterfront,1.0,647.7563176453166,0.9798506670622942,0.7685745658718072,29.606298351066563,90.0,7.275323945884346,0.6940965061431962,35.0,360.0,1.0,0.17634149646985475,0.9847841318084942,1800.0,4500.0,220.0,42.0,0.9871424041385521,0.6971486678051491,0.9431097230235818,0.8714503730013347,0.9926909410249385,0.9462681529165831,0.9583704870747206,0.8619466654136076,0.7720947852738305,0.7666172217920743,180.0,0.6599758307723094,0.9623484524378673,0.5175058763970665,8.713881455298921,0.45075666528779207,0.7307598331452557,3.6952741056201486,34.97086155999613,3.826885243925255,4.033246662853066,1.0399699803856266,1.3535445324976194,0.6239918329031078,1.683037458258338,0.7150634208228629,0.1461985410804598,0.5185576081067873,28817.43825470446,162.5022349772871,public_private_partnership,0.189236241712214,0.47048194572392443,1.0,0.6995170315147903,0.7701472882647374,0.889547440495448
SHWB_035,Shanghai West Bund,Shanghai,Core,121.43436609758243,31.176443065471155,residential_edge,1,2020,2024,1,industrial_waterfront,0.8004759873297105,341.661123147289,0.7389752918470034,0.7062283986377791,27.676309056212233,61.20209421487687,3.015028934535067,0.6390520490609091,35.0,358.9134126266632,0.9517437821132696,0.4801335966967511,0.9457431295134784,1800.0,4500.0,186.43940810650003,42.0,0.7663304753206488,0.4812585332360704,0.6128688034360175,0.8222510788052654,0.7960394456020603,0.8912436275258618,0.93344796239017,0.9455072965302184,0.7615958587636359,0.6521067411695687,168.0368921259906,0.5237815812110085,0.7109706976705971,0.5025245582880525,22.93474906904041,0.6025401220595961,0.6671918607661285,1.2959119680039601,57.450833179304304,3.2524643521568994,12.189709638200505,0.4360951285509064,2.8721562114876704,1.2280654041358066,0.6627967073809091,0.8086392573905342,0.33011987973410856,0.3403359607013232,7956.43255161716,127.06122917497845,public_private_partnership,0.5452281781285064,0.35164167771005983,0.42351690845695655,0.925524319138063,0.7739367343120017,0.9849546216348715
SHWB_036,Shanghai West Bund,Shanghai,Control Fringe,121.45036208907571,31.18035817619994,cultural_core,0,2020,2024,1,industrial_waterfront,0.4410222564367904,403.62000159501486,0.46986287953580236,0.3977993256790644,30.204572739688228,24.656745224628335,7.036404583628945,0.4412357790152182,18.032023169325903,360.0,0.5527865954414819,0.4836382965979524,0.6159924958471854,1060.957345481364,3148.0090535911263,220.0,42.0,0.6372244030421479,0.524668686710135,0.6626873640990251,0.7650455199892151,0.6121738951015361,0.7517684311227322,0.6211305835663813,0.7616098187287568,0.3396551557794343,0.6820131930720603,180.0,0.359787024652852,0.6113745694260705,0.4043684010989669,24.756931519540707,0.6208798256913447,0.6532702996568034,2.566137351552217,44.588868483187284,7.335190100889611,9.949886588175765,1.784478332226998,1.0743088292763152,0.7113279453097382,3.555091985381829,0.32614579233201396,0.19416080070792785,0.43268425998104304,20506.164289775563,256.1445675455767,government_led,0.5125056941650978,0.8568195150527131,0.15564029017172515,0.28793798636484674,0.34936193392099757,0.14730022178337304
SHWB_037,Shanghai West Bund,Shanghai,Control Fringe,121.44204925345173,31.188976915473685,cultural_core,0,2020,2024,1,industrial_waterfront,0.7451925051744229,285.67933640810304,0.6682758494094803,0.5152282322657878,31.55175448299038,62.2900500815485,3.780093080771289,0.4578226162367005,8.876635065929557,360.0,0.5240996199670598,0.3249913921158417,0.679871427646893,1800.0,4500.0,220.0,21.937387049667528,0.5957652902663692,0.42720963550993596,0.6695024055952116,0.8804169243959665,0.6693986902215268,0.5781773292614881,0.6699246446251651,0.48388564190421146,0.470345349147688,0.5874482604288596,152.50051616974665,0.3710394792604825,0.6520587620537598,0.293608048320954,18.46495617410405,0.6046674309110622,0.6460340432303932,1.9273658508210922,79.08499228940465,6.021858121605245,13.822501100142604,0.05,2.39325290071416,1.4213930477372876,2.653368578760979,0.4625713452326495,0.21435906824906426,0.5192161572892787,14887.881965972207,180.1169341335954,government_led,0.36994273753014617,0.5731837307321924,0.42050351877140935,0.5987196583115546,0.6804542293569039,0.061291458131024205
SHWB_038,Shanghai West Bund,Shanghai,Core,121.44500937491033,31.1909637571548,industrial_reuse_area,1,2020,2024,1,industrial_waterfront,0.536725329525479,650.0,1.0,0.8590289295817353,25.47993812317024,68.85905172841241,11.122856202761321,1.0,35.0,360.0,1.0,0.4935485732833781,1.0,1800.0,4500.0,220.0,42.0,1.0,0.716722912229992,0.9971888437282103,1.0,1.0,0.9088171677686673,1.0,0.8583476125674006,0.915112675918855,0.652804373121992,180.0,0.6352918319177362,0.8164029459159219,0.6564470171754303,23.209945143700004,0.47298285916005833,0.9176158314719506,3.620884585867338,17.149323961477442,2.66742782557224,4.380549027354429,0.5031813345691062,0.38254209984495735,0.5032063825634766,0.9121397846650499,0.8413844145458832,0.3370082578222379,0.27494292131783626,28900.78095924135,127.01485005964909,public_private_partnership,0.38364020344265015,0.531543610839615,0.33813530522794,0.9627306694909391,0.6788378905130648,0.6123239511552737
SHWB_039,Shanghai West Bund,Shanghai,Control Fringe,121.42188190246773,31.17457989121832,cultural_core,0,2020,2024,1,industrial_waterfront,0.5165604975093855,378.03184932181824,0.8368604512285842,0.655758176136655,28.747838994056185,58.860422738438544,7.607923395216749,0.4929048965694687,22.645181025445122,360.0,0.8220318838945727,0.13560415540397033,0.7382520902394878,1800.0,4500.0,220.0,42.0,0.746509355741105,0.6700042242554147,0.6610839433099536,0.7361032657168625,1.0,0.8490102062270596,0.6735671125374678,0.6223329380760937,0.7672937124615772,0.4441424524496287,180.0,0.3180869546160688,0.6390928185196022,0.39199581344886275,12.089388233085161,0.4902102128390611,0.45554407108094164,3.4165119094068137,35.190942414211584,2.340648874922996,5.77095042644342,1.0973754061773102,1.731032610485216,0.8463663823689094,0.20847441332209699,0.9050004862362038,0.07328491395208964,0.2525644092959963,18636.49721477775,126.3454477794207,public_private_partnership,0.16110140464499179,0.5264392775615393,0.5077744865525374,0.9559514972673605,0.5916737923449819,0.11747341014116057
SHWB_040,Shanghai West Bund,Shanghai,Core,121.4550687977202,31.17365525652627,industrial_reuse_area,1,2020,2024,1,industrial_waterfront,0.9326297409011752,545.660124231837,0.9203065705455449,0.5996865930896684,28.512673239380042,67.7930356830746,6.885375009629346,0.48652639494645034,35.0,360.0,0.9642854041893749,0.4305287659674793,0.932013082630657,1800.0,4500.0,220.0,42.0,0.8356333996740849,0.6428316904333851,0.7154409289758893,0.9567442662679324,1.0,0.9585423163380755,0.9436587803722231,0.9521799069239602,0.8776435112389249,0.8321206829597525,180.0,0.5694698536495973,0.843988190523762,0.6865640584004584,22.076919020655698,0.4921330115921646,0.8773153208216764,2.2413418875248703,60.68652950790378,4.837441767300115,10.435905780645415,0.37687654650559915,1.5005883576304164,0.9712116068026281,1.8080965414028716,0.5515087887741129,0.44318303848921303,0.4388722263059113,23132.310047913037,137.62882222476935,public_private_partnership,0.28287980077883934,0.5557636772619926,0.32460075461684446,0.43117915807912915,0.7760749520680391,0.9755518695109986
SHWB_041,Shanghai West Bund,Shanghai,Control Fringe,121.45576339431727,31.183229591731966,industrial_reuse_area,0,2020,2024,1,industrial_waterfront,0.3824299051680829,353.2344705075107,0.8059920877972928,0.4169658212464328,30.06644116064224,55.8592168453403,6.646858695848462,0.5589009177025686,22.868363478600813,201.3085921714774,0.7119223017348615,0.36098024488511093,0.7390577243319356,1315.5055290547907,3964.1370045217855,176.34104998994542,42.0,0.6924736735073969,0.46307627527408224,0.5721894294687938,0.7669985093018867,0.6785563260686921,0.6826231864688883,0.6856254197790149,0.5291974622253767,0.4957379647058879,0.37108116072192937,138.2319927864998,0.3562469620334096,0.4666198057586362,0.5352271247677234,21.475318450427825,0.558310822659885,0.6360188177844913,2.9392545214739174,48.71400739715833,6.131101035015311,9.597689626029712,1.436400591110767,1.3440094252327102,0.9411586062234434,2.4448717510507825,0.4466817040779656,0.01724537910914102,0.030941968982261134,17482.412912414766,55.77965910963105,public_private_partnership,0.5032940146283628,0.2831700079334215,0.28682440101936574,0.4011638951836769,0.46803771355530216,0.05167344127039626
SHWB_042,Shanghai West Bund,Shanghai,Core,121.43333847555364,31.185663321770484,waterfront_core,1,2020,2024,1,industrial_waterfront,0.8042888532192093,622.8761220132478,0.8425286291338279,0.5606860176507436,27.717305880873297,90.0,7.373139995325389,0.6286362678627977,35.0,360.0,0.7269041530384769,0.5402286288201866,0.9528628752900792,1800.0,4500.0,220.0,42.0,0.8996680976586036,0.5838899010017575,0.9240893205912926,1.0,0.8832085291469276,0.8896343178968809,0.9380045303903829,0.9698025875371319,0.7012608232494499,0.6183723983733806,161.94742259021587,0.5127893788283648,0.8953372388366664,0.548045073894894,20.778334663945035,0.6514913298312316,0.8716546458414375,2.8093310138223986,38.13343804390634,5.993000836443355,8.924644517061965,0.05,1.3326622343176973,0.8788633713624632,2.2956130351706943,0.4863952612822171,0.3332798641811885,0.0,20276.060355644368,49.081433887149544,public_private_partnership,0.55045003196267,0.009831665604321714,0.850189225838426,0.5533199279570223,1.0,0.655730551988942
SHWB_043,Shanghai West Bund,Shanghai,Core,121.45420802457163,31.167312537719017,waterfront_core,1,2020,2024,1,industrial_waterfront,0.944120122859938,428.4697961042119,1.0,0.6937742167108855,27.214872913019896,81.3090293274789,8.110858864852142,0.7082434710098792,22.671031362378283,360.0,0.8322315612790948,0.357843923124336,0.8455051717007018,1800.0,4500.0,220.0,42.0,0.7091009546212329,0.6002473779502256,0.8466382708354582,0.9138185269415062,0.8131581783283911,0.873376533952852,0.8401928345324681,0.6933297926228031,0.6988280757091686,0.7400413564804555,180.0,0.4935674833388569,0.847239240236618,0.6377845539542724,18.469232828767755,0.5320908020162841,0.5809999929332283,2.9442465991690643,68.68997721183189,3.1758061256998125,10.383317710066533,0.05,1.8329966871524253,1.1473855129905786,1.559533445541626,0.7274507997336408,0.317914673870195,0.50285644967565,15438.322777442658,144.2739396877641,public_private_partnership,0.3707490450702666,0.5060661331934515,0.7539850059862008,0.667906151093433,0.7520836973819619,0.7899590637030242
SHWB_044,Shanghai West Bund,Shanghai,Core,121.44405499550508,31.189055951708678,waterfront_core,1,2020,2024,1,industrial_waterfront,0.6013322123234284,640.2259262427624,1.0,0.6992017076970282,27.012414614428852,90.0,7.651397571342741,0.7196915945591337,35.0,360.0,0.8129736811207304,0.2501569139564719,1.0,1800.0,4500.0,220.0,42.0,0.822771249408984,0.6705016277255662,0.9584356254353574,1.0,1.0,0.9044965104187028,0.9432739504237843,0.8581008078383521,0.8556777679445564,0.8603113177027757,180.0,0.5664507459788433,0.8669186132666111,0.5862091985329878,10.283375080619154,0.33645146369728235,0.7465986987780281,2.5839806528423113,35.19822915212059,5.18673831717075,8.486345147671022,0.05,1.188788839633012,0.6588899482692397,2.069011235700455,0.6041490894871142,0.08495733454969988,0.27361556132433484,28860.555882573342,143.74225760812948,government_led,0.2582214890490778,0.47071653286979326,0.7858578475607223,0.6797902377527477,0.6486540300448222,0.7774889711534106
SHWB_045,Shanghai West Bund,Shanghai,Core,121.46522804325205,31.19090105567679,industrial_reuse_area,1,2020,2024,1,industrial_waterfront,0.9126536586647402,403.3172481233692,1.0,0.6923396567917943,26.592122741012407,75.28200144719054,5.550349962538435,0.46044188231224226,35.0,360.0,1.0,0.3814378907057594,1.0,1800.0,4500.0,220.0,42.0,0.729298048610718,0.5632123554507095,0.8059412864762119,1.0,1.0,0.9849913204248287,1.0,1.0,0.8133975387715064,0.9243980591476398,180.0,0.5680559857844556,0.9212334109772521,0.6579486942337374,26.15553336460841,0.41384107971638745,0.7862952309598006,1.4235022255632956,82.24741789158297,4.713044272480815,13.59575886443168,0.05,2.9601941990788068,1.4948007954947122,1.917995197888833,0.6987053718170456,0.3735469923992724,0.44866250854657685,9282.477424179957,140.7663511587221,government_led,0.46038577485838367,0.43161457076337745,0.4448522299557726,0.7035901127099216,1.0,0.7946517547776789
SHWB_046,Shanghai West Bund,Shanghai,Core,121.45458443098632,31.17898429389744,waterfront_core,1,2020,2024,1,industrial_waterfront,0.8954723782959172,650.0,0.9690732061348551,0.6546005933756813,26.896444358206566,90.0,11.475281494359544,0.8667857603482151,31.23644319455343,360.0,0.9337922864966454,0.46247310788261903,0.9467558444523562,1800.0,4500.0,220.0,42.0,0.9034934630554241,0.7854735887932854,0.8614101964743045,0.9132182595930627,1.0,0.8466076666162292,0.8971647593730814,0.8567545524217577,0.821658572916796,0.8119832561417586,180.0,0.46735634864846165,0.8789692440790714,0.3601658037182631,21.72825632813796,0.5586738829292409,0.7364439851119129,4.157563025268672,44.196690879480755,2.3822106478508873,1.3785608602830404,0.5499774609162572,0.7413585124515573,0.6434981216617068,0.05,0.8992972568695554,0.3556816354213769,0.3668294256260507,36000.0,71.41431953608493,government_led,0.27891258817562586,0.2944335883408991,0.7762069963870801,0.9130050248735851,0.7557346144144848,0.6982710505583284
SHWB_047,Shanghai West Bund,Shanghai,Core,121.46171366093151,31.182585060853338,industrial_reuse_area,1,2020,2024,1,industrial_waterfront,1.0,459.37626579129244,0.8889588632491431,0.6091502896119856,28.93211628582153,65.8949462025979,3.8934993405286225,0.5765763074627861,30.4456866684355,330.6329308357102,0.7403619734403759,0.3003405612364353,0.9665038407043105,1800.0,4500.0,214.7725666070429,42.0,0.5996316598001266,0.31538830312184385,0.6756677782661376,0.7723518891912812,0.874664968057442,0.8529235749029929,0.9422693383481833,0.7558367976463224,0.7849025967734676,0.7774154424536649,158.82390043263078,0.7041532924814086,0.8029200507572952,0.5599763377131965,11.657292554225227,0.5181170341969086,0.7465853147548951,1.9134684133153606,86.04598099731943,5.298794440435234,16.82938576037681,0.8840942585070405,3.0591669826397787,1.4307452945335901,2.1074414510520945,0.5875803055781955,0.38378618563089795,0.2949825636358068,6908.670670897838,105.59147841026828,government_led,0.2696017209733407,0.3091416104642623,0.3339109915134337,0.6979962752812897,0.679861406676616,0.7815694711019171
SHWB_048,Shanghai West Bund,Shanghai,Control Fringe,121.45106252547414,31.196997370171662,cultural_core,0,2020,2024,1,industrial_waterfront,0.24533211699294252,431.41111056489103,0.6271636550446126,0.5235809705538624,29.468013933655364,67.53477933829063,7.188567157532769,0.4134393122222748,25.647348092134685,358.87759199167584,0.7793646740950148,0.500147339739041,0.6805262869137944,1800.0,4500.0,220.0,42.0,0.5674187611555991,0.4589602293475519,0.7183483521469125,0.8936316448433963,0.6091767016053046,0.744233811185091,0.722968708009587,0.6962208986951637,0.5944256655638948,0.6860557821016388,168.9337959916239,0.5889065475514319,0.5451933630041692,0.44091018277446287,20.82765526204504,0.4726151704544219,0.7188355010704577,2.398188953486634,62.76665067398333,5.4272050827242495,9.992074056629525,0.17324550002572817,2.033653900824138,1.2401497456467359,3.801973477973857,0.38833674472043095,0.12357170357829746,0.05552799259336856,20324.40266307946,137.12843806143613,public_private_partnership,0.5110653794818307,0.3559758149624861,0.5878280870204967,0.3256645416092648,0.6479518326861179,0.30072615267826125
SHWB_049,Shanghai West Bund,Shanghai,Control Fringe,121.44519940440097,31.182387467045128,waterfront_core,0,2020,2024,1,industrial_waterfront,0.3153727588805347,483.9447211756924,0.7499493500755151,0.6135441289210819,29.14429184267332,65.6996291282718,6.718033840634642,0.47834732884387776,14.197364629188941,328.4592960425135,0.7836154686179495,0.45315657673509685,0.8575652964925468,1800.0,4016.130972341937,220.0,31.117431803274645,0.7761518964082661,0.5262712198115324,0.7122760908919697,0.8289509499127006,0.8843925237539109,0.6928972044313271,0.8100020959295244,0.6844128710104902,0.7197185942157232,0.6071832285173628,180.0,0.4053021900742261,0.6380247884737799,0.3937907715118981,23.631741647633643,0.4563760430279849,0.7926243546662239,1.9574444720563524,72.61067725901003,6.478104756636173,14.192784641864527,1.8784222494092382,2.075735654587145,0.7454553703158554,2.607738687948206,0.4134668382465415,0.014056878983560644,0.06689039570429492,11583.152557331821,142.97325287422095,government_led,0.46196387029842023,0.3643999228431024,0.35566082675797595,0.43254147477011423,0.2486315803652584,0.18412760455877997
SHWB_050,Shanghai West Bund,Shanghai,Core,121.44588799624364,31.17413389228345,cultural_core,1,2020,2024,1,industrial_waterfront,1.0,400.00229618241946,1.0,0.7396703814407176,27.17216551634773,90.0,4.658999156257373,0.6387083945165579,23.586055004215904,360.0,1.0,0.36626679636901777,1.0,1800.0,4500.0,220.0,42.0,0.7646738807124167,0.42064238102172447,0.7933384301903034,1.0,1.0,0.9813611681851617,0.9063386916489053,0.6963891398048918,0.7596596612204487,0.46916943991075966,123.5516185007247,0.29191208836507654,0.8561799868531912,0.43194033487658917,22.48734248236555,0.48004621563268834,0.7073072904779938,2.2170945628792036,34.10856994761311,2.8863472115877316,13.298211595775246,0.05270200532087624,2.1127343090264357,0.9366320232818056,0.27182299202342064,0.8724566183879292,0.4597901174098278,0.17618834461343844,12027.100984758676,34.210052813590394,government_led,0.37709320315675166,0.11130662705380881,0.7972460907369456,0.5872996636713881,0.9377704619297013,0.899376626590549
SHWB_051,Shanghai West Bund,Shanghai,Core,121.4384623518712,31.203390456415693,cultural_core,1,2020,2024,1,industrial_waterfront,0.6162970688586212,504.6537284054511,0.739130503290242,0.669009645774356,30.472111462341473,78.36299194473398,7.182687215828582,0.6554677978381439,35.0,360.0,0.984144248598108,0.2645252208836982,1.0,1800.0,4500.0,220.0,42.0,0.7540387240717384,0.6676383850962998,0.7276506414767636,0.7660760562617973,0.7947330033833576,0.8614990045979622,0.8251668279123362,0.5944312662317582,0.7158520071348012,0.8671417865226854,180.0,0.48606548031176855,0.7216850821684133,0.4764956810070079,11.34100511039696,0.4149063749282951,0.6292273091242012,1.9397484457024052,60.10953558886704,4.658432430845807,11.70994813443227,1.3187763988959074,1.6892288324767861,1.1942076759811087,1.9733941518540394,0.5427211461967137,0.17628847668006742,0.3123705084161179,26427.616928489013,96.30146327951579,public_private_partnership,0.23779479422150185,0.47116201197130964,0.6515303321599889,0.5732155074824806,0.9093081668002508,0.6580563447773521
SHWB_052,Shanghai West Bund,Shanghai,Control Fringe,121.45714821616667,31.18189854482975,waterfront_core,0,2020,2024,1,industrial_waterfront,0.10761379701255083,547.160467593819,0.7315798984775072,0.6339268825629281,28.965191142781265,84.85271049791568,6.783401932611797,0.5255198027795782,34.82899278787836,360.0,0.6771198775427512,0.3749847706187508,0.7125073705156179,1800.0,4500.0,220.0,42.0,0.7205965261791868,0.5237242405065229,0.8198624115617172,0.7156999278377881,0.8523435592791693,0.8482876836905788,0.8512284543004959,0.7691169179475821,0.789596925715315,0.7367972879559703,180.0,0.4037326101738333,0.8650649493909316,0.6330571238926702,18.211209800380264,0.5580344198072694,0.6819751527307601,3.380162305155473,60.68454219088013,3.83678379391288,7.937232783114657,1.9697909054617648,2.378122660886168,0.8385389224882916,1.2310092555338876,0.663842672368715,0.05712876280584277,0.06256913556013306,25604.469248412155,102.29953364831783,government_led,0.41570012737469647,0.531312785887269,0.6556070460927395,0.6649503173262202,0.4169892980281188,0.2883535282581594
SHWB_053,Shanghai West Bund,Shanghai,Core,121.4367940403271,31.193552327541685,residential_edge,1,2020,2024,1,industrial_waterfront,0.7189872845990151,481.57936705640435,0.8532925022647975,0.6629280851027414,28.19975118692388,55.63757833829496,9.894698172709962,0.6890278715619943,33.18885916758821,352.63363762624476,0.8503415385781077,0.32046285097230404,0.8724085227366171,1800.0,4500.0,216.41178887146853,42.0,0.7056908091259795,0.5167899149667636,0.7119631719979457,0.8179202679122026,0.8827341041218618,0.7756406583062904,0.785832373102038,0.8018524462085541,0.8354231159178656,0.430042429637894,170.40011539261715,0.2415301253591135,0.6184299898587012,0.3615791314506788,13.746378571616917,0.40941095467825045,0.5785715671128924,2.821024174941037,61.430462763492024,4.470326768043483,6.546337583913207,1.0980316553173508,1.3463939516177386,0.882335193227742,1.2185885573149942,0.6640204210178309,0.2846673969940181,0.14080980358950648,26063.1298282346,57.40766546707777,government_led,0.22298426436372276,0.15791492876719201,0.5183976844079494,0.6157303736440473,0.7739682599630551,0.7810749895228515
SHWB_054,Shanghai West Bund,Shanghai,Core,121.45398743271174,31.195762782999264,industrial_reuse_area,1,2020,2024,1,industrial_waterfront,1.0,495.96302276754943,0.9749032637786104,0.7605854336530863,27.59758073245169,88.02457049143526,5.2031924654851425,0.7304202880286211,32.67143628066378,360.0,0.8622742552502385,0.5256076077779351,0.9647889855362617,1800.0,4500.0,220.0,42.0,0.7982123608198788,0.6279840545693468,0.8986599693630658,0.771567724762694,0.9166756206911696,1.0,1.0,0.9041147847850883,0.8531162260833471,0.5954551946627312,180.0,0.4621299300060047,0.9064734485444308,0.6002359791325969,29.10385334440153,0.6399128709354749,0.9420761890446172,1.7485730456779045,60.40949086908796,3.8275087267844468,14.893591537718615,0.9568626186132707,1.3911664794892125,1.4271754166447637,0.880136323213491,0.7743818165044565,0.4894446663656388,0.3822276181001867,16054.64693785314,53.55345787890186,government_led,0.3774603316005508,0.30624898110720145,0.6068221305198341,0.8445091127927333,0.8476902164485854,0.8569764462327294
SHWB_055,Shanghai West Bund,Shanghai,Control Fringe,121.44625666161762,31.193881758088537,industrial_reuse_area,0,2020,2024,1,industrial_waterfront,0.6076322832076976,525.8034726364456,0.7344674081980067,0.447546470420869,28.740737812131066,67.05394224437947,7.396817894387803,0.46735219268672823,27.30490699543253,360.0,0.6124347352571207,0.3012939293074197,0.8328918841782482,1800.0,4500.0,220.0,42.0,0.61852881635468,0.5160372560277248,0.7385808201726738,0.7330876330518594,0.7252932804990944,0.7223247993722505,0.6583012346118725,0.585710890754167,0.627582662258391,0.5766551065374254,180.0,0.2487140039734824,0.771648559090604,0.4083369991653444,16.073961331303355,0.382078584083668,0.5281588727177594,3.527317717397864,60.63839467559148,5.586190988437389,9.048495424583807,0.9466536642284812,1.8679352015194606,1.0041238657655995,2.446681081115839,0.5200366039347927,0.20717761068795293,0.28431192984742854,24218.883116651272,126.33247853454829,public_private_partnership,0.41027841193431597,0.5269618459241177,0.49142682846933067,0.4984080666383195,0.5153801727733295,0.3905497786194149
SHWB_056,Shanghai West Bund,Shanghai,Core,121.44632495141579,31.186672318538424,waterfront_core,1,2020,2024,1,industrial_waterfront,0.6459139667799256,432.08357383319736,0.8115571229241081,0.7396784402707564,26.34337741012383,82.8153404262556,4.691397994258105,0.6160456932433255,24.40618673591854,360.0,0.858833033201929,0.42560172393531603,1.0,1800.0,4500.0,220.0,42.0,0.9384303460555776,0.6572466018278261,0.8545956109840603,0.8957740443939215,1.0,0.9345431547214768,1.0,0.9338834527802506,0.8376446912702576,0.8005625592367953,180.0,0.5088742076954279,0.8742994147625637,0.7068491182775394,31.987785660127535,0.5967693590174161,1.0,2.475833370976111,61.40515536258222,2.6768320627618376,12.836752890411184,0.6350980733809097,1.8122578987755134,1.2354028866475595,1.3373322027159873,0.7069317560483461,0.35018852194679906,0.3229510454773407,14248.32525758175,144.99133233516667,government_led,0.6292929441411512,0.5542062310438348,0.5719086017808442,0.8556076387108877,0.713302113719994,0.783340695672921
SHWB_057,Shanghai West Bund,Shanghai,Core,121.44811103515862,31.190163557880684,cultural_core,1,2020,2024,1,industrial_waterfront,1.0,465.0302763013323,0.8395753276840345,0.6559089159002154,30.15780356238001,73.94482166215559,6.3155439385257495,0.6560210716262812,31.44516708132461,360.0,0.9022561274330876,0.282911963878176,0.8695723890669986,1800.0,4500.0,220.0,42.0,0.7139906209612561,0.5775470581490667,0.8084967276623252,0.8087974731515792,0.9638249711633551,0.8281109351672641,0.9413356216056004,0.7733246871380779,0.7298957701479278,0.7109589973751719,180.0,0.6118017638774581,0.763270154865968,0.5351585880212391,11.92795137287145,0.5701160920305759,0.7107002387738118,2.8856737139975728,57.72996727557671,3.3254774256331205,6.6206410355903635,1.1859261581858753,2.1065399932520363,0.7153054512836365,1.4790109792181159,0.649252090277982,0.23056382365256323,0.5550640866808002,19395.027319351295,194.69937753963046,government_led,0.38898505401480066,0.5242990849784785,0.49074240326080654,0.724206548286299,0.9233285846325986,1.0
SHWB_058,Shanghai West Bund,Shanghai,Core,121.46369083351725,31.186566557457162,waterfront_core,1,2020,2024,1,industrial_waterfront,0.7391909415720035,441.0426102192993,1.0,0.7645589538824619,26.451442904603105,90.0,5.57049247462286,0.6311451594216504,32.361983810731886,360.0,1.0,0.33091243062883036,1.0,1800.0,4500.0,220.0,42.0,0.8014055889879141,0.6400188029071235,0.8047586031745543,1.0,1.0,0.9698986752877116,1.0,0.8507856855012039,1.0,0.9852166763252996,180.0,0.6833216852007106,1.0,0.7082340237705512,13.243052179950835,0.4409263227778487,0.7880517441050076,1.5151486844483038,76.63689603914693,3.6963268167075767,10.977975676937824,0.05,2.156646205918647,1.1394478300188227,1.3279339624552942,0.7955010843577223,0.21796173360302012,0.3963432747975038,7219.274807607746,148.78856362259617,government_led,0.45820137694667545,0.4846910914719596,0.667597037091246,0.8468295659886504,0.7747884657122036,0.9210574928192565
SHWB_059,Shanghai West Bund,Shanghai,Core,121.45060426478038,31.188609231580973,cultural_core,1,2020,2024,1,industrial_waterfront,0.8787009936840875,552.0862407107965,0.970242025714944,0.7478737490544529,28.02378901420579,90.0,6.754450024329369,0.7419854943780907,33.506427225489354,360.0,1.0,0.19596324976834795,0.9411982164483642,1800.0,4500.0,220.0,42.0,0.690302675436922,0.5354463875668289,0.7684943608750875,1.0,1.0,0.952580206458413,0.8829460965612661,0.7730332085266761,0.7682873636774062,0.7746588924924012,180.0,0.598348785243696,1.0,0.5850996935800373,8.725787527843114,0.5572050971734646,0.688657720002253,2.629801980395767,60.402890740818016,3.257809593352979,12.79151759057714,0.6021763166791231,2.1469934619942315,1.2995759012423103,1.5825889737269927,0.7394644430623858,0.2925984362911148,0.37340545372498973,13673.521833762003,101.07550465706784,government_led,0.29189505357201967,0.3969626860822925,0.9180394938928442,0.6997485842499457,0.7381983113364161,0.7870078475477721
SHWB_060,Shanghai West Bund,Shanghai,Control Fringe,121.45905361940744,31.19721550876392,residential_edge,0,2020,2024,1,industrial_waterfront,0.4405773697028444,465.26025673719164,0.6774022210061832,0.5678426847906126,30.174592320338327,49.88125966959423,7.129844703662739,0.524789578833927,35.0,325.3589451562449,0.8319218758338164,0.39739684884618115,0.6972292374256063,1800.0,4255.181224955948,204.75652959290724,42.0,0.7310839746837392,0.5103868766448539,0.6263548655153366,0.7559118009148685,0.7229006409454577,0.6956418718888829,0.8896159796425345,0.7309253031968838,0.5730241480858227,0.5900258585389107,180.0,0.4024524358736715,0.5873680823157441,0.4571792750917867,19.50297993781333,0.5229921417387104,0.7112892630020243,3.0042058799036653,40.86097624486603,6.031748869461812,7.523714725524872,1.4390083138006242,1.8459826421483716,0.5535334910131515,2.3414632248035065,0.44840567400662185,0.21653689539407198,0.13713190483086013,16943.1025819221,127.79216443101502,public_private_partnership,0.41282296308221633,0.40150781979037115,0.3350377948314362,0.4505116199108671,0.45938380266491186,0.2498016722102858
SHWB_061,Shanghai West Bund,Shanghai,Core,121.43815749318468,31.178760693028316,residential_edge,1,2020,2024,1,industrial_waterfront,0.9479444420846358,619.9868300573879,0.7468844674237564,0.6087862390015445,30.60911778013844,75.9408801042761,6.621449545120123,0.7280392743699602,34.7810468522644,360.0,0.8277175457841178,0.13184797603015436,0.6966470265433831,1800.0,4500.0,220.0,42.0,0.7595866145332008,0.6576429214602997,0.9048298103348069,0.9122013483542564,0.7842991577964453,0.7455336076193947,0.6798268901568084,0.647334790853813,0.5560109891209691,0.7722324244482269,180.0,0.5294365102251711,0.9398195307532703,0.5411928166704353,10.423533810416107,0.4134198116577633,0.6333056341355077,2.126138835690929,50.49159845725512,8.103161291475464,9.136132877468832,1.0021811992428198,1.9629076267969163,0.9387607641555082,3.1265111833612123,0.27402220282168216,0.18845628345606552,0.5918380970088013,19267.061566790737,139.84188158475726,government_led,0.0,0.48552141289980727,0.6019067025597338,0.22971138147233808,0.5540097771678199,0.6393836998582
SHWB_062,Shanghai West Bund,Shanghai,Control Fringe,121.46410169262025,31.18391047893063,residential_edge,0,2020,2024,1,industrial_waterfront,0.3650066867290325,359.6930171203884,0.7675137127000441,0.6202651141208844,25.343473570005003,90.0,4.938953898119095,0.4074725678881208,25.625985496509372,358.21188839800436,0.8573544883055793,0.22778870996221023,0.6467705484378865,1800.0,4500.0,220.0,42.0,0.6104071812680951,0.4125006593262862,0.6466878901407015,1.0,0.7395052795857714,0.7259533284498286,0.7267736167066837,0.7337114360815439,0.7912697525950597,0.5816011617644573,106.75961921677332,0.2737626260586898,0.7517490719319254,0.4153733428070947,11.339186544726124,0.3542260286629592,0.4124801987969493,1.570890793694752,73.48303295789398,4.165281145838163,12.681008045438812,0.05,2.521336623710345,1.3588923142398854,1.5108544647784523,0.5994738415276794,0.17044539173206813,0.039203154630748596,14578.490653281453,75.81449883462207,public_private_partnership,0.23682724407087513,0.22553465816434526,0.7837365548653581,0.6134398908684787,0.4081154866524884,0.03969965535041274
SHWB_063,Shanghai West Bund,Shanghai,Core,121.44442428535943,31.1918164958454,cultural_core,1,2020,2024,1,industrial_waterfront,1.0,650.0,0.9548028454231893,0.6132377839009108,29.52168786463775,90.0,7.007768466723937,0.6647061087845549,35.0,360.0,0.8721317283285838,0.44972574281176975,0.9989080879510203,1800.0,4500.0,220.0,42.0,0.8666884633716305,0.692124487763782,0.833987190928069,0.8812464726206947,0.8399179168755296,0.8081001497003728,0.9391369553718998,0.9628607808911167,0.846074279980038,0.8382622175132177,180.0,0.5214857671709276,1.0,0.523738325136848,23.04133016269066,0.5349183834644496,0.7402525590388318,2.871279140919224,50.30128152976993,5.313418594881532,7.006935761106639,0.05,0.9913499868115794,0.8976543367471409,2.3870718910321664,0.5259611581808592,0.3998045421228788,0.246427198703301,21857.68637895918,108.60054979620394,public_private_partnership,0.5181115218702695,0.31345294143176505,0.812923454376002,0.5249090566595591,0.9724939136448789,0.807916848697438
SHWB_064,Shanghai West Bund,Shanghai,Core,121.4568677576054,31.184100850631783,industrial_reuse_area,1,2020,2024,1,industrial_waterfront,0.878518485954722,292.34513446978144,0.8718422403198917,0.6181387542318224,28.99871375425607,83.11925213402998,5.746529716159792,0.45475251038182773,17.416417382777055,360.0,0.8230256868321603,0.3546424530115399,1.0,1800.0,4500.0,220.0,42.0,0.7451399971231641,0.4937304291285566,0.8711660382592142,0.9802765674618228,0.8515952045877883,0.8554413602510275,0.9032667306916261,0.7254913196927238,0.6472359017665819,0.6649627968719591,156.805537237352,0.5167452954461602,0.8049948509674506,0.40786883982839267,14.4439527238793,0.46465965509961604,0.6729828136741259,1.928843697303307,72.88014000427799,5.14011941634079,14.223431847985086,0.05,2.317477273792104,1.253665441231291,2.573069816541114,0.5752573721025321,0.34890957440308557,0.3035093097855774,21812.663188897583,105.79317947485619,government_led,0.30014988338217846,0.32986343108653904,0.6328072197423695,0.570437781839007,0.9570072918378864,0.9173811763857231
SHWB_065,Shanghai West Bund,Shanghai,Core,121.45201995171301,31.19389322584332,residential_edge,1,2020,2024,1,industrial_waterfront,0.6018327050438417,650.0,0.8504297394871639,0.7729841076124514,28.701762078382032,88.35913375540295,10.81356077272764,0.9209930443947268,31.39079330192486,360.0,1.0,0.37277550705226853,0.8569472951223194,1800.0,4500.0,220.0,42.0,1.0,0.7526095793791576,0.9598031427769355,0.9531313001309303,1.0,0.9637819043659767,0.9135458810625566,0.9438410341746801,0.8692133097430983,0.7590612980640792,180.0,0.4829036301528133,0.8418970552260578,0.614090292643591,20.112288265129166,0.5881393488577155,0.7025016014252473,4.103240703171396,28.873353916866023,2.9800548968835296,2.625224211193547,0.15830574351865867,1.3697783560898888,0.10939293975575642,1.8244204711586456,0.6833632295885416,0.16651159528903337,0.24276184640091764,36000.0,71.93495238800082,public_private_partnership,0.45090460160000456,0.37246676324534284,0.5661800115950434,0.6688181432083702,0.4589170333779742,0.8791119426735226
SHWB_066,Shanghai West Bund,Shanghai,Core,121.44910100460652,31.183654153805488,cultural_core,1,2020,2024,1,industrial_waterfront,0.8452630067164005,647.2396065432405,1.0,0.7369750764104339,26.031505733081257,90.0,9.466145659506452,0.7929599618816566,29.796555961524124,360.0,0.9227152558531285,0.5527922272479898,1.0,1800.0,4500.0,220.0,42.0,0.9593733357007148,0.701826561743736,0.912774842000364,0.9891327946291382,1.0,1.0,1.0,0.8890204081748345,0.9336108961138003,0.662840464561352,180.0,0.6840790743901342,0.8970404661398433,0.6101426341623526,29.043100065985183,0.6430347992989852,0.7224734261286115,3.7078773921748507,27.38420922191821,4.050462783326719,7.088027056530034,0.23084236202103714,1.0823424184148098,0.17217539401149573,0.9605188846678673,0.773236621271051,0.4284948375215321,0.26449597354849175,25816.825508756287,113.09983937330814,public_private_partnership,0.5208108587967826,0.3576898851355827,0.6321791587954828,0.7425648746188551,0.731909559204504,0.6088426358373568
SHWB_067,Shanghai West Bund,Shanghai,Core,121.44578767002409,31.17860437752076,waterfront_core,1,2020,2024,1,industrial_waterfront,0.6834208348154771,499.3984790599956,1.0,0.7642337747412891,27.943687509661178,90.0,7.283923575567625,0.77103990831296,31.33226068226148,360.0,0.9896498893553798,0.5844700440393279,1.0,1800.0,4500.0,220.0,42.0,0.8131236633056641,0.6148835242695736,0.8530948381226143,0.9431798353806347,0.9154546692592975,0.9916187473968434,1.0,1.0,0.9436045695578186,0.7868123327073612,180.0,0.6738979790905226,0.9123847559985839,0.6117936130121712,22.648393544493373,0.7038960897077009,0.8750305395963749,2.9687879808584947,47.458691396096576,2.8353459107085377,8.249417717381473,0.14320451768170672,1.8141487569527142,1.0771113957007992,1.0403298809632675,0.7868556484351128,0.4058974191986144,0.2840501300356904,14512.05802634474,103.41792497488365,public_private_partnership,0.6760602526883711,0.474935411569874,0.7057790330728224,0.6696810828433762,0.853812781368028,1.0
SHWB_068,Shanghai West Bund,Shanghai,Core,121.4473561522037,31.173449793902318,waterfront_core,1,2020,2024,1,industrial_waterfront,0.7778926739966617,382.23569986280665,1.0,0.9233656343536866,25.647376402966046,90.0,2.5,0.36911429373230686,35.0,360.0,1.0,0.4966685628946097,1.0,1800.0,4500.0,220.0,42.0,0.8079119048957955,0.4891760364313042,1.0,1.0,1.0,1.0,1.0,0.9344913908480017,1.0,0.8674459931795107,155.36856636155179,0.3970872914112689,1.0,0.6877601683026381,18.631073893327823,0.6584084529876087,0.8895332754795046,1.4449257640102418,82.63691826682717,1.5,17.120965989271088,0.9601040937899591,2.910403420447853,1.6797221058884235,0.05,0.9515620473692411,0.46094280867289006,0.40310371036096937,8213.902947940856,97.51088006332314,public_private_partnership,0.7123269291543426,0.5005829479350513,0.7862897913340807,0.841171299860915,0.6819961882174703,0.9731274026672312
SHWB_069,Shanghai West Bund,Shanghai,Core,121.45199817300741,31.19502844562949,industrial_reuse_area,1,2020,2024,1,industrial_waterfront,1.0,418.50239156835,1.0,0.7477009875684058,28.846358786294935,90.0,4.844111864528763,0.46747348696203733,27.239407303803052,360.0,0.8941587254794837,0.26742913984996364,1.0,1800.0,4500.0,220.0,34.21211168672651,0.7343993944870626,0.4694936987555264,0.6256671139841075,0.7974501392320953,0.9875487647078989,0.8967555582386822,1.0,0.762019112558211,0.9478589099088768,0.6513890773634852,147.77621221530433,0.6028733468533064,0.9058660176577163,0.6011623755038447,18.10944420694142,0.5148299377927605,0.6659284941566064,1.0338679615395219,79.34319416484901,2.117325977025752,12.214197329156773,1.5281389484557515,2.6304890150922593,1.2364000243983413,0.30471424092791105,0.9128764963967076,0.2506076180547027,0.47454123108534774,9425.204841388582,135.42429063870566,government_led,0.35662870753331416,0.41820118301637527,1.0,0.9524489633098709,1.0,0.7276643967092561
SHWB_070,Shanghai West Bund,Shanghai,Core,121.44177056380693,31.17589127852347,waterfront_core,1,2020,2024,1,industrial_waterfront,0.6273005572197636,571.6092067089587,0.7164521491210395,0.6238294585291705,28.133843080945578,79.16086141472661,7.405619186421069,0.6575814938549285,21.323548325585787,360.0,0.8884640790071614,0.3623849104414011,0.7810931027402233,1800.0,4500.0,220.0,42.0,0.7138114038796137,0.6505783792105038,0.73173046228667,1.0,0.7860955280323546,0.7511486646153228,0.781204915576634,0.8081211253774446,0.8082146892657502,0.9368876532903528,180.0,0.4502875812505691,0.8726622923599678,0.6647553981893098,20.037668670742242,0.5728966956300092,0.6866307398113206,3.089732360613989,64.94191647239563,7.321471379039529,10.087412588896617,0.05,1.7215580050557695,0.9377882814957319,2.4239596174926823,0.4244832599422887,0.17430318241548243,0.42425940261103945,22039.347880839556,225.80106736691073,government_led,0.4725151119285408,0.8016329526255865,0.7328344306303927,0.5939437877030292,1.0,0.644051879556175
SHWB_071,Shanghai West Bund,Shanghai,Core,121.41928193852742,31.19489995854261,residential_edge,1,2020,2024,1,industrial_waterfront,0.8208885240894547,570.7996924661863,0.7965504172567393,0.4940643360489868,28.28331683192889,90.0,9.364763570450588,0.6536331309153228,33.64242543035536,360.0,0.8100706321701712,0.5274367990657135,0.8652925467667766,1800.0,4500.0,220.0,42.0,0.750055600951479,0.6906090918731491,0.9203436308326254,0.862687039857503,0.7584952163697813,0.8089295062965449,0.8117494507333971,0.8366642259133326,0.7868511548876777,0.8621798624546537,180.0,0.34436716679778223,0.8047096662582497,0.5672916861405013,23.932895749630354,0.5248507887615075,0.8087181494238624,3.4401136578264033,37.43862689803781,4.5794821223047535,4.734320657880458,1.1364676479075937,1.8935297058153977,0.856984042148461,2.4626359043087085,0.4648612884269887,0.5455229907107622,0.46844723312008624,27857.642373187864,178.88863302915095,government_led,0.5912877362916963,0.6287834007674488,0.8123288249834391,0.594820780104194,0.8362297787938596,0.5919758640664805
SHWB_072,Shanghai West Bund,Shanghai,Core,121.44988282380083,31.203534188963694,waterfront_core,1,2020,2024,1,industrial_waterfront,0.6864436189141261,402.26980996850375,1.0,0.6773210656945079,27.720685625607555,83.71354019187768,5.16784195766099,0.623522766207697,22.936652481337678,360.0,0.941323543933347,0.586212448954457,1.0,1800.0,4500.0,220.0,42.0,0.9789422967683276,0.5291479695894493,0.8137493507780333,0.8594751358644103,0.9739283599108647,0.9635830649491286,1.0,1.0,0.9799422583821984,0.7686881536409167,180.0,0.6014541257249033,1.0,0.6102713864383389,32.42803266971259,0.5761299529177237,0.9795329626140621,2.521993666396776,72.51569389143494,3.933192554582023,12.17450507874208,1.105160453315121,1.9398187214730154,0.9316550392658297,0.8633413509157564,0.7617673748357087,0.4189606122710887,0.40518696704652135,12722.232047466438,100.91263174824536,government_led,0.6219943381498587,0.4833765462412393,0.7113371353716387,0.6880246190222716,0.41622555377618703,0.8440530812123226
SHWB_073,Shanghai West Bund,Shanghai,Core,121.43995943643361,31.179640317287067,cultural_core,1,2020,2024,1,industrial_waterfront,0.9905745665520576,408.31969398701636,1.0,0.7595008091713251,27.01799065328056,89.90299633249414,5.88040859923114,0.4923647831406312,33.474581084948596,360.0,1.0,0.5112801673691869,1.0,1800.0,4500.0,220.0,42.0,0.7031751430840525,0.42456369720812265,0.82066689601504,0.969734350982653,0.9986419349361612,0.8155226326644455,1.0,0.960270605596992,0.7560274456719844,0.9342246695470803,180.0,0.41459794735993294,1.0,0.6556568348805725,31.051679754120254,0.6283057719793,0.9147103057731774,1.564828156498355,94.2742254046754,4.373897849753213,14.710488369479314,0.4283385806313682,2.628611032462603,1.746609609742452,1.5939308968509833,0.6175336882925501,0.4864193595954943,0.40625072863213296,9429.826853180008,96.04362994684233,public_private_partnership,0.4131894060618764,0.5069498002716296,0.6471832491187408,0.6838470300406128,0.8201136691653538,0.9300201374222774
SHWB_074,Shanghai West Bund,Shanghai,Core,121.44026122212276,31.186821640480666,residential_edge,1,2020,2024,1,industrial_waterfront,0.5747952968090122,600.4713961476825,0.8525994186757682,0.7385821095402028,29.239533442307707,90.0,7.117048077174663,0.6994174927550123,34.92264628254936,360.0,1.0,0.5594133866067034,1.0,1800.0,4500.0,220.0,42.0,0.7087147255131498,0.6104388659501641,0.9098427651467111,0.860810432800025,1.0,0.9081244499459274,0.999144805541652,0.9064755948953096,0.7110006855786819,0.7058450721117909,180.0,0.33661785061707883,0.9349132172324265,0.4401368585468109,27.077857883382652,0.5863615797622316,0.778196074933354,2.630931315978021,50.10727480391411,3.586056616196747,8.52379134836711,0.1913211229799756,1.4695541806099357,0.9780227418856452,1.8531686191019765,0.7236991914250949,0.35973584868314396,0.19225899348888645,20709.793299283745,43.32853745794101,government_led,0.6686948247041462,0.34711105316085106,0.894723334022139,0.7302902677371382,0.9760469899771308,0.5669785146401117
SHWB_075,Shanghai West Bund,Shanghai,Core,121.45722712336082,31.197382336330868,industrial_reuse_area,1,2020,2024,1,industrial_waterfront,0.9104301045445348,524.359453390533,1.0,0.7389049131644927,28.647884863368425,77.70998827051773,7.203833112441364,0.8063981747256256,27.236229844257288,360.0,1.0,0.44788271613835434,0.9878682506392358,1800.0,4500.0,220.0,42.0,0.7269772440929857,0.6267819659280313,0.83762928637775,0.9757656025628706,1.0,1.0,1.0,0.7009351923611579,0.8962992898224674,0.7395388512121576,180.0,0.5965277832895257,0.9265788913139104,0.743043793148269,21.5247560549647,0.5520724678341757,0.6659420604413462,3.5534156376084027,64.93470650825995,1.5421548531459583,9.853186537704014,0.05,1.9372380292621239,1.2038553351960117,0.20428789210295795,1.0,0.4204913507140266,0.6100318280091047,21554.807882158955,171.49182931636187,public_private_partnership,0.547365027458217,0.6525422264696821,0.6206301147067612,0.963024444545241,0.9256833023118931,1.0
SHWB_076,Shanghai West Bund,Shanghai,Core,121.43270388196468,31.196389042888224,industrial_reuse_area,1,2020,2024,1,industrial_waterfront,0.7591107895036513,486.2863814519588,0.7957081982654186,0.7306245003444152,27.14168944542878,84.74911018986361,6.7419786946541125,0.5775323307385571,34.20927177266202,360.0,0.9699524414264791,0.34062099375485005,0.9632693277596901,1800.0,4500.0,220.0,42.0,0.8678273692547213,0.6390256015414599,0.7883993205728727,0.8780032801549312,0.9863418970821584,0.8289694443980707,0.9425831498259228,0.7811021611996835,0.8079059328301946,0.7418589383583241,180.0,0.48509428037111557,0.7757959404085051,0.6468284704911412,17.665054617629654,0.6606135171858583,0.7347517529304228,2.5527532457894635,51.27849095159197,4.5978559172322,8.517358822061853,0.17624027944265264,1.4619973038241707,0.7429817069179876,1.87532967249164,0.7199314391462752,0.3426492729316075,0.34139934086693857,15474.220184489748,114.61925526297011,public_private_partnership,0.40540384932892015,0.4603425677477728,0.6237135366657627,0.7044994082507162,0.8367346058387163,0.6983491359024384
SHWB_077,Shanghai West Bund,Shanghai,Core,121.44688973233613,31.178629833162113,residential_edge,1,2020,2024,1,industrial_waterfront,0.37043954514564814,552.1835246648117,1.0,0.7732000552692003,27.466984598197815,63.02722408962485,5.64800633749914,0.6115023200289805,28.740001963373206,360.0,0.9764485639600087,0.37180967674868715,0.9241195783469147,1800.0,4500.0,220.0,42.0,0.8909491498470924,0.612247917091634,0.8962141509604835,0.9600398542846335,0.9652387954381263,0.9142114127152269,0.9316267658382984,0.9265059133289582,0.9024347431269484,0.7072335603754072,171.95015826215328,0.5105148030298092,0.7418817487266134,0.4664991121497992,22.105841128672363,0.5879372520899627,0.8281088024478034,2.4150634804822944,64.93569573928202,3.923744196335569,11.42327265342022,0.05,1.6149524117210519,1.3277048093785173,1.1263124139679022,0.7154586434810508,0.03529664542501626,0.11334006726670103,18639.923912904123,102.09085194498674,government_led,0.257544037897592,0.3340472000013673,0.315500704013396,0.6639043259353007,0.7674747445865517,0.7707131864207987
SHWB_078,Shanghai West Bund,Shanghai,Core,121.44560182054326,31.1698323745261,industrial_reuse_area,1,2020,2024,1,industrial_waterfront,0.8963661690873307,458.6447315487767,0.8252213161242677,0.6328753582732801,29.271902203744666,90.0,5.665109029689551,0.542195791961889,35.0,360.0,0.9058106109183641,0.32560076681005984,1.0,1800.0,4500.0,220.0,42.0,0.8586727830982767,0.5471473957668616,0.7930756221172747,0.9033661232234325,0.75237137823811,0.8644067085192584,0.8689269244305612,0.8951757900615995,0.7664681851783894,0.9434038326227594,180.0,0.5612032894488693,0.8915006913051232,0.5898072616839547,16.343028075815596,0.4801747817419396,0.7110770202355642,1.2411763466450174,58.115457862155,5.416208734482144,11.843209519802402,0.2133764338453074,1.921993221480279,1.2888661542462951,2.8174573468876427,0.42900228402946583,0.2266103865688719,0.37840616221285767,10383.256037175004,177.9296835373925,government_led,0.46427958846143397,0.5033513275010312,0.6925958469388236,0.5983921174912324,0.7716392582108356,0.6885909880970476
SHWB_079,Shanghai West Bund,Shanghai,Core,121.45530493203577,31.19120955022628,waterfront_core,1,2020,2024,1,industrial_waterfront,0.8316067587149051,606.7520322856076,0.9857453548915786,0.6491995125867837,29.00783922881216,71.59679887417148,8.86678996883663,0.7025622988738188,35.0,360.0,1.0,0.34399919335565676,1.0,1800.0,4500.0,220.0,42.0,0.8962233260079858,0.6467197223382738,0.8284215121599592,0.8069042105377852,1.0,1.0,0.9654354146130959,0.8264531403430069,0.8377588066070267,0.8372142244480746,180.0,0.4817183551078119,0.8038967581726251,0.5801987708076275,17.51011165564816,0.5326032206507086,0.6640827286479337,1.8985573267432716,44.352420451743434,2.7817314561874067,11.081524094917796,1.4818048325679003,1.3832638407086397,0.6237190291130028,0.6196133653150915,0.8314872958420321,0.4093891882720162,0.30576842489326894,22913.945671629892,142.8701748452543,public_private_partnership,0.40178551616874586,0.47739224970512634,0.4810549195501156,0.8424036962893613,0.7733961866585288,0.8412758897873156
SHWB_080,Shanghai West Bund,Shanghai,Control Fringe,121.44567982264238,31.18531090476746,waterfront_core,0,2020,2024,1,industrial_waterfront,0.6790247759932483,625.8006977643777,0.6809461569781139,0.5204866867461634,29.097529239290864,47.78464873033404,9.572044208982813,0.6362801352254408,20.45878849589926,216.69566996479676,0.7438937717548715,0.5829008791678725,0.7790536241784002,1800.0,4437.13112983578,88.40385716083082,42.0,0.6604262059995366,0.617952903543898,0.8650787172803539,0.8653231593922939,0.7466044779511789,0.6379019807789825,0.7454052875317677,0.6788160754115116,0.6005544619630161,0.38509184523942264,180.0,0.4861366910841774,0.4658520993139694,0.45569685113335845,28.635948115846244,0.5565568847369338,0.6209492141834078,3.367042173875328,20.04324030568675,4.969813653728121,3.5954139276238406,0.62424548382533,0.7458791502158447,0.05301322882265205,1.5850970484666587,0.5296288738201771,0.3264167573959793,0.0,28669.80697404021,10.0,government_led,0.6508110412294678,0.0,0.2520357729275132,0.6099950717393597,0.763488567039234,0.43324199843519334
SHWB_081,Shanghai West Bund,Shanghai,Core,121.45701589228283,31.18835817153906,waterfront_core,1,2020,2024,1,industrial_waterfront,0.8302754196601426,566.512803482103,0.9421418162330994,0.6442160098550224,28.521733401596315,80.51827637275194,8.482200211612971,0.8100659534275312,30.79489910401209,360.0,0.8536715087594701,0.29625376416204796,0.8911636923844413,1800.0,4500.0,220.0,42.0,0.7994732032662923,0.6576047907554721,0.8587524211087747,0.886640573369834,1.0,0.8843235983872892,0.9932675001567299,0.7213459622776578,0.6362176827572879,0.7831651077300865,180.0,0.4939961074557627,0.886511921140544,0.6520687236248726,12.955136611543212,0.43832578781772263,0.7236605926024956,3.1235132211808434,47.909802762815076,4.607227890136007,6.494856531923557,0.5968559861292781,1.0548134035914287,1.0177881446592045,2.170088815156549,0.6031572364570729,0.22956854073662283,0.6203132882171776,20391.82713733192,149.37265638489717,government_led,0.1424905711474924,0.6724323576153332,0.6363994757743414,0.6679463021235921,0.6751081159819435,1.0
SHWB_082,Shanghai West Bund,Shanghai,Core,121.45784619366468,31.194318018283376,waterfront_core,1,2020,2024,1,industrial_waterfront,0.8542745349924639,650.0,0.9802757823072893,0.8169575136140781,26.87208467925415,57.23686655414255,9.864590635653407,0.6953292354524847,21.779991527921776,360.0,0.8590378547466506,0.23401715874527573,0.9959257763218102,1800.0,4500.0,220.0,42.0,0.7702120096111311,0.732266034650187,0.9645618294502188,0.9210091571520339,1.0,1.0,0.8626862965473302,0.7570023606533999,0.9563368496669308,0.863823915103481,180.0,0.4641681705384959,0.799373684548496,0.610001506744848,10.404548391957505,0.5087634827849343,0.7624045391906307,2.5722152618924117,32.07405535670593,2.740442145267946,7.008831051773043,0.9635135406763771,0.9325200619738914,0.5731588369348762,0.9368962170348784,0.8186635265290014,0.3035996262237735,0.6763119676127953,23854.219258673915,217.71166505232543,government_led,0.19977955650398288,0.6525365912742884,0.3406617800115985,0.821040285566762,0.47922037095388736,0.6482775760514233
SHWB_083,Shanghai West Bund,Shanghai,Core,121.45812501949062,31.17075424002122,industrial_reuse_area,1,2020,2024,1,industrial_waterfront,0.5635438269884756,604.0414622049149,0.878472368472865,0.6778133910925574,27.10787278287122,77.96971383618208,8.949178698858567,0.8803705321651178,29.507302099849934,356.8034241089972,0.9803004950364831,0.33926372562028606,0.953211703386676,1800.0,4500.0,220.0,42.0,0.866771492263554,0.6761987806224864,0.8108109259669232,1.0,0.8969847775945596,0.7518703902411537,0.8419080525060094,0.6703904181384546,0.6976573820401331,0.5677404309050431,180.0,0.48003837984761377,0.713222960622719,0.48077601247971424,14.43780184505137,0.5299912674403399,0.5857246791691495,3.768327001310082,28.6840490046382,4.635878369695653,6.376290647311622,0.3995137869015089,0.9192673481212377,0.48535650273754777,1.2265946997816477,0.5926531039772422,0.16419097116394415,0.1473471597656645,34381.2268895398,53.21808503835388,government_led,0.37080438957885936,0.22514565485880808,0.5547138721654311,0.49568234123713,0.664180047210697,0.8555671239824507
SHWB_084,Shanghai West Bund,Shanghai,Control Fringe,121.4469008249246,31.186120422901737,waterfront_core,0,2020,2024,1,industrial_waterfront,0.5047124428276879,650.0,0.708534500340422,0.6013532109703756,29.910130159225446,37.42931700454161,9.783192054671392,0.7647298057837323,11.402788973009581,244.78683455418818,0.574498884995094,0.45631664526709026,0.7772411620715933,1800.0,4500.0,149.8171608034091,42.0,0.7723767959588512,0.7080426893301404,0.8233169431942863,0.8052521465707899,0.865709344041344,0.763752032373269,0.6857633387043194,0.7258641746751878,0.6226372916818673,0.4181723226241661,180.0,0.3287059786615607,0.5122155086206526,0.16931513675108523,17.784373879820276,0.551816618705844,0.6550926869736989,4.4410669453452964,10.330545497318774,4.3029265032781066,2.494953007051639,0.8147791240728023,0.1,0.28064606061952263,1.4667778241542753,0.5832749653038487,0.22282315029333746,0.0009287926762667625,33235.567776050855,65.59192987171616,government_led,0.5409527747511278,0.08015304438093529,0.38434751975138887,0.6289493565192694,0.4819010370333622,0.2786032699635521
SHWB_085,Shanghai West Bund,Shanghai,Control Fringe,121.45365378643974,31.17685464732415,waterfront_core,0,2020,2024,1,industrial_waterfront,0.5151495725022849,198.71721881610023,0.7879169565493287,0.606267897186817,29.806015986104658,54.427269056667235,3.399927451953526,0.3226131240987905,10.950992039914475,360.0,0.6825139077310383,0.4523621641022665,0.8466909187986019,1800.0,4500.0,220.0,24.35902167324907,0.5917171797735388,0.37329151184504916,0.5009996126828116,0.751083171320881,0.7774966650187607,0.7414432249369449,0.829343066337979,0.6330666658673108,0.65940726828795,0.5512948616492429,151.0033967316751,0.4881685604028113,0.4677186160630461,0.6391255302135146,19.20109308088969,0.6606038304099838,0.7689845681272871,0.869853673276712,95.0,4.631251169741233,17.26000979310568,2.085012966886479,2.8091784339347043,1.8,2.248404488891422,0.5971785113217604,0.1917518388904482,0.3029889059818727,9353.360422334747,134.39347448844399,government_led,0.46291620537691347,0.47210151190135874,0.3069971707871719,0.7110089403097232,0.6980819399462551,0.14674204728241688
SHWB_086,Shanghai West Bund,Shanghai,Core,121.4576385465293,31.20467069931657,cultural_core,1,2020,2024,1,industrial_waterfront,0.9050471097365654,434.8576972337945,0.7768101590154577,0.7321956715693756,27.769034004389873,60.751456376427,5.944484340739399,0.5604677400711748,35.0,360.0,0.890574862545234,0.3783734186688711,0.9196347658185375,1800.0,4500.0,220.0,42.0,0.6466064763293002,0.640262892370587,0.6940115921468747,0.7350075537571695,0.8319440222952964,0.8969929268320437,1.0,0.8199143842479591,0.668376476306257,0.637722720545333,180.0,0.4558004175241628,0.7676334947630828,0.5361891061077118,19.618643638985542,0.43529282398933866,0.6141807352218267,1.9147977274499495,63.190438772425146,3.3163988427531663,15.882702932250464,1.0839492975980287,2.1936912660154535,1.239437612179276,0.7672550684787764,0.8178374754787836,0.33442877391994663,0.500147505817299,8800.19357913322,177.14457627408393,public_private_partnership,0.37949758692769403,0.512679244242027,0.4092973883826958,0.7319439810013654,0.7227054269295654,0.6236021411798254
SHWB_087,Shanghai West Bund,Shanghai,Core,121.44839240097677,31.182844851767054,industrial_reuse_area,1,2020,2024,1,industrial_waterfront,0.9619578958957532,556.1097007357066,1.0,0.7525265960604097,27.404117237055154,47.75299843895633,5.950953795368541,0.6518842751592779,30.793241456490264,219.35652211783935,0.9539031048395855,0.3663278840468096,0.9809319650054947,1800.0,4500.0,111.79996842698776,42.0,0.8569401299580787,0.4344282156098307,0.8507740263124319,1.0,1.0,0.8699506238254028,0.9389702645284403,0.7582296500142549,0.9745761199386028,0.6316986886565876,157.55965857807578,0.5038393384545445,0.7086808912211174,0.40404848105310426,18.012268896912953,0.5879842912021277,0.7413463829773467,3.2919602529099388,57.28445148100916,1.601933325307581,9.42181200639736,0.05,2.1063794092461388,0.8681325893533073,0.6650394124579201,0.9481527666220588,0.4066248962873904,0.1681277563405947,24510.214803686027,10.0,government_led,0.394117573107185,0.0,0.29188293671844423,1.0,0.7673470467490862,0.9804148869198726
SHWB_088,Shanghai West Bund,Shanghai,Control Fringe,121.46430061804317,31.18808784496495,industrial_reuse_area,0,2020,2024,1,industrial_waterfront,0.3838867913010394,367.9839842847327,0.6547713408053324,0.4966732836889008,30.65026821589499,50.074052676905296,5.596350688265277,0.5334483062479214,15.01184530827492,360.0,0.7678652400513002,0.22826969504683275,0.7522701714453093,1611.9676119538224,3965.347739235614,220.0,29.01752740807724,0.5129071655525839,0.5234899370046535,0.6780642536554602,1.0,0.5941779412229238,0.6883539055848781,0.6915145735322993,0.5997142134793378,0.4817388491245257,0.5659713319739551,169.27087150394203,0.4665031759285423,0.6134700786825384,0.46957587534001094,11.243027805573385,0.3587561882070849,0.721811227123411,2.2519266058760525,69.64317726203276,7.680406950877723,15.737582394266465,0.08611077105737011,2.1812605237048848,1.1141303399043985,3.8026265957079683,0.25752673040966567,0.1312975863527175,0.15625678958496472,13205.08951577701,90.74208392636628,government_led,0.13808124486342702,0.4036760085121272,0.46625962883973,0.26037422989236725,0.6693627985669222,0.7171667768834172
SHWB_089,Shanghai West Bund,Shanghai,Core,121.47752404978907,31.18712650109044,waterfront_core,1,2020,2024,1,industrial_waterfront,0.9569920699683668,644.6475648183989,1.0,0.805913757448247,26.843068269636493,90.0,7.595562548665692,0.6708234158917578,35.0,360.0,1.0,0.5930035827706983,1.0,1800.0,4500.0,220.0,42.0,0.8384424492245423,0.5667376923444739,0.7709405347244437,1.0,1.0,1.0,1.0,0.9913963329658829,0.9622783632279576,0.7957116317454256,180.0,0.4823735472100295,0.9173002640568532,0.6190580711090964,28.955419229856787,0.6500503132076255,0.9556416945841543,3.327437297733039,51.76273264807165,2.4345662382491415,6.8049748084807,0.06710445468881596,1.1038006233824118,0.8204094241466477,0.31853061329837534,0.8877867850495893,0.6015088970676676,0.3726659941847777,20046.135796480306,137.91436308986167,public_private_partnership,0.550518712894189,0.4896438028928884,0.8129776967426658,0.7983574525806294,0.5490500657935153,0.7345186370950074
SHWB_090,Shanghai West Bund,Shanghai,Control Fringe,121.47349985926857,31.185592622982934,cultural_core,0,2020,2024,1,industrial_waterfront,0.604574953842835,234.50094802328755,0.5879795297311894,0.4283208904595866,29.683119926410708,51.509756718047754,5.017806147821412,0.5152529875346481,21.75448677610877,261.206597004101,0.7071833250668472,0.41643017151557954,0.7678232761673099,1740.9125044441453,3946.377576726332,166.9204185198787,42.0,0.6582085740625563,0.5182266738069786,0.5578121607081706,1.0,0.5500393440421815,0.6076188327949952,0.639034819880797,0.6204545167682751,0.43096294577152167,0.49118477560180834,91.34743283355702,0.302763526687137,0.6564523537176933,0.27379036489989217,13.922284435085297,0.410405028525393,0.7309982708384603,1.4992110794241271,81.2694531682172,6.356779309419196,12.514048556502336,0.05,2.542931067400684,1.333846492676534,2.928335969078516,0.3517468822770324,0.27789861504936064,0.053072692663748165,9979.646092707124,34.083432214230214,public_private_partnership,0.39748148144550005,0.10608096249189863,0.4279034453813841,0.33061826935812544,0.5786699974038984,0.21550756805422586
SHWB_091,Shanghai West Bund,Shanghai,Core,121.45765249498814,31.184055968970767,waterfront_core,1,2020,2024,1,industrial_waterfront,0.8114631360822658,604.3900749320512,0.9400687043869023,0.5417629978441618,29.113532958922285,90.0,9.022349254957664,0.5403920910403472,34.98480380218134,360.0,0.8917524913031356,0.2896860029733751,0.7757560416614766,1800.0,4500.0,220.0,42.0,0.825869287572524,0.7152221715422539,0.9885235324813311,0.9202078501244628,0.9334804678403992,0.8106811505635535,0.9916661440037796,0.8098814035879071,0.7387967210284394,0.9019638480552117,180.0,0.47369246729524855,0.8959532896687749,0.7272572008140381,12.9623579187865,0.5075281338740736,0.7240190380387758,3.768398009486666,39.426087030932415,6.501105671176277,7.553820130919554,0.9418309295599331,1.0668025356670459,0.704173402865071,2.820121763408825,0.406602637394192,0.25065942144893966,0.35076912759252543,26223.553553825575,126.04408284753129,government_led,0.3170627525672716,0.46393489100767726,0.7417330330649881,0.36934460960112725,0.6884901709939756,0.5597363227256634
SHWB_092,Shanghai West Bund,Shanghai,Control Fringe,121.45486585886498,31.17892100866503,waterfront_core,0,2020,2024,1,industrial_waterfront,0.27116063851875155,392.8172292307909,0.5674384866966312,0.3685231580846389,28.645602746996232,60.224980740855855,6.224549194348288,0.5466752024766119,15.455214702890746,304.50055175375724,0.6272589076031578,0.48171699982906596,0.5469167599377549,1540.8785144444678,4104.351112181226,191.77369266616304,42.0,0.5565498395114533,0.5801277929066676,0.5684573100628796,0.9423986661927701,0.5978508797644799,0.4910511477576465,0.5514197612187667,0.6225949307127008,0.35112227937462137,0.5897102586109277,163.912473920856,0.34482505599605306,0.6036501082570568,0.35158416418825866,25.611047039927143,0.5955594912067501,0.654504084180447,2.202677813800389,63.139509610275546,7.241015516054442,13.623517026736051,0.3905110218957703,1.9102819188558418,0.7548945018592881,4.032657062168316,0.2751300918847044,0.14651158193336178,0.035336058608102044,14382.636461053242,141.73902237406517,public_private_partnership,0.4189412919957404,0.3079878331517388,0.49109564198917804,0.09011066281865662,0.899320631258173,0.21104110382781327
SHWB_093,Shanghai West Bund,Shanghai,Core,121.4401868356484,31.172192146055046,waterfront_core,1,2020,2024,1,industrial_waterfront,0.9542676622863796,650.0,0.9804088307443707,0.7002529297090779,25.33093018536755,75.38811528144393,8.818522421576453,0.7907136907501874,33.84425421744546,360.0,0.9339857254581702,0.25717475568327725,0.8012894709887431,1800.0,4500.0,220.0,42.0,0.8123233631184124,0.6437909779029707,0.9205144076066459,0.9976145919524699,0.9282237905619187,0.8554393970894139,0.9187263344014402,0.6726531683319447,0.9010353163220083,0.7459067473278422,180.0,0.7100596766823947,0.8515275683735093,0.7652968556746377,10.661202316035547,0.5110850104369306,0.7756202174981773,2.9696068232820636,33.25833212455558,4.571529567290369,6.518822369948333,0.34210430853002055,1.56396930895929,0.49804200536815046,1.9339406913211599,0.5216505877244114,0.23974594991342799,0.6182761156507925,26650.67039825756,224.6952223913846,government_led,0.3732676264522942,0.6628983609425758,0.4380918024886041,0.5553498022327045,0.7922032561704351,0.6574549142781279
SHWB_094,Shanghai West Bund,Shanghai,Control Fringe,121.45269910561493,31.17307313151482,waterfront_core,0,2020,2024,1,industrial_waterfront,0.5748483154503777,496.4672910209587,0.7532664185708813,0.5283969702980547,29.756764993025275,71.93100224017144,8.706417726218934,0.5448056190536028,12.796576959914763,313.4023026474423,0.5531373949282902,0.32927258608486953,0.8104615503238725,1800.0,4500.0,210.29290248201457,42.0,0.6026284141882527,0.7559678152971336,0.5988951056462197,0.7098957555853243,0.7841742073961636,0.76933570249063,0.6094910428344256,0.5185438124244799,0.5522819014449522,0.4929975848327501,177.89401634579437,0.4045475077496712,0.4834691966129117,0.457740123676552,16.457848552876822,0.36891637595468696,0.603590277756148,3.279829392055097,32.700749450453884,5.655416261624491,9.461788345262866,1.2825427741432602,1.181374896948095,0.824083436462062,2.3391380546405274,0.48847534180418273,0.22826720088805105,0.1032223555414192,26068.41738216543,151.04880408543931,public_private_partnership,0.5022725566309089,0.3202771195473257,0.5527537689671579,0.6018207384502868,0.7181772253222988,0.17165188925873573
SHWB_095,Shanghai West Bund,Shanghai,Core,121.4790269438696,31.179438528769,waterfront_core,1,2020,2024,1,industrial_waterfront,0.8568480475599641,365.4343789326728,0.890360686916786,0.6206150996201499,27.33916234541988,90.0,6.129055983984834,0.5890298752204545,30.092991928536364,360.0,1.0,0.27108593838683476,0.9447478697840925,1800.0,4500.0,220.0,42.0,0.6858384493392556,0.5157205801513052,0.6911581319709337,0.9555328264862155,0.8184923253159168,0.8804805374396782,0.8450975262585171,0.7511921061808564,0.6371583111480027,0.8708153656618512,180.0,0.7219302752804188,0.9967117338935229,0.5146281198199211,18.010061364002002,0.4624282469000625,0.9208253565672638,1.6966434752805926,67.03174835375992,5.700689065187211,15.486532725713275,0.17356531451112356,2.5855691712187507,1.4155782526835037,1.6493690094862614,0.5654240423380432,0.28832362452511345,0.43178349284018175,10871.200692786846,175.57150843440508,government_led,0.31479724068754145,0.5433991243056291,0.6864450894034286,0.5558283754305419,0.7847036397908649,0.8428000369699423
SHWB_096,Shanghai West Bund,Shanghai,Control Fringe,121.46597351081464,31.189461672084075,cultural_core,0,2020,2024,1,industrial_waterfront,0.6851887457217136,452.99520226253514,0.7443787193471536,0.5926514614785513,29.706759235312504,47.775179355317306,8.184530680825628,0.5575465666349936,27.543269516024708,360.0,0.8413616902689924,0.36593449030409486,0.9080788453653402,1800.0,4500.0,220.0,42.0,0.628765133936331,0.5909946783870401,0.6206378831113922,0.7311990626693284,0.7634573645801838,0.7362161442788545,0.7848533658901766,0.6758535455830301,0.6085270236978743,0.570795066934697,180.0,0.253446043449696,0.49559191487993015,0.666201794675389,16.572949965124586,0.5041085170298236,0.6301791122120892,3.0713231469630804,59.560400788903415,2.827230478724034,5.945362552720948,0.8035919551109915,2.077480811215362,0.9728300958061504,1.5937636935645656,0.746672293489497,0.16638671160915391,0.406592836438802,17146.87359828302,138.91574015349494,public_private_partnership,0.38438835676554617,0.4921393525570693,0.34972202446812184,0.705997870691086,0.7188366512164784,0.4670520440980691
SHWB_097,Shanghai West Bund,Shanghai,Control Fringe,121.44649544560205,31.185295623424622,residential_edge,0,2020,2024,1,industrial_waterfront,0.37425854082610216,535.9550772174243,0.8608675365389867,0.5787900357004427,28.34643849106091,36.46739613602844,10.170841029200902,0.41330873944858204,15.261999698790401,238.71638460480608,0.7321089201595755,0.3362621315222072,0.7755447638740286,1800.0,4104.707388549664,139.3916816668602,42.0,0.7477808630447667,0.80736138552799,0.638404934647089,0.8124467143518385,0.887752886393715,0.856223619398731,0.7846569338313838,0.5819934152022966,0.5559024295749577,0.5654152051799624,180.0,0.3088935962704234,0.4713837664966772,0.3820749605658292,20.7825363865568,0.39856399559304895,0.622703618382846,3.9200549917196232,45.42084368028035,4.342977671887026,7.250053378015441,1.1982301237359685,0.7991454215611431,0.64887758393973,1.439963760424358,0.7360959144977921,0.16043890245184086,0.2215979358854485,27444.414514028314,110.32551919989055,public_private_partnership,0.264419734472147,0.4293001873188553,0.1056432192279721,0.678261043611838,0.628610324530866,0.16677926641898214
SHWB_098,Shanghai West Bund,Shanghai,Core,121.43990841669297,31.193983227751808,waterfront_core,1,2020,2024,1,industrial_waterfront,1.0,507.06640131656457,1.0,0.7500434441217303,26.586341859039035,88.82098492737012,6.87100509518916,0.7016551519642074,35.0,360.0,1.0,0.42649766907822484,0.9362164933067838,1800.0,4500.0,220.0,42.0,0.8554868611499963,0.5784201122503944,0.8026344909174132,0.9914736533233658,1.0,0.9219411913370925,1.0,1.0,0.9399871722592172,0.7412406583658044,180.0,0.5226494616125499,1.0,0.5033276158513712,22.423969828778617,0.5125952633478408,0.8428421941115269,1.2583863432370705,64.42903876580715,4.099884885537813,9.238522572509831,0.1484449255524731,1.9340438661829118,1.2509556127493038,1.5649996096022973,0.6891338948887832,0.33201393903229803,0.29364238390402003,17381.03389317511,88.0898363475083,government_led,0.4845883977967769,0.24676377132087507,0.6807947142722013,0.6760335682789838,1.0,0.7548750769603382
SHWB_099,Shanghai West Bund,Shanghai,Core,121.44075470831844,31.19399615404271,waterfront_core,1,2020,2024,1,industrial_waterfront,0.5411257892287338,488.39568331359015,0.8483436006236053,0.6460088260559361,28.423305099878583,90.0,8.09580501398277,0.7281637322035845,32.9632429528048,360.0,0.8578252978269325,0.48022010855331587,0.8546201101794522,1800.0,4500.0,220.0,42.0,0.8957870972430598,0.6037728340456403,0.7826964382785666,1.0,0.9303187794006402,0.932499288136508,0.859574849349067,0.7877491012242264,0.6888024625038903,0.7206128314380992,180.0,0.555337728839192,0.8899158963623097,0.6215604914103402,26.546586574838273,0.5062666589076592,0.7551505632120598,3.06252795990249,43.22623859479913,5.002465642908589,9.431102320344992,0.05,1.751625909983098,1.0002652264578904,2.7013780220035093,0.587007474882249,0.17758607898514586,0.26538837038641616,23841.139454424647,132.39865219264027,public_private_partnership,0.4991691245569767,0.37867346094707754,0.8352078207618376,0.5617039057859917,0.750216397471969,0.98579862965894
SHWB_100,Shanghai West Bund,Shanghai,Core,121.43675737468119,31.189195323169265,waterfront_core,1,2020,2024,1,industrial_waterfront,1.0,615.9444291450304,0.7509486200040958,0.6290815841213993,27.665662187209524,90.0,7.519917845449023,0.6292096747752018,30.19948094241306,360.0,0.8733873653777052,0.68513948700985,0.9868797505337977,1800.0,4500.0,220.0,42.0,0.8251021515392354,0.6504077447497173,0.8838012029129243,0.6751393773918741,0.9563707416316363,0.8688791409163641,0.97363319470809,0.853296220681659,0.768039600022551,0.7115661856652782,180.0,0.5418588434476772,0.9205391591728921,0.48232609680912053,31.289753755538424,0.6875043947448619,0.9066814108163054,2.8460405370548747,44.94843579423471,5.571429774963284,5.9755835789759,1.2001009721762768,0.6608080557571286,0.785170989373874,1.939209801128156,0.5651736303448656,0.6438591194309962,0.5249475354784359,21644.0286656378,159.64762966021277,government_led,0.8299776324741738,0.4273057972667203,0.9007116786830309,0.4859191619842608,0.7665081877388632,0.5853266984879292
SHWB_101,Shanghai West Bund,Shanghai,Core,121.44800465477799,31.17126234404477,residential_edge,1,2020,2024,1,industrial_waterfront,1.0,354.81034013533315,1.0,0.8036989277520298,28.227478200182702,82.90813829356642,5.819606589801227,0.5722411518213477,35.0,360.0,1.0,0.5934023776465029,1.0,1800.0,4500.0,211.55623329401794,42.0,0.7816017906928671,0.47831114872510716,0.6493969139818234,0.9128292661126373,1.0,0.9768487440681827,1.0,1.0,0.8319538374538283,0.5961226945565101,123.83455055546071,0.5169842812374015,0.769132809671744,0.4527244036472881,24.138406367490852,0.629816790285866,0.9083786778965263,1.8022377764538977,80.31711988198713,2.8704061350645045,15.110511635700089,0.7036269623939326,2.8156377472912575,1.1388839425824482,0.8039521503966084,0.8590983097202414,0.6356481728502512,0.06841993332588009,10433.209594656713,70.45640705243802,public_private_partnership,0.5187377488817186,0.10780274787750957,0.613027805730284,0.7918647430681425,0.6747171791222912,0.7951317285300912
SHWB_102,Shanghai West Bund,Shanghai,Core,121.44407473101055,31.182118439751093,cultural_core,1,2020,2024,1,industrial_waterfront,0.5468801314049558,617.4539068305673,0.9444657027746801,0.789718770564077,26.46130593887268,70.81164534624425,8.624116123418391,0.6513287635423924,35.0,360.0,1.0,0.5525177319284402,1.0,1800.0,4500.0,220.0,42.0,0.9537682908683212,0.6356419874171914,1.0,0.982294863612792,1.0,1.0,1.0,0.9702623530000827,0.9913657414284951,0.5931226002506402,180.0,0.5465905742506354,0.7875017553210727,0.5986750309392739,23.81922616302473,0.6830698134262829,0.9964558053362663,2.3379980966530125,49.583146109029215,3.4355257214524335,8.371913719116234,0.12047858985583243,1.6841027465987788,1.027889431534733,0.2172987356427517,0.8381748926210334,0.32446809916388364,0.2728966822518076,22246.345463542704,57.42226622264668,public_private_partnership,0.4572797270581358,0.3010785188867361,0.3918089553985833,0.7428179297799352,0.7795251108488561,0.6609620920800446
SHWB_103,Shanghai West Bund,Shanghai,Core,121.45182563107076,31.173747675865048,waterfront_core,1,2020,2024,1,industrial_waterfront,0.7582350096819919,548.2106775177033,0.894121624658445,0.6847900161099759,27.690896482251834,90.0,6.33226261208603,0.5934019010580097,35.0,360.0,0.9450371005048881,0.37247158891946924,0.9957527806558834,1800.0,4500.0,220.0,42.0,0.8507542269878559,0.6826371080060847,0.9686405504707286,1.0,0.9525287624032814,0.9227268924179196,0.8651107590164204,0.965441533726658,0.760650657835501,0.9253864156945606,180.0,0.6458802600237775,1.0,0.6776546227600105,18.672006192135267,0.6089440872165254,0.8102003148843264,2.483115282854314,48.13689691785436,5.490339163869657,10.773017443150533,1.0834679408816765,1.5567807447502764,0.8717479916243841,2.6125862546031855,0.5350937835357638,0.29629524226741555,0.36190264093843644,24622.21111383489,157.74749225919098,government_led,0.4066437913311136,0.4603861717957944,0.8695448699910913,0.5140573489457959,0.9919313128765082,0.7214498224489324
SHWB_104,Shanghai West Bund,Shanghai,Core,121.44534688472596,31.184859347304215,cultural_core,1,2020,2024,1,industrial_waterfront,1.0,336.06105493098005,0.9384856948468785,0.6232145861759992,26.34019135650632,63.5626128940645,3.083526054750764,0.3123158098284513,35.0,360.0,1.0,0.31684619327864,0.9012517263677841,1800.0,4500.0,220.0,42.0,0.6140584174492452,0.5152829792639927,0.6302030533085722,0.9681514523874923,0.8688901023075988,0.8183665228790445,0.9435750217547566,0.8400988456145133,0.7183512416305269,0.8540324479757797,180.0,0.59903921908784,0.7717780863417975,0.49137024042299005,16.953139186347876,0.5032540396564431,0.8765983270854888,1.1023764570694377,84.81045753562579,4.443819778965809,13.568842278273253,0.05,2.8822917006086435,1.7723080637005937,2.7739916068206694,0.6060116613156457,0.21926282894236113,0.436728209300971,9513.235493594555,92.87001184858825,public_private_partnership,0.25531228814882834,0.41671269910964365,0.4408498451610269,0.5121538703307127,0.7423827812857972,0.6761470977301215
SHWB_105,Shanghai West Bund,Shanghai,Control Fringe,121.44687111517253,31.189634879075218,waterfront_core,0,2020,2024,1,industrial_waterfront,0.7036766601602754,407.3178555887551,0.4905622431681199,0.4981600645948763,30.562924581679308,41.71520507241281,5.486182513702165,0.3429344984086934,18.43951879007426,188.97607820591796,0.5878985624836839,0.5351602758288313,0.6973823523100624,1800.0,4500.0,115.48764137946921,38.81095496887038,0.6681874966022584,0.5066936802302586,0.6152447032022573,0.6085632598828686,0.6771726390243086,0.7506418676530441,0.7158828824976644,0.6246792514328873,0.5014034172337032,0.49906247012165894,94.0798628860307,0.10429574151985249,0.46542724859514845,0.2732420291351185,21.647593195698516,0.5352451988666745,0.5990751993925411,2.0780911681425707,73.13656031282139,6.326348613069729,11.731124694828623,1.922835714196833,2.3220089372125154,1.1783570024022298,2.179189667088467,0.5032451133706742,0.4116732146088822,0.11103001126089448,15545.541086416499,42.48675238803994,public_private_partnership,0.5338790675681584,0.041360982406215,0.3592816769115705,0.5841057176758834,0.7821739931644607,0.34883613813330633
SHWB_106,Shanghai West Bund,Shanghai,Core,121.45678903199587,31.165328085041494,waterfront_core,1,2020,2024,1,industrial_waterfront,0.5757175109586095,537.8213135868519,0.8228166357627664,0.6466820842186103,29.05672238687142,83.52937652583,6.719013767921817,0.479699012125706,35.0,360.0,1.0,0.47781238923501834,1.0,1800.0,4500.0,220.0,42.0,0.6858017418862127,0.6276585308661322,0.7299634239571814,0.8810831659229134,1.0,0.7853203864126981,0.9541459992086934,0.8442987656675931,0.7667622856303037,0.7130152537826345,180.0,0.5111612347812609,1.0,0.5952044914262136,27.824595400287713,0.6011624715922295,0.8245155862197739,1.7380595506359462,72.68785906507728,3.6761672426020766,11.040429467365954,0.05,1.8449657457960924,1.173089350530074,1.6125926094900178,0.6572154701905598,0.4000911621171746,0.20323703451138644,11166.658806020449,87.60061601747803,government_led,0.41563566737754243,0.385001988924165,0.692847490213482,0.8485863585910967,0.6915584812086848,0.7517737335436101
SHWB_107,Shanghai West Bund,Shanghai,Core,121.45794757347956,31.191894585584684,industrial_reuse_area,1,2020,2024,1,industrial_waterfront,1.0,483.11721349726605,0.7918384633746045,0.7003508635043402,28.682978652636468,81.67588430140808,8.34692615018634,0.5783378256855384,28.77518849401137,284.004883558822,0.8072819208273565,0.39641284279481676,0.8671607240103509,1800.0,4500.0,172.37026301693334,42.0,0.7982502380942684,0.6603386324450454,0.8457910010838333,0.8780117527107391,0.764594379357011,0.8175909866376692,0.701967593762118,0.8008583022807909,0.8169989988164684,0.546328051521632,123.58860131685121,0.517270117516388,0.6659868668166571,0.38067392349410345,23.70549113715182,0.5675875731971883,0.618971148303731,3.3760166440554906,54.63214013075339,5.994641331777802,7.717545384169355,0.566311669628669,1.4670286496064666,1.0730913008994263,1.8380181451929556,0.6389211016537055,0.31141750034527105,0.008131455521311027,23631.822880007538,10.0,government_led,0.34828057413882846,0.0,0.5540363428132165,0.7834625530333673,0.7157851644172614,0.9553200481810671
SHWB_108,Shanghai West Bund,Shanghai,Control Fringe,121.45213610816413,31.182022321194033,waterfront_core,0,2020,2024,1,industrial_waterfront,0.37596544250773684,391.20420309709306,0.9223102872149812,0.6129149772231467,28.06698348443991,46.666319046848336,4.124415477867765,0.4020947317947914,31.17488304959215,253.33396691829768,0.7932706792828391,0.3403042936994851,0.8164243807764201,1800.0,4405.118509188608,173.36888230523002,42.0,0.51833753838529,0.5593562322745831,0.8806153186613969,1.0,0.7865560287164125,0.8477483416871623,0.9465552688418324,0.7270186406615519,0.5913376812143445,0.5434894356617809,149.82197102718567,0.2663954044505694,0.6378410248617579,0.5375807837983735,19.473424390296984,0.4686275648264342,0.6272688117738043,2.3347666319868585,66.63289088322487,4.1183948765056115,13.606730523226377,0.05,2.042800942741006,1.0878424094071342,2.1890687183605126,0.6092196605063852,0.12334878499232994,0.14126320509439064,13332.588569411844,125.0894617507166,government_led,0.47949983312839994,0.32865504331238915,0.1752370954867455,0.43617537443883464,0.7599241789340473,0.034680367632646356
SHWB_109,Shanghai West Bund,Shanghai,Control Fringe,121.47198468279129,31.177801238102962,residential_edge,0,2020,2024,1,industrial_waterfront,0.4011463581827233,650.0,0.474791023835611,0.4913775171720922,31.738635338778646,45.45408672643532,10.20125539342514,0.5570190210223475,10.218387821949902,269.38880503454857,0.45983975294300616,0.40675440663163404,0.6326083626553624,1149.8959310922532,2613.7484878353052,144.48802399402106,42.0,0.7994981451874245,0.7289815726131746,0.7680065506963389,0.68109050853426,0.6798990029640742,0.4769964615632703,0.72596175499127,0.5707090756290211,0.3630617639445851,0.454263075575465,180.0,0.23045282409137044,0.6175872642894116,0.3696444839469617,18.605486450747506,0.46835253180732195,0.6218853565053166,4.2907967593318315,23.949454557579095,8.180603681618635,5.178366349099919,2.1692856289937104,0.728263849151992,0.05,4.350957952759531,0.11678397605046005,0.18761059034798958,0.16318496281945083,28073.014002426138,94.86799881898652,government_led,0.4917015500612487,0.2873035450021424,0.3235475494712103,0.03759643207300227,0.8809641244237079,0.31122159596083004
SHWB_110,Shanghai West Bund,Shanghai,Core,121.47155552471183,31.16269374760004,industrial_reuse_area,1,2020,2024,1,industrial_waterfront,1.0,609.9767036470422,1.0,0.6923070825642881,26.952985180596624,90.0,7.871859081105572,0.7997342464248707,24.84245603847898,360.0,0.8937841410220482,0.33208903653675875,0.9514217454786763,1800.0,4500.0,220.0,42.0,0.855805383447802,0.7452061594494275,0.8091681923882825,0.7859130051264073,1.0,0.9212708981963336,0.9324490487793726,0.7923655145962247,0.9255047267548949,0.7565839539868395,180.0,0.29147169442202464,0.8208443746838292,0.6873835634604217,21.666604443877482,0.5253597508966202,0.7485347529817598,3.160468342371092,26.778009868158748,2.62113802337305,6.1160937837121585,0.865231969889596,0.6709941034090238,0.6825557562719841,0.7055438503669321,0.8447816813365179,0.3714281818036428,0.2943929877251471,29282.23490872664,68.14892272338446,government_led,0.26454700283894483,0.2906944844535455,0.8655489568924073,0.8866219063713511,0.721037302100681,0.7256749359961048
SHWB_111,Shanghai West Bund,Shanghai,Core,121.4554718073062,31.173792078197234,industrial_reuse_area,1,2020,2024,1,industrial_waterfront,0.3675395721635536,472.8412995659592,0.5335059252833367,0.5890039931418921,29.303167551715298,73.89868645145376,8.50487439051124,0.7524774710871308,16.073531019251,360.0,0.7528899577621181,0.6203702630741978,0.9303729875796959,1800.0,4500.0,206.41146698486628,38.90611693741549,0.6461263457276833,0.6944678002165106,0.8928488370115589,0.7645086150806563,0.7878512550497426,0.8703454338755559,0.8972119986713657,0.89143509168644,0.660325729878873,0.6244623852107706,180.0,0.4071019374331667,0.7900391776585082,0.5228830381751921,27.081790072959755,0.6851167566566274,0.7779806811062967,3.0133033251056673,59.52691239833073,5.541527876905442,8.143776093314262,1.2737182883162637,1.640170909254778,0.799682776789592,2.3084555646701506,0.5475097866150048,0.17948776262016225,0.025954048964846724,21571.544165776166,99.25526418367458,government_led,0.7345825471661941,0.39469182210256815,0.5488528132223802,0.6880020768984256,0.9200411439846657,0.7278892671308551
SHWB_112,Shanghai West Bund,Shanghai,Core,121.46737027892323,31.167921378522326,waterfront_core,1,2020,2024,1,industrial_waterfront,0.4002128520655118,462.3056099722843,0.9726310294306999,0.7031649976054325,29.118617752621166,73.76380167239711,6.713311372730221,0.5416885477443666,28.149962278791687,360.0,0.876705163106482,0.48135623421326595,0.8022210209994748,1800.0,4500.0,220.0,39.56896510315369,0.7354080217698986,0.576319074316508,0.9249571112911851,0.8469979760290517,0.9497684683364466,0.9170148548174515,0.8919185315498878,0.8092973872236257,0.7907739900068254,0.6977543633069124,180.0,0.5356835124821485,0.7555890423715892,0.5760999592034552,16.538139094636897,0.5280948177856631,0.883919260134274,2.999461914233933,42.76310416718254,3.786770989610206,13.177877099373013,0.3388916200473568,2.033123479618477,1.0831719512313185,1.130911269493537,0.6468493170356968,0.2361528511284569,0.13498200443300284,17148.666779154417,160.84237582402307,public_private_partnership,0.4439546360444446,0.5001839710681033,0.501793446343433,0.5682669872095926,0.8390851264306951,0.6219005123059276
SHWB_113,Shanghai West Bund,Shanghai,Core,121.45402677694787,31.18571786312415,waterfront_core,1,2020,2024,1,industrial_waterfront,0.5011835817051773,491.1297251133857,1.0,0.8643603719876161,26.235764649136293,68.44568847864528,5.833626232418555,0.5957285283439006,31.10496517508154,360.0,1.0,0.6453965408756492,1.0,1800.0,4500.0,220.0,42.0,0.7812193983377498,0.6228989326633626,1.0,1.0,1.0,1.0,1.0,1.0,0.9621140940928887,0.9294337654656577,180.0,0.730298465295871,0.8999291159925169,0.7784707706750873,23.104865871385478,0.6545008206139582,0.9532446937597897,3.265486481992041,44.958998079822805,2.038629344333769,9.513728871987865,0.1381567124575271,1.4962889675503017,0.781726989920978,0.3130559702682113,0.9350119602493707,0.2837729723347455,0.1608999978330218,20909.786413304297,155.0080188378407,government_led,0.7318139534376723,0.49893586473090185,0.4198920092198668,0.9767501466245974,0.9282271232994485,0.5845005062492291
SHWB_114,Shanghai West Bund,Shanghai,Core,121.45908321278947,31.191955276418952,waterfront_core,1,2020,2024,1,industrial_waterfront,0.6293858072055288,542.3497887485281,1.0,0.839052242833916,24.444096385490596,90.0,7.259941232223022,0.6368095280929618,35.0,360.0,1.0,0.39437345324580847,1.0,1800.0,4500.0,220.0,42.0,0.8697527032805372,0.6059678745043562,0.7535546745581084,1.0,1.0,1.0,0.9585713113856352,0.8133848527277491,0.8466390809991736,0.8061767221630396,180.0,0.5500976416532096,0.9985239247023389,0.3699302970079493,22.95831667441975,0.5971276260891275,0.8023537744448089,3.307130320961214,72.12192321189728,1.5,7.7243464703976334,0.10123659759684284,1.1778447427510357,0.8547075832159416,0.2620091131987271,1.0,0.2940686801153613,0.13804055495049145,19602.44498925637,87.64554507028522,public_private_partnership,0.4139129393615326,0.26580940728807173,0.7592807374187507,0.9388477335181644,0.6878719666659473,0.682596987031749
SHWB_115,Shanghai West Bund,Shanghai,Core,121.43906304810969,31.18605818207239,cultural_core,1,2020,2024,1,industrial_waterfront,0.7024063680163349,348.0670954076017,1.0,0.7606112023933315,25.182057087530318,78.02191165722243,3.2515317895543734,0.5797955798387318,23.983303439226837,360.0,0.9801294374226933,0.39592094813002054,1.0,1800.0,4500.0,220.0,42.0,0.6713342847048397,0.5352706012392806,0.7733113012510182,1.0,1.0,0.9178833119265603,0.9130329433721304,0.9036251228191731,0.9584391289395064,0.7858508467370092,143.28638460290145,0.49728363415209886,0.8210805113884116,0.612825886932434,15.601973262880309,0.5126020292989647,0.8172445584879149,2.021021751134768,78.0512258889501,1.5,11.932847472460693,0.05,2.4772370081740185,1.168190417490177,0.28616277834645326,1.0,0.34557661620842445,0.3910825813262562,12438.468381204657,146.81569516462847,public_private_partnership,0.4024049409335554,0.46437435673921396,0.45382382065892474,0.9747149976983275,0.8190882436458214,0.9225880874750658
SHWB_116,Shanghai West Bund,Shanghai,Core,121.44192925711586,31.190357001705408,waterfront_core,1,2020,2024,1,industrial_waterfront,0.8574324249935175,447.0269631654237,0.6462860113995743,0.6167823011453194,29.746383001636104,90.0,5.83719146332346,0.5441398719814571,35.0,360.0,0.811096006708005,0.2643203714681094,0.8725251042554596,1800.0,4500.0,220.0,42.0,0.7513479619098651,0.6287490571315796,0.6662007546202549,0.7743269780398171,0.8319335399103117,0.723909639912001,0.8508338536262963,0.7466190666540933,0.7937910712540087,0.5946180590590084,180.0,0.42375804573670783,0.9153963543881793,0.4989070950725258,8.512965843066603,0.49115529523221146,0.6913074126027497,2.5388064152656775,63.01126580852297,6.73957330105621,8.536875417600363,1.0322492199902153,1.6175665061446742,1.149805549832109,2.3067894589818927,0.45310977483537707,0.1547809071521301,0.2441575181342433,19674.32104126436,156.58186112896428,public_private_partnership,0.21369063498736468,0.39313617435550174,0.6500505491880322,0.47748095107527694,0.8249161476452362,0.7068832178436484
SHWB_117,Shanghai West Bund,Shanghai,Core,121.45510490173051,31.199203560425477,residential_edge,1,2020,2024,1,industrial_waterfront,0.6537218852289184,629.4558917023079,0.9026434298246918,0.8063922962089204,26.625519491754357,90.0,6.808770474910652,0.6834868455565382,33.98191007447093,360.0,0.9020274085786832,0.467482277705644,0.9636402155370157,1800.0,4500.0,220.0,42.0,0.7970078451174331,0.5307347423651535,0.847875029736429,0.9897990173324536,1.0,1.0,0.9869451280051086,0.9217392573096657,0.9220377968159698,0.8079697561600628,180.0,0.5509187679872849,0.9273186460200535,0.5560960000765511,23.010570635991023,0.5655348040288858,0.8846881578569032,2.845048613450632,49.00750103072553,2.593786851383381,6.999594947842486,0.6582668690183281,1.2262998630553514,0.692736700935985,0.060180487971666516,0.9103467123721765,0.33862962918461786,0.20007870570082315,24334.88009434135,128.23130808386892,government_led,0.508213678239154,0.4013751063561237,0.5833976646581777,0.9038865371573452,0.5216090288936818,0.5980969891040658
SHWB_118,Shanghai West Bund,Shanghai,Core,121.44808737873079,31.16735300374483,cultural_core,1,2020,2024,1,industrial_waterfront,0.572382184591813,493.3798774186669,0.8642074295614384,0.608972492460734,25.28974363684925,73.22115452015122,7.046373937405823,0.7386606212474544,35.0,360.0,0.8491098168986495,0.38501433235813987,0.9550398817841917,1800.0,4500.0,220.0,42.0,0.8320629872864337,0.7676427324676989,0.9115055282488391,0.754610719655859,0.9459372264690449,1.0,1.0,0.9040352212709266,0.8734894654856257,0.6385000092716292,180.0,0.5798166119018091,0.7740127075820425,0.6127721491507524,19.921696944708625,0.5465685119982256,0.7199229347327389,3.0349738473004795,49.936797150440555,3.9238968484871037,11.521566838623514,1.3075331410940572,1.4024534643708146,0.4993315149300076,1.1598020588581248,0.766451775929588,0.1208910744172914,0.33800652034915124,19732.500563370508,87.30138037744166,public_private_partnership,0.36022333211563096,0.4680354523055747,0.5412554589910741,0.7415580735820363,0.7010402093000951,0.842459405970531
SHWB_119,Shanghai West Bund,Shanghai,Core,121.4600927284684,31.182253858304854,waterfront_core,1,2020,2024,1,industrial_waterfront,1.0,616.5605337769146,1.0,0.6881952214951246,25.832344142237847,90.0,9.032879269375234,0.61488353277722,35.0,360.0,1.0,0.3351449316867575,1.0,1800.0,4500.0,220.0,42.0,0.853022882341523,0.7918539618910833,0.9570496802487676,1.0,1.0,0.9879398452101472,1.0,0.8799895647124516,0.955525942559663,0.8792859761649838,180.0,0.5558258613614924,0.9866675152242519,0.656567923942137,11.509556097778574,0.6395630704677725,0.8549805443749635,4.1757324783982925,24.2882209400633,3.9427798150364723,7.553250361468762,0.07537777059867737,1.084736870057197,0.3988071474044322,1.2931669986242265,0.7147433869513508,0.3033788548836264,0.5598829152672787,21996.820452183954,181.13485200987694,public_private_partnership,0.4661855348795525,0.5439671345439998,0.766646142951545,0.5869913079407053,0.7225904658320561,0.8095959106704567
SHWB_120,Shanghai West Bund,Shanghai,Control Fringe,121.4473112796123,31.18452732759545,cultural_core,0,2020,2024,1,industrial_waterfront,0.7955386330456308,383.44349721175473,0.709677511955904,0.506023638958686,29.04575442628059,52.383941114509646,5.657955532516565,0.4797245272485353,11.039820401850488,360.0,0.585273300648787,0.4950474038816547,0.7772167535390416,1672.2451542969027,3696.6739113816416,220.0,38.610944788255054,0.7171300077888649,0.5083603636745272,0.7136857391982213,0.9355378164898503,0.624423140215803,0.7092299077097616,0.7688201010764968,0.6443419668202377,0.47329480304528493,0.5018119042364766,180.0,0.36507397898389937,0.6298643166401452,0.3771007199499851,20.352716700604642,0.4372130631007369,0.6588515013441633,1.7866878803395043,61.18108788078978,8.165424088868516,10.508303378898828,0.5229214049659558,2.089260671797975,1.3260921244825428,2.625461010456749,0.28905764388817046,0.35279821447355636,0.45567955194706233,18897.79378744954,121.84128416932651,public_private_partnership,0.5353018079386451,0.6362946260688405,0.4584628943554632,0.2974548528776767,0.4385672191030213,0.32013616418555957
SHWB_121,Shanghai West Bund,Shanghai,Core,121.44169915440747,31.189428830967046,industrial_reuse_area,1,2020,2024,1,industrial_waterfront,0.5255375149798506,519.468164122717,1.0,0.8616496221919355,25.614677740912708,70.37326561254588,4.9561224904716665,0.5923847090615117,32.869939766698266,360.0,0.8322233398457075,0.5205966860399284,1.0,1800.0,4500.0,220.0,42.0,1.0,0.4980233535165381,0.8074875995552985,1.0,1.0,0.9887921112048135,1.0,0.9635951657810168,0.951203279889506,0.688887999170738,171.50724331043855,0.5450606583417754,0.8847459749294787,0.5296143654316116,22.560734178766,0.5086848779585001,0.8468268601588707,2.1100005900801166,61.18530457128449,1.5630200080821226,8.73904447414075,0.14133683812688336,1.7247831218190022,1.020546124835232,0.6365161917384649,0.9410664430731109,0.2572571759838688,0.2003856930828418,10997.40605341902,94.64032995810587,government_led,0.6632219280123246,0.12641942556871213,0.5046342986687596,0.9252441455183886,0.44106638337207404,0.6794853743733238
SHWB_122,Shanghai West Bund,Shanghai,Core,121.43927753304442,31.18440349460751,waterfront_core,1,2020,2024,1,industrial_waterfront,0.7779838358774972,170.97475990476647,0.7272407638969369,0.7097999344782762,26.421418666812407,58.12891046830961,3.33900961901238,0.43976146886315765,35.0,284.6468598105802,0.9362319858594521,0.3464609865511861,0.8807539797395161,1800.0,4500.0,177.55578477337892,42.0,0.5917033870810976,0.4481475314272922,0.5452197596457168,0.8879509985497372,0.932243607224716,0.6839825609844875,0.8892201568833542,0.7944796979473342,0.815395447445811,0.4834980226254082,74.10606738128888,0.281824769351525,0.5951981780141625,0.3775190531639037,15.097519562797043,0.4740435023866738,0.7192224716190558,1.3735518036352792,95.0,4.608935955742149,18.0,0.8096675577888612,3.041479366049251,1.7022217319345958,1.3563871549339672,0.5754557806957524,0.25777453402173983,0.07792904752646639,4000.0,39.99346618812912,government_led,0.3246312678993357,0.11198541828723133,0.39185727316187774,0.5141584396799096,0.8436599699651842,0.8567206489649597
SHWB_123,Shanghai West Bund,Shanghai,Control Fringe,121.455908298941,31.18861521400726,industrial_reuse_area,0,2020,2024,1,industrial_waterfront,0.6135691525986058,337.2954775200588,0.7478577483453668,0.6097202621107376,28.35803355704217,51.440378917534765,7.328027689946214,0.5368234450242427,20.461165333795467,360.0,0.7192220332420252,0.3559796884300431,0.6888327800854952,1800.0,4500.0,157.57292247983605,42.0,0.5862037331875835,0.6274983328698935,0.541002574154738,0.7249197298510723,0.7813442627753019,0.7512757207794922,0.767816614581607,0.636428863494056,0.647109640146599,0.5059037018869847,180.0,0.43962039218433113,0.6603496006028825,0.5077862299280632,12.48369678329428,0.4179968574466562,0.42256193522521623,3.470681474719594,57.78536348999459,2.9675856447760536,10.589256329781877,0.8284430968717758,1.2498665925816923,1.1316242982007534,1.1192135605989615,0.6880434330991834,0.23376023578412172,0.3202326928833715,14875.713200962824,115.48873810198131,government_led,0.25451471739715137,0.4821332629732463,0.3962803422436643,0.7050086501020139,0.8928501973202183,0.29285636238935325
SHWB_124,Shanghai West Bund,Shanghai,Core,121.46156450303829,31.181528986308066,waterfront_core,1,2020,2024,1,industrial_waterfront,0.849015272530475,519.5582210440972,0.8609840318162394,0.6893853409963406,28.39497355080465,78.89689130478075,8.377375865367478,0.7003891103014923,35.0,360.0,1.0,0.38066572696535433,1.0,1800.0,4500.0,220.0,42.0,0.8006345600322045,0.6687357931661027,0.8974167010914395,0.928211302163322,0.9459287164487615,0.9146661308997821,0.9137983048701529,0.8333812741111076,0.7011520820829705,0.6484302098117316,180.0,0.6171683171135257,0.8264012688476817,0.5006470473154411,20.387955366669168,0.6087517655897887,0.8168875484966817,2.7208533441764056,30.93020400850923,5.080257899586592,11.744633130243473,0.4915959612002841,1.666416426882882,0.6836101131496457,1.9613797964825046,0.5820818465055366,0.39327625735301697,0.3807921781741853,26305.54717415992,213.934151648259,government_led,0.48930885845799016,0.570092343194503,0.5279485168517777,0.5308635432325411,0.8188503317101417,1.0
SHWB_125,Shanghai West Bund,Shanghai,Control Fringe,121.45138113893523,31.189203871497906,cultural_core,0,2020,2024,1,industrial_waterfront,0.3973788703444929,268.09954239855745,0.8309560417178425,0.49187173684708374,29.526875945638995,47.94850766863527,3.470863919572982,0.5364720161496265,11.077912134141641,273.68684633976284,0.5473035562319599,0.2791169639334573,0.7242196096624096,1491.4082517732127,3486.774949765354,140.82940797977813,28.941620084524402,0.5315887340356712,0.4838380289058305,0.5782309121049851,1.0,0.6177477000783426,0.7929295503201311,0.6118956478271032,0.5295685379030535,0.47499132449921866,0.430564377941652,121.51967951714975,0.15359541051833606,0.3887778907552531,0.18572295233054226,15.920803570117547,0.3693123486112465,0.5300762335504746,1.7718043749633252,58.99350760570605,6.972895580724122,12.45390392754213,0.05,1.9050544163235101,1.5063512805113795,3.164936606642817,0.36406205987777596,0.09249889529510677,0.14013637904578188,15569.64653667542,54.39956325540754,government_led,0.25053417131323624,0.23759432394274393,0.27717296419386234,0.42200627974756094,0.7562580419156837,0.23180851720026308
SHWB_126,Shanghai West Bund,Shanghai,Core,121.44558727052838,31.187877592952884,cultural_core,1,2020,2024,1,industrial_waterfront,0.9003898052542012,369.03833320278517,0.806448468870009,0.6555954362360925,28.177865325322273,90.0,4.709383034624832,0.5302697503322962,34.17082407347636,360.0,0.9578763086078051,0.0,0.7929797156598253,1800.0,4500.0,220.0,42.0,0.7259722676725218,0.5298028517807856,0.8010990630280742,0.8712165267006806,0.8586271914966412,0.8056075628376778,0.7834010178842485,0.6733713867024314,0.7949872138823302,0.9029761254506252,180.0,0.6619910748149549,0.9165286455559116,0.5524712372747648,2.740970141797545,0.3965137981476712,0.6997175072140178,0.9900152304132661,81.10010787900758,5.77963236798078,16.31504152560582,0.27947000628259333,2.497360148874022,1.5921968964307849,2.515638375442216,0.4460827736755648,0.0,0.6005104252233193,9818.524312324489,222.4403940065476,government_led,0.0,0.7270989380072006,0.758627103472892,0.32739412083843566,0.7495497813900742,0.9118348658357518
SHWB_127,Shanghai West Bund,Shanghai,Core,121.45401600014435,31.202877687298464,cultural_core,1,2020,2024,1,industrial_waterfront,0.8274958104563952,650.0,0.8573087289868246,0.6834846344073824,29.98127134832295,60.31930604335055,8.740142473271021,0.7936428048238203,30.5436802868518,260.95299398817906,0.8122882546105453,0.41918831572436205,0.9425419160198666,1800.0,4500.0,200.31643199455905,42.0,0.9367907579165492,0.6200583109536084,0.8857699615719484,0.5814596711139164,1.0,0.9584164662893944,0.9724767164913852,0.9397750929925193,0.8470150945173839,0.5912994324799635,180.0,0.5469896482370469,0.7623566581190603,0.511508455378606,21.921757694654588,0.5797352914998275,0.6857239362780033,3.203005635546754,37.59580620213171,3.694007613163028,9.034243513571663,2.4562938626189035,1.2210344171563083,0.9264274905571528,1.624339050932255,0.6694480776340053,0.33029704976674945,0.1645460089926585,20918.860378630518,111.13337011654656,public_private_partnership,0.3732516247759169,0.24489539657977527,0.27357955172153586,0.6974091659976592,0.7529746394650271,0.9971204169761487
SHWB_128,Shanghai West Bund,Shanghai,Core,121.45624960647208,31.188600771989933,cultural_core,1,2020,2024,1,industrial_waterfront,0.7198768920676047,501.3762238928067,0.9618646726437077,0.7088996399024804,27.04051059102415,81.62755139631687,5.7871459790897735,0.5951919121621213,30.133887776513934,360.0,0.8799728164470418,0.5820307712820951,0.9892514743394425,1800.0,4500.0,220.0,42.0,0.8250953848116656,0.5930227705694222,0.7010198503169462,1.0,1.0,0.8327745136340998,1.0,0.8082166843381609,0.7646500235974178,0.7762161053182625,180.0,0.5788194107519414,0.8868437183567724,0.42189124814677414,32.61967716465276,0.575911309928923,0.9413709530592949,2.433655238756507,65.69548386562056,2.5322816406921342,9.195554732399867,0.05,1.9296949424005048,1.142319391484373,0.7204248733107361,0.7495861338070455,0.4065529410796029,0.3338890741956824,19268.33289825399,145.63669937109532,public_private_partnership,0.6032596996555615,0.47715806978547165,0.5537133731313864,0.805013085004676,0.6332757759182988,0.7302389992513127
SHWB_129,Shanghai West Bund,Shanghai,Core,121.47781506529279,31.176287488582716,cultural_core,1,2020,2024,1,industrial_waterfront,0.8047508249849303,626.4966682534205,0.9331241113891635,0.6821027449944252,28.701846885421855,85.41869717723475,8.987672191516502,0.6942192809369746,35.0,360.0,1.0,0.3557721327060293,0.9081387332173908,1800.0,4500.0,220.0,42.0,0.9306847555892005,0.6561422896350758,0.8515882225590419,0.8680054584489237,1.0,0.9236924825772597,0.9734173168457663,0.920303285999624,0.694462954462535,0.7727879491098991,180.0,0.6874479485106886,0.882900973611953,0.7863490060391355,23.729597662317175,0.44613893963955065,0.8756059988217963,3.0499222968552147,57.715145215667356,4.9310368795010735,10.154385426409714,0.8931980473158284,1.7964373279235213,0.6058694246575982,2.0841799591718893,0.5620936920774546,0.20840994629265078,0.4366879410913813,22053.736185218157,140.03788001640726,government_led,0.32595110459444004,0.5508004548412692,0.6829769986147274,0.5445392953196627,0.7632234137571735,0.6127669451836266
SHWB_130,Shanghai West Bund,Shanghai,Core,121.43798316570712,31.17063514159574,waterfront_core,1,2020,2024,1,industrial_waterfront,0.7410574268404069,650.0,1.0,0.7598521960188489,28.78197741967211,65.57651582632525,6.769495339557719,0.6568224322725438,35.0,360.0,1.0,0.5338845562675332,1.0,1800.0,4500.0,220.0,42.0,0.7920314405945145,0.7767074694356799,1.0,0.6639350243935017,0.843692301014448,0.8772631002880773,0.9739676484253716,0.8970276839078768,0.7836187445112779,0.7847886256167749,180.0,0.6147649246362745,0.8716602617683449,0.7137574621668072,24.128074654512975,0.5714272520721536,0.793716858174334,2.6438710963000966,40.655467342566745,3.872553571208104,9.775858336279223,1.8344370705879074,1.6351947660155524,0.9327788328124342,0.7614173437877848,0.7835340797258609,0.38031237474651947,0.4107684972164446,20308.73892275609,183.0359735878283,government_led,0.5599025658234693,0.648996365511878,0.3446220312759505,0.7845543512478252,0.7784421124952103,0.7329281114638674
SHWB_131,Shanghai West Bund,Shanghai,Control Fringe,121.44574910650105,31.19432287911512,industrial_reuse_area,0,2020,2024,1,industrial_waterfront,0.9636384047982544,420.33769323954124,0.6548390200135089,0.5618350318988212,28.84240691427308,52.794880477402316,5.391203948825606,0.5327050073951497,23.231820327170446,360.0,0.6548545346974997,0.44422906429312625,0.717833878415229,1726.325296664985,4500.0,202.08353025528376,40.55978053112412,0.5456115890174631,0.5245526661361967,0.6347479204493277,0.9457433851948543,0.7341144833584444,0.7915568914465114,0.8555128700862717,0.6225507904614127,0.47994953945052515,0.5051159501670807,147.83113187755336,0.3485723853484979,0.5144598188099659,0.3784228459322244,25.655941790020965,0.5359955111772594,0.709179128429798,2.2238309526296347,63.15621766928294,4.853017337656388,12.318756680120988,0.25880183020934,2.212294037128482,1.2656124791024548,2.432358083711487,0.4992180682044359,0.4406556934882336,0.3342680049663072,13032.162880535629,81.15957365549544,government_led,0.4535536952483967,0.356762956749602,0.4089952954884148,0.355071307947292,0.34498407254186814,0.10792165391812494
SHWB_132,Shanghai West Bund,Shanghai,Core,121.44913234093436,31.161446192821117,cultural_core,1,2020,2024,1,industrial_waterfront,0.7730775114504944,627.3387988770912,0.861749220534305,0.6713949780815469,30.243154346041567,73.39039295100301,8.922028939983125,0.8857516430934791,27.046669712295426,360.0,0.8138194497758657,0.2040952175790655,0.9007200575097548,1800.0,4500.0,220.0,42.0,0.8819394894043598,0.6437515764539011,0.8306682078192688,0.7002274294103151,1.0,0.8575807068090946,0.8368792938496672,0.662016927607764,0.6282839543407099,0.7495051541811096,180.0,0.5374274686620558,0.7376321957180124,0.7079512799637601,6.313567584236936,0.4718038949189074,0.552011568723463,3.8203597884783633,44.75628745600532,4.854531699022633,4.240781153149024,2.051462277819489,0.598822153784125,0.6551447822418011,1.3259315235147762,0.6575855357890269,0.30511872289317926,0.4639836608168562,29830.07356205331,175.36824521943672,government_led,0.10645944290304993,0.6037482012914284,0.4774427557120326,0.4489865340827721,0.8123506362938206,0.5647487151197139
SHWB_133,Shanghai West Bund,Shanghai,Core,121.46226715986488,31.18303401462491,industrial_reuse_area,1,2020,2024,1,industrial_waterfront,0.7385769864114706,489.1378016341523,0.9540034851027556,0.7133645166626241,25.96307230252853,73.12490223123247,7.245213363454171,0.5760016882992774,32.80443102133576,360.0,1.0,0.6083936570606074,1.0,1800.0,4500.0,220.0,42.0,0.688729251707243,0.6026653277324002,0.6763278577936465,1.0,0.9598434847587749,0.884845382702739,0.9691451391381186,0.9697951271027514,0.7052959468619222,0.578921297039043,180.0,0.5253958823431581,0.7881445920170135,0.5440111769937613,26.515318853288605,0.6962636079403647,0.7781217563539693,1.6149662550140318,58.227911750093206,3.73661637404089,13.474180758283534,0.530794193198234,2.010826980325486,0.5862577623018413,0.8267208208187152,0.705609422187193,0.452127920033351,0.3067910755287386,13309.177889339131,158.37960310915187,public_private_partnership,0.6033002777841042,0.4311532957441359,0.5969823353642523,0.7115778237262748,0.6755901125090173,1.0
SHWB_134,Shanghai West Bund,Shanghai,Control Fringe,121.46707137638637,31.19324466092789,industrial_reuse_area,0,2020,2024,1,industrial_waterfront,0.5236952412389487,646.7450796432585,0.6616375452273205,0.5110526813649846,28.668227451415447,42.9475061471873,10.272891900261609,0.669182220728466,8.090108336634518,360.0,0.6077416430977783,0.5532473457659774,0.8613268058967478,1448.3451437013625,4500.0,220.0,42.0,0.6926145401318234,0.8051559997018396,0.8094414010936591,0.7391299815454445,0.7225614982284996,0.5966245833178525,0.8059104980769509,0.5763286089929418,0.5721011735571109,0.6328143590468834,180.0,0.4196382039449996,0.6105896193529675,0.5494422575578376,25.8977426603848,0.6127828337050055,0.6545614345427113,4.03883742430861,35.148445701059806,5.536623373700676,4.207686963893822,1.265146918273376,0.78168989906857,0.7478365713485309,2.6864364450513984,0.4815964338317415,0.29997304652834433,0.295280131283635,27079.162476514197,151.67263817789953,government_led,0.6693332074392059,0.6252124549553626,0.365708379747797,0.5616360675219575,0.5881251741222229,0.010298726844068793
SHWB_135,Shanghai West Bund,Shanghai,Control Fringe,121.44227717834086,31.180750430274028,waterfront_core,0,2020,2024,1,industrial_waterfront,0.5109205744165198,381.01114654785675,0.5191136248391687,0.5167175429164459,30.26159195937922,71.80994902578986,8.31025808851278,0.5746524256219462,18.793882669796478,360.0,0.6504921779986479,0.3729626607573924,0.6192107953750026,1800.0,4464.885378563263,220.0,40.05764909837306,0.503066002008056,0.5532241635318377,0.7081214065350153,0.7263228362185042,0.6505140515687269,0.49889144263110374,0.7026732325510224,0.7540551049593643,0.49246444428418146,0.5574219048914212,152.54484798285748,0.30017321926037344,0.5542135039378416,0.3379263249505255,16.965160175141897,0.4574947949428243,0.5426396190944893,2.905614549089652,49.24432539880285,5.190925121550242,8.995129447080568,1.1800700999618496,1.5818424947947303,0.6779060259280738,3.446323339623716,0.37418625058074273,0.10694689251142436,0.12262968963895249,22261.7309417256,46.48867211516598,government_led,0.5302948577443,0.33259184718750745,0.657819230275536,0.3142066866403153,0.6308116931090862,0.021571234702385596
SHWB_136,Shanghai West Bund,Shanghai,Control Fringe,121.43311286590368,31.19158636098484,waterfront_core,0,2020,2024,1,industrial_waterfront,0.7569780179829377,414.22008242735296,0.7126519292670263,0.4967795180286804,29.615923920134144,67.74672385237706,7.825369619868878,0.6040327186708442,15.927777725119135,360.0,0.7313218326587515,0.269205043975038,0.611898376043636,1800.0,4500.0,220.0,38.34163148410019,0.6996511201788984,0.5739129087822976,0.6351931950881655,0.7211861458656451,0.8028945129571285,0.6003184896793218,0.5766904694212718,0.5053483094976535,0.4311482855297211,0.4619559948085232,180.0,0.3226750004437622,0.6746018769618655,0.4010414563054718,8.823214071618438,0.4202550703021128,0.5280610347615315,3.0706720617574366,36.50883761212454,6.392028825201936,8.882918858871648,0.9854648141461386,0.6967025941871187,0.7570874973823684,2.4540816197873507,0.4207918286376664,0.1633995107798754,0.3863214912450894,22917.611183122903,181.15060438345756,government_led,0.31725567879799393,0.5240826320553901,0.5544346749164213,0.46143141219219685,0.5651297273871776,0.27135068192035944
SHWB_137,Shanghai West Bund,Shanghai,Core,121.42647951160136,31.193637580631673,waterfront_core,1,2020,2024,1,industrial_waterfront,0.8815716197629949,448.616789820056,0.8286245878474661,0.7484046413425838,27.86672546214132,90.0,7.493963203191713,0.7093938580503645,25.705010785045612,360.0,0.9969023264498019,0.45797935236211557,0.9372934176635579,1800.0,4500.0,220.0,42.0,0.8054105147041115,0.6608180224086342,0.762131085086428,0.804915185669243,0.9895174778889022,0.776772006803848,0.9205397741056095,0.8752242995456224,0.7102768560394894,0.8305839420675372,180.0,0.5704370874160628,1.0,0.46808060498402637,24.339386922595068,0.6766297168778919,0.8228774167402791,1.771797659730847,74.28221696698044,3.8544362971396207,12.105076829471466,0.9526685585473443,1.6526009295471988,1.26979491949141,0.9661864738152425,0.7039361132641047,0.4262444125045845,0.4833221023078516,10003.045157459122,143.3402945311579,government_led,0.37243197010202556,0.5605889029111794,0.8192878992836421,0.6583842298529984,0.6653498412858337,0.8174571805349944
SHWB_138,Shanghai West Bund,Shanghai,Core,121.43784514235571,31.179652564472732,cultural_core,1,2020,2024,1,industrial_waterfront,0.863352522500001,411.08894798176624,1.0,0.7873156530334754,26.89956549621894,90.0,5.949936113389116,0.41639979630726887,35.0,360.0,0.89323888999465,0.3340157263203342,0.9256003351512536,1800.0,4500.0,220.0,42.0,0.8224786526573817,0.5697940400552871,0.7477917489653221,1.0,0.9380954310335806,0.9171249959660337,0.9831891165280985,0.8073716881058708,0.863632008886836,0.8288634573678421,150.94979367647068,0.5371457708863521,0.7196799331792665,0.5269856254009955,17.746921863016595,0.531924405953069,0.7700397384514589,2.0461458610196654,87.95059484139999,4.846200131377524,14.726310802292776,0.2718083969207086,1.8484764432524465,1.3413395925558582,1.2674000873288576,0.6613578604598516,0.27705422886968184,0.07976671885340271,7597.837287460545,74.45581445126012,government_led,0.36072299281427517,0.10801668833172243,0.7733095728797732,0.6389447647819165,0.9411288313259204,0.6538459010680258
SHWB_139,Shanghai West Bund,Shanghai,Core,121.45163283165522,31.206790788788343,waterfront_core,1,2020,2024,1,industrial_waterfront,0.7746692558715631,603.3528084066139,0.8425698581669722,0.5211057496502651,29.581817942779654,73.30313012441167,8.513613954342453,0.7326235656697125,30.45624659722051,360.0,0.8077591749865103,0.23994851978958098,0.8001083278843917,1800.0,4500.0,220.0,42.0,0.884570149889063,0.6616519318819138,0.8754176747840987,0.8518838041676438,0.8526156724956254,0.802866969549281,0.8914759507618255,0.7561357922826576,0.7526147275386544,0.688335694524266,180.0,0.47183463031270734,0.8446678537865755,0.5413962067388316,10.972100559802941,0.43201418752288345,0.6128957366627185,2.95419633524508,52.86117040882597,6.553584419361289,8.18064645789648,1.263716101704228,1.3132908548647975,0.663764832410431,2.4822179001862077,0.37404165399610445,0.12532404751802223,0.28569514297428417,21252.121962535588,174.87299296458733,government_led,0.21641691282669384,0.4147683710728131,0.5899636138950286,0.38109584656244216,0.9825174495373779,0.6671919514328812
SHWB_140,Shanghai West Bund,Shanghai,Core,121.43733889163477,31.193337100462333,cultural_core,1,2020,2024,1,industrial_waterfront,0.5685808681859141,427.8055122535792,0.8849156880913817,0.6941415635437836,28.871453356444206,82.01620123975503,6.245621895152201,0.5389238948908363,32.83889803196949,335.8790848934653,0.8140925942550236,0.434139248369427,0.8404646307654856,1800.0,4500.0,220.0,42.0,0.6743579932700929,0.5426511658873291,0.7119526725987421,0.7045745690740057,0.8944855420806679,0.9085885035484059,0.8186684324947003,0.8611081288982746,0.6252545455028234,0.5958670055674082,147.2277737634903,0.3716906215920257,0.6347930506828772,0.2967399398900211,12.479870110652472,0.44474996731411703,0.5974836504002243,1.204444130782794,60.88628887841586,4.826123268622178,11.678856691960444,1.0365347485209118,2.843807599862539,1.2830305028015776,1.550150153703556,0.681906306092319,0.20986460633770448,0.12122406637096182,21022.077509144565,51.63225094944015,public_private_partnership,0.49427093734588584,0.21573466732457403,0.5085258360968918,0.5409131512426639,0.6265564385529407,0.8244121991014164
SHWB_141,Shanghai West Bund,Shanghai,Core,121.45727282604065,31.1826073021411,cultural_core,1,2020,2024,1,industrial_waterfront,0.8743519777620433,650.0,0.9287198725432835,0.7819419993287898,28.220286207029368,74.91850133716211,7.569134200963803,0.7871060474605007,35.0,360.0,1.0,0.26618903563507157,0.9955902752935891,1800.0,4500.0,220.0,42.0,0.9379260702198053,0.523777763454953,0.8092626083989077,0.7769867210807185,1.0,0.9277186835524945,1.0,0.8727176862525344,0.8194766561141004,0.8098746460068834,180.0,0.5594312676902231,0.734301021658764,0.7919420633773036,13.37860611423391,0.45549188496360227,0.7280881434823638,2.9920514546450185,48.87052554169846,2.4478733356577775,6.429730896139478,0.7557969395329482,1.0554301585769474,0.6377632268124297,1.8649521954187747,0.7468002484361879,0.2601008969549204,0.4086936741246488,19214.85703976794,147.92570497409613,government_led,0.44336958932843573,0.5579933095428335,0.5047698895468071,0.6963134612842472,0.8437037464037697,0.8163676362723589
SHWB_142,Shanghai West Bund,Shanghai,Control Fringe,121.46555579120187,31.166875790491833,industrial_reuse_area,0,2020,2024,1,industrial_waterfront,0.534666166797107,262.74513044100047,0.7728782807976625,0.5676397125016563,28.034624675783682,29.38204171065973,3.2147143195685244,0.4129396524549407,19.452665681428048,241.75303173739633,0.7883206936769697,0.37421704059894884,0.7598508793391185,1702.8578261746918,4423.906384823832,115.18661502017181,37.38913828121061,0.5334033797948803,0.3824361551393408,0.5596142221445893,0.9178602135625267,0.8195884914143348,0.6664518766008012,0.7079141340118691,0.5811284583149681,0.7135870802132963,0.5596951600527162,138.7450826353468,0.5648402067505169,0.5587310851646545,0.41823286184432856,23.609255125553364,0.5220137282929209,0.5830984054749296,1.703961452987344,84.57100603543822,3.1413184918624677,13.663107217097298,0.4408186354452487,2.6420720709629,1.5615138045760586,1.010430531334743,0.6955057007333273,0.1289225335360018,0.24837674850704627,8783.7997781829,144.9880827331021,public_private_partnership,0.5162846090233726,0.4883393627976857,0.09091604130688688,0.6333446848695923,0.675345459166129,0.1540342806440121
SHWB_143,Shanghai West Bund,Shanghai,Control Fringe,121.45219370199807,31.18387698532886,waterfront_core,0,2020,2024,1,industrial_waterfront,0.4059385251582781,488.9221887380688,0.5616279980179065,0.4445462114744583,29.62161752293767,41.68506809313513,7.227535641276423,0.5113495405868845,22.11816356166207,233.5978800677839,0.7058001790820122,0.4037394773442514,0.662443580283192,1700.3624028468284,3293.990904283053,121.71378695096281,42.0,0.5910323874815401,0.523475776085327,0.7959270448167304,0.7175335914257843,0.6458020646171565,0.6806824707950988,0.6805900749412352,0.7179439173446058,0.6105283151006146,0.343276324719497,135.10486659302313,0.16174399891106495,0.5408999049315222,0.2799462114620316,14.15410917851983,0.4595257697471795,0.6363987603238885,2.7450257212334233,64.19966741861693,6.283041967922684,10.340674642745263,1.9824804750700018,1.5599719555785667,0.9123059691705521,2.977112568643117,0.39056518454346945,0.17373596510814232,0.04022618572992464,21958.44132962891,43.86274405467858,government_led,0.6146253925179707,0.10620729404201742,0.28230104568763525,0.4818687977776588,0.5614845119697641,0.27089161274160584
SHWB_144,Shanghai West Bund,Shanghai,Core,121.45521476583139,31.177069109814582,cultural_core,1,2020,2024,1,industrial_waterfront,0.9668099117265414,585.3220249446952,0.9855702462649021,0.6791009569682553,29.457615004050826,83.0225339682655,6.587406375228603,0.577118539360763,34.38325850076256,360.0,1.0,0.5381429521047,1.0,1800.0,4500.0,220.0,42.0,0.9183198652608735,0.7671683585339388,0.9147944133224929,0.9462024745780073,1.0,1.0,0.9707133599074536,0.8624910640439626,1.0,0.6827180539460365,180.0,0.5780272619904339,0.8338885702306933,0.500062790710176,26.724449862273506,0.6017381039760596,0.7586613190111089,3.070208372267164,66.79646234128835,3.0625470803461585,10.352207508851691,0.5974869844877,1.7000721595492403,1.1848917657468325,1.2110732736305863,0.7052141735923767,0.4976323344651163,0.18317142172560386,16697.4627574403,146.72710477510668,public_private_partnership,0.6330329586436635,0.277823168674689,0.46584917481237553,0.6310790391747434,0.823456500090636,0.7351947337498905
SHWB_145,Shanghai West Bund,Shanghai,Core,121.47529449648286,31.189511690031136,waterfront_core,1,2020,2024,1,industrial_waterfront,1.0,650.0,0.9433322225717656,0.5753303953523496,29.309872914734797,63.801033984876234,11.367372019107298,0.9265454683642186,32.491849981440836,355.06685164432577,0.9321880699051718,0.5274574202345383,0.8494909834459036,1800.0,4500.0,220.0,42.0,0.8738860857107844,0.7048285270200005,0.9316380059811293,0.7468454612624132,0.8807437904652076,0.828472694045943,0.9033995937667515,0.7523052145371799,0.7598788468292833,0.7622276283513797,180.0,0.5290688974720119,0.6951437756591335,0.37304746425798674,22.083342181771062,0.4780393004197772,0.7181212141399713,3.9928285623493966,41.390798331908414,4.01587450782125,3.3850158080096318,1.272602758471982,0.5407168913478767,0.5771387381800481,1.6907481106585809,0.6594034959675269,0.4947489871819145,0.23745322232503865,36000.0,103.60789521649437,government_led,0.5254768195634931,0.31768054356503506,0.4934300156720072,0.7597725376700327,0.7647857888801282,0.7890271543160228
SHWB_146,Shanghai West Bund,Shanghai,Core,121.45091740969208,31.18904313671078,waterfront_core,1,2020,2024,1,industrial_waterfront,0.8924993271820845,650.0,0.6605070343227496,0.5278640089534492,27.899147064684094,90.0,8.436071438514286,0.819080261543432,20.384904068478733,360.0,0.7840361205778598,0.37453612088929367,0.9813794482236222,1800.0,4500.0,220.0,42.0,0.8446661237653394,0.767645619720441,0.8658082442374759,0.6773005688514008,0.9974081804589137,0.7555291806672356,0.8331525035994759,0.8398758931203262,0.7858893970490787,0.9617446849762513,180.0,0.7194545622600397,0.96320600461196,0.6506392517199331,14.149462011846415,0.4407691297638907,0.9060962304944817,3.464551962338148,47.87717467640549,5.277631858119586,3.818458104601342,1.2142298811085888,0.646085229935978,0.5397014518653152,2.4000677241167945,0.454003032953819,0.30073804660395753,0.7497252266711499,19038.930071072482,280.0,public_private_partnership,0.259813558498671,0.9085644211053653,0.706321029230004,0.5218000665213169,0.9290740851882707,0.6537233603750994
SHWB_147,Shanghai West Bund,Shanghai,Control Fringe,121.4600192256285,31.176861013633086,industrial_reuse_area,0,2020,2024,1,industrial_waterfront,0.316185829330654,481.2714889230966,0.7067801948674581,0.6684965903794564,28.973274010227343,51.62535426163576,5.686720908457579,0.5313375893520161,20.827346261351064,186.17297385793242,0.6870861412223005,0.45804139843132535,0.8484709612177705,1639.7223819459616,4178.336177077585,73.68731998994014,39.7216334413183,0.741960279222515,0.642645062411977,0.8911173252074084,0.786476832484888,0.7602578332744472,0.7976374439132045,0.7097040719222674,0.792050774701412,0.776426646153368,0.5063335738835126,119.17719341757557,0.2978857103961084,0.5139352052433219,0.24238695278761085,26.49265157433259,0.5887818597602505,0.655014320762365,2.4875129330664905,50.017135098277194,5.738569991018687,8.617870219412428,1.3631328288600122,1.663030597818146,0.8123608104180424,2.0529438133019924,0.4389871056065991,0.2464111955508564,0.020635913668072773,17151.340441721273,10.0,government_led,0.43411482471982904,0.0,0.1924464238533368,0.40146008881581213,0.5808761686180749,0.5788120568453133
SHWB_148,Shanghai West Bund,Shanghai,Control Fringe,121.45502800292992,31.16998416430419,cultural_core,0,2020,2024,1,industrial_waterfront,0.6274974810042404,194.71090342892768,0.7647286014770834,0.4509803101295331,29.63800180580397,68.44418147915606,2.845353413112721,0.36914637957582896,8.45748664250307,310.4198969938993,0.6302891611474345,0.33490766995915583,0.7524205275987648,1800.0,4500.0,202.12739822961692,21.345385054178767,0.5525610001908882,0.4609225135463635,0.6014714227912341,0.8488852052099575,0.5451072005606437,0.6356115833200728,0.6204957870914345,0.5770910454871234,0.5431238336377188,0.5810777622878975,97.26915439413666,0.32642615505979244,0.6691281234268264,0.5544199717920801,11.937243581240292,0.5752788732502614,0.5630133897480275,1.3658967655947476,83.62206290391572,5.16938553969288,13.974339247920387,0.6769419312305548,2.5617536405591332,1.4714516492459875,2.4234398704200584,0.42736583352049284,0.23130206994394298,0.11414308658404652,10929.557917579532,69.39157307044553,public_private_partnership,0.4053171824247205,0.22674244942761906,0.5695662499981314,0.42377006500100073,0.3786258720527885,0.5272472289545409
SHWB_149,Shanghai West Bund,Shanghai,Core,121.45956566971775,31.179326836231255,waterfront_core,1,2020,2024,1,industrial_waterfront,0.8476389752566881,650.0,0.8443395550354043,0.6144077641171418,28.30473718067823,90.0,10.379993158462684,0.8455218436982959,32.55269914973182,360.0,0.9139759667438384,0.4246158122476109,0.8138760658594638,1800.0,4500.0,220.0,42.0,0.8976458436976965,0.7587653838664792,0.9258344728584703,0.9311627445566059,0.9397336660902861,0.9492577666294252,0.9112350619542203,0.987658695687437,0.8201090095691095,0.8573856240892797,180.0,0.5583696644856152,1.0,0.5956864066280636,21.58992945355731,0.577065732294908,0.8366101609840512,4.222999820443248,27.008546752516363,5.979627289803055,4.638009487646537,0.6556494360694457,0.5287136913340231,0.5491260669166048,2.7768551544958515,0.41349778599773224,0.3667841184697725,0.36230647204477795,30691.866358931733,120.63132107746735,public_private_partnership,0.5429381258386454,0.4022831411141784,0.8135141288298309,0.5055099388330319,0.5666927467815537,0.6359625206473702
SHWB_150,Shanghai West Bund,Shanghai,Core,121.44716899817054,31.183077278996898,waterfront_core,1,2020,2024,1,industrial_waterfront,0.9061183386365403,575.4737336539959,1.0,0.7407633879165207,26.63782159910783,90.0,9.148141994539088,0.5730320235355266,28.710750075891067,360.0,1.0,0.6096557693787322,1.0,1800.0,4500.0,220.0,42.0,0.9346643736390674,0.6852247504143347,1.0,0.9433953972161911,0.9855067449599513,0.8220389037714375,0.9646048199153424,1.0,0.9201593246089641,0.707479971812275,180.0,0.6057841587227506,0.9453863675419185,0.3897092754805854,30.943537826735565,0.6440688004864381,0.7786613449038772,3.1376934357335546,38.74372533112585,3.007623860425499,6.372173784390087,0.5053097748271265,1.1197305022095299,0.592188620689329,1.1438624917238758,0.8615571395526749,0.574000299285153,0.2702850050471601,13971.70189344381,104.57176163013136,government_led,0.5592820799594995,0.26925193586260737,0.798789109585677,0.7888844949336487,0.7664302646718854,0.9685234474481472
SHWB_151,Shanghai West Bund,Shanghai,Control Fringe,121.43085590692502,31.198554435940814,industrial_reuse_area,0,2020,2024,1,industrial_waterfront,0.8765169421901271,600.7335461817372,0.7515589772909057,0.5696152367208199,28.19719821622173,44.94311553007005,6.4158888317011895,0.6674975904025757,13.64955744530936,348.51921520334975,0.8076793597530927,0.30240188099710563,0.6103676012357017,1687.994301799884,4023.696831152439,187.47133028294166,42.0,0.6826681704784016,0.5225055220940805,0.9109372543812561,1.0,0.6817917933392792,0.7664192552224748,0.6479121421474647,0.6997727121532631,0.7828988458655461,0.5573738394736595,180.0,0.4907748211235799,0.5514644315160263,0.5443148901125285,11.875401707202432,0.3896310902896776,0.5611131973704547,3.116835884969113,26.451001789520134,5.733686355761737,5.760704741179276,0.05,1.6319193291643426,0.5194597018613115,2.593522662547416,0.4178217112165358,0.20091785538450807,0.22887343206682037,27438.426822359805,103.43659651246416,government_led,0.2680124107518942,0.3473239779981029,0.3346612259435949,0.3205182350370364,0.6106874922635446,0.21033216147772088
SHWB_152,Shanghai West Bund,Shanghai,Control Fringe,121.46752958858654,31.1782698128242,waterfront_core,0,2020,2024,1,industrial_waterfront,0.631650992615418,374.37940038944146,0.9323418870354678,0.5876640152892114,27.32183541126539,68.22206942624173,5.134800161943698,0.5741473967753038,24.87986987014162,360.0,0.8935856389017076,0.1858301709524043,0.8901126393449673,1800.0,4500.0,220.0,38.74367119338489,0.6594492802787841,0.5173310346467886,0.7795513170604682,0.6886235700447965,0.8731695498695644,0.8483080208794659,0.8682319973449126,0.5316827463263326,1.0,0.6675734056695943,179.81770688028166,0.369610742997917,0.6790517544527999,0.32323165464795683,15.769689153136772,0.305113223115815,0.6047936982708966,2.323876171267173,66.17628022514768,3.4056904713619476,12.566328090793048,2.1281585382175714,2.2451145741693996,1.1392354057428016,1.0386458384717137,0.8647229949114413,0.07381787016083777,0.3182094412074072,14074.853230377052,96.8552972673228,government_led,0.30734104359733266,0.4125256855221998,0.5652956223712081,0.8911312548919447,0.5703972135450174,0.40693566645905727
SHWB_153,Shanghai West Bund,Shanghai,Core,121.46616354494347,31.175004041600445,waterfront_core,1,2020,2024,1,industrial_waterfront,0.8646232897150404,574.4248010734589,1.0,0.8394678677773415,25.56894041075356,90.0,8.657342377253315,0.64431490899763,28.701790326037255,360.0,1.0,0.4666491127594981,1.0,1800.0,4500.0,220.0,42.0,0.807133363626511,0.6313288721945759,0.8304176185108914,1.0,1.0,0.9358269484730355,1.0,0.765771389941952,0.9051992730214433,0.7123982762656199,180.0,0.4436264207092142,0.9937064884161391,0.3601087125556992,23.504829762510145,0.4570402325844201,0.8177809209637306,2.9595511470989617,49.29384334052195,1.5,9.149615908058855,0.05,1.8928527729920641,1.3906368400492237,0.39913679528351775,1.0,0.5004468707399324,0.3322408228903926,15905.329227387972,47.49176491506833,government_led,0.4933697068726919,0.272780999740284,0.9163732757533984,0.8853034941753495,0.7303424131824487,0.8713811276866837
SHWB_154,Shanghai West Bund,Shanghai,Control Fringe,121.45991832217744,31.195764726705253,industrial_reuse_area,0,2020,2024,1,industrial_waterfront,0.6926387513642198,596.2899491346395,0.8397729866658309,0.6851123218717284,26.348687666042885,59.8833309925896,6.774891084166708,0.48934127796918037,32.30505140102616,355.07159359594755,0.7932042266338807,0.19597843850430335,0.846539672742793,1800.0,4500.0,146.53765205150782,42.0,0.6445178667172038,0.6505824437545158,0.7872183374151925,0.8528984041136016,0.9640177047605456,0.7879215543719957,0.6912205536172418,0.7328044776125046,0.7698197138525371,0.4395294185711566,139.78942412976855,0.3155640294322512,0.561858489661509,0.2293402885760159,6.611911854734393,0.28003800978949295,0.5163185443853578,2.8947324808929693,47.17787779553685,3.6316951472037413,6.769109448931085,0.05,1.5042033981576448,0.6450164512151761,1.084796691266056,0.6471324187544643,0.22373985019008097,0.0,25806.005962075804,10.0,government_led,0.16130081532281218,0.04858878583939358,0.5225253413491358,0.7973393794772246,0.6611351498620258,0.08036433392258782
SHWB_155,Shanghai West Bund,Shanghai,Core,121.4652116946144,31.18595886600075,industrial_reuse_area,1,2020,2024,1,industrial_waterfront,0.6629490291251356,465.8407665191545,0.8835057196318823,0.6515947379961956,26.622268377743016,89.18880440306269,8.140775599328606,0.7735694318378491,18.64434302346094,360.0,0.8624308250015148,0.4223198803554469,1.0,1800.0,4500.0,220.0,42.0,0.7690227738341302,0.8016364246105533,0.9070240398783256,0.8685405919067039,1.0,0.9522935672068285,0.9104760865439855,0.7382284255342106,0.8499327202763629,0.9102778823634657,180.0,0.428899981948746,0.8913316795875414,0.6705604899953271,21.743801382408062,0.4868693307428444,0.8436906434519421,3.4472287221817464,49.41374669131843,4.231446501348707,9.93367478637353,0.6602944867196721,0.9873872536707076,0.611739251157903,1.8019401769185521,0.6540970664066857,0.3410285282395239,0.272037658225452,20398.027901850128,161.02391856586027,public_private_partnership,0.5978275200900492,0.511153694622745,0.5576189959798565,0.6821491855559936,0.5949774017737838,0.8188005816039627
SHWB_156,Shanghai West Bund,Shanghai,Control Fringe,121.44185232882046,31.178875778691424,industrial_reuse_area,0,2020,2024,1,industrial_waterfront,0.5655155160620527,459.86039910652266,0.8980434594315274,0.7115889420956231,25.604867760271954,76.06874228682707,5.931263800544012,0.6016206808115389,31.864464717390153,360.0,0.9754424037948666,0.46831341888623496,1.0,1800.0,4500.0,220.0,42.0,0.7979517708399627,0.5107004257785555,0.6372028629778035,0.7181766474385685,0.9326538893804899,0.8869388790909488,1.0,0.8285326552432614,0.6945990265998417,0.6902755176427818,180.0,0.3057736594643553,0.8445648884667891,0.5378246139209345,14.859027009063853,0.5393235962849293,0.6717150785826739,2.7653313371471118,53.527269085201425,3.4593962799080415,8.046182896076127,1.5821576911458508,1.4125472846190497,0.980247053694804,0.35733834201275483,0.8907337129220415,0.2247722878292464,0.17384713216087674,26956.197020223626,172.8043226495716,public_private_partnership,0.4001839254864151,0.45420633412873024,0.680553281438506,0.9044234331863292,0.6270707962543254,0.23800792929279366
SHWB_157,Shanghai West Bund,Shanghai,Core,121.44374756835013,31.17537836143239,cultural_core,1,2020,2024,1,industrial_waterfront,0.8916760572266791,504.9988478074543,0.7769501916156003,0.6162561796639513,30.620900179182865,88.42863585712315,6.210623669359844,0.3587496221280227,22.966910541821278,360.0,0.870021138970542,0.5443791011525774,1.0,1800.0,4500.0,220.0,39.90883355338919,0.5776664626509452,0.49855477850889396,0.6518313604602218,1.0,0.7738364696821701,0.8219380278669459,0.9750480471246521,1.0,0.5874349255534673,0.6440155195102464,180.0,0.5273066728201594,0.8114393455278455,0.6520812356312408,28.293522413724165,0.618727919682033,0.9122492566651703,2.207866094675382,64.19014439064271,6.7518889401183975,13.081004640225155,0.05,1.8242707352575191,0.966893741796213,2.878469623090378,0.3399467896528393,0.5367273631130696,0.3038621724268593,21490.836790871388,134.83669104287753,government_led,0.5794425404731585,0.3582005274039335,0.6505739064086005,0.16645365699779316,0.8182654371311211,0.6760002052545127
SHWB_158,Shanghai West Bund,Shanghai,Control Fringe,121.43653293298898,31.178853298351402,waterfront_core,0,2020,2024,1,industrial_waterfront,0.10970010728271276,208.70589821283764,0.5140011562781542,0.47139600259309017,32.055603112802025,36.26891141280575,4.167603434505653,0.392025237962538,14.671056831538664,360.0,0.7075866111464039,0.3720302158813752,0.5968100726356225,1455.8196602206501,3661.0979968517363,211.23145389294103,27.382589529012918,0.4671282119055035,0.46504797335134096,0.5839705329640095,0.4008773598333549,0.6379158356071369,0.6831928533525324,0.6436848130783304,0.5517948276643339,0.48310506489162863,0.5792958951104901,134.21353916850325,0.46198564088255256,0.5239695678646953,0.47967138468381815,21.730690600044078,0.4418916648531038,0.5414819719684097,1.0055594311694038,79.52613044572483,6.038924084559597,14.296452986416647,3.5722909390992807,3.2,1.8,1.7647835490207808,0.490340224752645,0.12603335962512563,0.1367792004235656,4000.0,195.74093337601414,government_led,0.4346407665833292,0.6510368324463682,0.18500655943483682,0.5715853817840915,0.7341072915169127,0.11734384412878818
SHWB_159,Shanghai West Bund,Shanghai,Control Fringe,121.46635359911487,31.182368676037253,cultural_core,0,2020,2024,1,industrial_waterfront,0.4763653050289513,560.4629636964139,0.8124069167788293,0.6219303765079536,28.704456590164753,29.78889602687991,8.49580861811372,0.6713550895316249,24.694619657989726,303.0233212118853,0.8196071840804859,0.2782964747114253,0.8770991352013764,1800.0,4500.0,171.31274079016472,42.0,0.7497921914052061,0.6563030879248909,0.8271570459003676,0.8076582299770397,1.0,0.906944334733168,0.7458531683646376,0.7531792325010659,0.9015423036177481,0.5837099525588424,180.0,0.3676523323555585,0.45974840443733955,0.4358124234391591,13.766395430105918,0.41599378741484305,0.5803660697541742,3.804338978273308,55.07743501462811,3.0428794997837514,8.365369483036792,1.4241791519963265,1.549093528747549,0.6260281747203948,1.2261489438446904,0.7719663151144103,0.14333763901111837,0.08968032733854173,27949.765102694237,125.33792048053411,government_led,0.30466647578345646,0.36997842255323415,0.11299473954072686,0.8129034575087094,0.6685535107060955,0.011042612679313129
SHWB_160,Shanghai West Bund,Shanghai,Core,121.44765605592396,31.178807577831027,industrial_reuse_area,1,2020,2024,1,industrial_waterfront,0.5889943662915333,650.0,1.0,0.7899450784273774,26.01806885816013,85.72615140957464,11.553747280044815,0.7097175058772583,35.0,360.0,1.0,0.2991443329793648,1.0,1800.0,4500.0,220.0,42.0,1.0,0.9200322428372789,1.0,1.0,1.0,0.9958453306341419,1.0,0.8292664967996872,1.0,0.7714371215153978,180.0,0.6687264123899677,0.84627922178927,0.5813854007394789,18.918036013815446,0.506945918874401,0.6802231724508894,4.133341976411925,8.0,1.5,4.738067390912512,0.4226857294395049,0.1,0.05,0.05,1.0,0.142720940161975,0.43832588035215947,36000.0,144.30758643416928,government_led,0.20702516673275903,0.6053779992322614,0.5783087199330836,0.8980144072549299,0.9539663314371717,0.8209206707473011
SHWB_161,Shanghai West Bund,Shanghai,Core,121.4466233992378,31.17285798845273,waterfront_core,1,2020,2024,1,industrial_waterfront,0.6330675024038666,650.0,0.9181430022975238,0.6825532790864072,26.801940215925878,82.42280389678535,8.607194567728019,0.7792515580991648,22.49621745535019,360.0,0.8274743864336472,0.48314212521474975,1.0,1800.0,4500.0,220.0,42.0,0.900317163558912,0.8268392059582744,0.907214317135141,0.9810807767712644,1.0,0.8477244805138172,0.8315717350344958,0.816430463986025,0.8997213979267368,0.7746658099229288,180.0,0.6420009205058447,0.8156053290354001,0.638267351516548,26.0536832965298,0.5198398041983497,0.8517446025917752,4.193827311040886,29.512484124806843,4.382887457083266,4.309777083742254,0.47429035668750424,0.4441582964588521,0.12202881295041122,1.4380345187155559,0.6574521029274737,0.3544874651024818,0.2710497948034056,33777.79014092609,101.80934117756618,government_led,0.4330685035873149,0.385112804492056,0.49235928075524465,0.6246439193713319,0.6713902882678987,0.7728260406490071
SHWB_162,Shanghai West Bund,Shanghai,Control Fringe,121.46174810442368,31.191930752019157,residential_edge,0,2020,2024,1,industrial_waterfront,0.3259013001381775,412.6527767561025,0.7414922985444736,0.654068063678594,27.962618492646982,78.61231565880074,7.456389488755157,0.59020662123135,13.533595339634159,360.0,0.7213135437004905,0.38115064881768,0.7542497587865599,1800.0,4500.0,216.7551424854778,42.0,0.688325634603962,0.671108823962958,0.649964325478373,0.9274177645645767,0.7611312013329066,0.7574472789015108,0.6825781505361053,0.6491643573504043,0.6551592261141506,0.5473574739512672,165.5702953183756,0.4129557918296678,0.6497433661636856,0.22964572423463525,20.333666735227876,0.5307424298139624,0.5664328711056587,3.5225038237279387,48.235306070782904,4.913260977432265,7.9711904082947225,0.14288893797772342,1.456308511379675,0.5724222608686675,2.0145939041722976,0.5179796519269699,0.14364519034395717,0.021373207039158452,19082.36418764955,34.81188459080961,public_private_partnership,0.4405526927035379,0.12847493147620373,0.7472141770403732,0.4444999057897149,0.5462165658338939,0.01640255001728543
SHWB_163,Shanghai West Bund,Shanghai,Core,121.4545738593997,31.185296977692147,waterfront_core,1,2020,2024,1,industrial_waterfront,0.8389450392803858,252.495075772789,0.7233475897582581,0.6791531678027202,29.55341659174469,62.73290890266652,4.256372957301176,0.5727404835207843,28.677342014325355,264.1230208759462,0.7058140553074725,0.5863747550525161,0.9654037910124929,1800.0,4500.0,171.84766024555526,42.0,0.6342327300389895,0.4837242572400386,0.6373450018062363,0.5323462394676761,0.8581554263169406,0.8097843904836719,0.9058142171152651,0.8815835646165615,0.6774536521560311,0.6587737885297336,108.11341085886806,0.46712990755776945,0.5847845232094488,0.4363872150852493,32.24548862772056,0.6487338793424177,0.5944069791322192,1.3292265507481584,72.23095863750963,4.715788179986399,14.23148276931955,2.6080001590088573,1.8092764558247538,1.3714554198607047,1.0559635917169108,0.7193439181541869,0.5015205972721777,0.1695287020179659,10266.059863383165,96.94284472847274,government_led,0.6253138346907979,0.23226843384259926,0.33852955474644786,0.6488028145754475,0.4613196421129086,0.7013889508922173
SHWB_164,Shanghai West Bund,Shanghai,Core,121.4742447085954,31.184734104648143,cultural_core,1,2020,2024,1,industrial_waterfront,1.0,619.9908798238711,1.0,0.7234095107520075,26.791769587889622,63.03588117067068,8.615566100711098,0.8343730044615141,35.0,350.55400173525896,0.9098707820850378,0.3841820764765024,1.0,1800.0,4500.0,211.02464213719418,42.0,0.8856606769360738,0.7378127110274351,0.8186254014120999,0.9008363117273042,1.0,0.9508885517427744,1.0,0.8268465716736111,0.9046089179619329,0.6536500701202904,180.0,0.5872977812947038,0.6411338983077585,0.5987855602820711,17.053449428095487,0.6814794993617186,0.7193279064977363,2.7976248083579653,39.11715494351911,2.315817340683843,9.577428819110102,0.49870988345485484,1.1866687157259013,0.53128841541084,0.5680941736541817,0.9317606585496245,0.40472337233881056,0.332178000763717,22422.12390067852,118.40521562498779,public_private_partnership,0.3336960305510187,0.367290502738474,0.3555107047390677,0.928611764151813,0.9009609192293685,0.7137948163118573
SHWB_165,Shanghai West Bund,Shanghai,Control Fringe,121.47780665196412,31.191978590904572,residential_edge,0,2020,2024,1,industrial_waterfront,0.6007374547915723,538.2098850576134,0.9015110386306906,0.7321449663579258,27.973598965810925,58.731451442587,6.179728319572575,0.6786354167741973,31.74394319583819,265.38596989620964,0.9243029579750573,0.5324040769129041,0.862168346013629,1800.0,4500.0,106.47008529660125,42.0,0.7048497137502443,0.7140653192661482,0.7601450947767914,0.877949744124417,0.9121681269045006,0.9306756551552277,0.8440916440962878,0.7645358914423241,0.8642857858972443,0.4578182467160662,156.90880350952625,0.28692516384267064,0.7173837265810679,0.45421707280340773,35.698904766743254,0.4776153535469987,0.6032400949053901,2.907107773775153,65.95323529292517,1.890166153255905,8.936623495197765,1.6595341290998995,1.7064124283091744,0.7505128788940021,0.4930448394058261,0.9310166478927386,0.30749932636525756,0.09656550549579061,22816.18508008384,68.2598624927677,public_private_partnership,0.5925498075816393,0.12500575680595064,0.266674623674931,0.9302130465209422,0.4750644523304181,0.09543866034059771
SHWB_166,Shanghai West Bund,Shanghai,Core,121.45453494562278,31.18210974378463,cultural_core,1,2020,2024,1,industrial_waterfront,0.7999442070607621,643.7575054831057,0.9880149820958476,0.7022974575580931,29.07533500696384,78.63893475524085,8.619189737447332,0.788269270243965,24.302824332282793,360.0,0.9140756572476693,0.221959281632852,0.9424342515338053,1800.0,4500.0,220.0,42.0,0.7953761183460448,0.6481498906238093,0.8764888012479058,0.6826727813908774,0.9972063596253086,0.8408340608243277,0.8897071178659438,0.6498659792589966,0.6458553121079214,0.8464549804325341,180.0,0.6187257615379642,0.8958370605776417,0.722132008490389,16.355490853063735,0.5069910794389522,0.6869565175250795,3.7264743950957637,38.5014358189044,3.971177964288076,4.929795300081302,1.771178722023898,1.972346459899631,0.8507824086788315,1.2893628573467464,0.7364199018401102,0.19946557422920919,0.6436886104384206,28841.05602860141,190.50501951619094,public_private_partnership,0.17797460153240968,0.7102643052758413,0.5995621659305365,0.7227957808063292,0.5950351299010066,0.6479055007726505
SHWB_167,Shanghai West Bund,Shanghai,Core,121.43551189499516,31.17821421991419,waterfront_core,1,2020,2024,1,industrial_waterfront,0.6320194587870414,390.2892291740041,1.0,0.6506111459544919,28.788740757394596,90.0,5.50173122479759,0.5486020248775241,35.0,360.0,0.9241905828140897,0.5695682867189528,0.8657644951407556,1800.0,4500.0,220.0,42.0,0.7768513776052148,0.3981020268000943,0.4488328516628859,0.9112488482768316,0.8014345902468016,0.9268028586721295,1.0,0.8253276401468153,0.7540535655994619,0.5632079927139639,155.44468454571677,0.404929697325676,0.8513643217994317,0.5034965226050728,27.780254260821383,0.6144616076860575,0.773508106760051,0.8778867103790764,77.89715589138018,4.042367919485867,13.506686315099644,0.8890819899999459,3.1463689410945097,1.3228201360116632,1.4922329147783695,0.6978061480511161,0.3673419070722351,0.12860307170787905,11560.67918634788,18.812981463257834,public_private_partnership,0.7603996374833878,0.2574308142103973,0.7812545589804762,0.7094153742879201,0.6547015938494235,0.6894703316293772
SHWB_168,Shanghai West Bund,Shanghai,Core,121.45066931877925,31.198041351675087,industrial_reuse_area,1,2020,2024,1,industrial_waterfront,0.8781108862217414,321.42089015444674,0.8269013949081044,0.6211525692678209,28.187661594980938,77.32813596608203,4.03823699589509,0.5616537347906944,35.0,349.13123782153764,0.9293711980913698,0.3315120122617486,0.9415201546103209,1800.0,4500.0,213.1176871011102,42.0,0.7426188109450095,0.54974217920069,0.7138040653734584,1.0,0.7744326300282985,0.8333204742774322,0.9509058080068542,0.8321841892904028,0.7209801388708805,0.7735144420010602,133.51945132502536,0.36619005651670267,0.6299882671767265,0.5697306658056445,14.536088574778075,0.4257123128762436,0.6845978840282814,1.5683102723376283,76.59458704860401,5.540392623323342,13.989539839391828,1.2566487632776122,2.664817798348623,1.6062091301612849,2.2249691275425802,0.5493835188628962,0.22056483549487654,0.2264964294333689,4000.0,74.81073591126939,public_private_partnership,0.5306672864911269,0.17686059964861986,0.5468359421148055,0.6054787982165803,0.667677793223086,0.741991536046288
SHWB_169,Shanghai West Bund,Shanghai,Control Fringe,121.42589173658916,31.17990677268711,waterfront_core,0,2020,2024,1,industrial_waterfront,0.525476630345063,307.6337765144849,0.8248429277895848,0.5901045877947435,28.029719108634918,54.56967562612043,4.371486824351548,0.3047790949983129,22.621696971308346,248.7561232899531,0.6111125740522845,0.11699671132693584,0.6873605601541036,1652.5513052636613,4500.0,136.04835219071404,23.944767653082607,0.5572937692689035,0.3321280386553944,0.5417437421947007,0.8684323464240669,0.6416962369110778,0.7661502152547724,0.7185657021460019,0.38693036130687003,0.6954344893303664,0.5341663224090871,119.9915624705345,0.2668551124956541,0.5232978058500767,0.25484134749865883,3.1864976341252556,0.23086982055325356,0.35888348185614916,1.9218184140026624,86.47279942117265,4.68310662840471,11.798620463330668,1.0480123758326292,2.7253746666383103,1.6318354610858283,1.465585728426708,0.6441033725886801,0.13271452772912953,0.13466837183792624,11742.79661193222,72.09234309332467,government_led,0.0,0.24870857002490762,0.3366966850557062,0.7167199649067019,0.7377258141709487,0.14125256240901285
SHWB_170,Shanghai West Bund,Shanghai,Core,121.47201141665025,31.186446790060668,cultural_core,1,2020,2024,1,industrial_waterfront,0.6561338284466555,471.883796804029,1.0,0.762781234871301,27.30961864152109,80.35848169832194,6.4046506988920715,0.6286756349342827,33.818617395194295,360.0,1.0,0.36680809118910396,1.0,1800.0,4500.0,220.0,42.0,0.8288893999855745,0.6737940221055218,0.8347675636553608,0.9083325063635543,0.9882654632362888,1.0,1.0,1.0,0.9493271318964587,0.831518405991311,180.0,0.8028752695306595,0.822315711961604,0.6578379443564172,17.51832306647697,0.5124724332547761,0.8512618615436064,2.853895528490737,52.6105938631252,2.7807073103351563,12.496833318429736,0.10376013514134569,2.076586860559792,1.2900320547549522,0.7481448624300354,0.8584291179921292,0.25000581887349904,0.45956053416390186,18966.77522406265,171.97490506555812,public_private_partnership,0.2645884166881576,0.6138264265037792,0.5400574282258881,0.8513270807199416,0.8769712071296761,0.7607095746031394
SHWB_171,Shanghai West Bund,Shanghai,Core,121.45700890995107,31.199370963474014,residential_edge,1,2020,2024,1,industrial_waterfront,0.9442879068336832,650.0,1.0,0.7330567227271848,28.02078769363585,86.01595325982404,7.744166549749963,0.7573850326650109,28.183575409878504,360.0,0.9455660421228388,0.44326160816928406,1.0,1800.0,4500.0,220.0,42.0,0.7723480638191697,0.6784471303567726,0.9598043100581759,0.9517409163098841,1.0,0.902867599558247,1.0,1.0,0.7847960728792794,0.7206473785990158,180.0,0.6621973720121656,0.7585291764927539,0.5107410544025948,18.557833589193862,0.5056688939960431,0.727186750344003,3.2043133936799277,44.503758368297646,3.676933770028637,7.783234859939088,0.05,1.171453726439503,0.646344036096008,1.1267758147533533,0.7295978857033759,0.47494455117257356,0.07880440441277187,25360.804985553317,10.0,government_led,0.29938306760233135,0.12372104210738308,0.6933608317244457,0.7012277793619762,0.6587024315088071,0.808232211907461
SHWB_172,Shanghai West Bund,Shanghai,Core,121.45459757213794,31.17581383663032,waterfront_core,1,2020,2024,1,industrial_waterfront,0.9958079680432741,633.9920317861694,1.0,0.7338501800310434,27.876454724024793,90.0,9.140947803146611,0.6353129450573406,35.0,360.0,0.9587270223007787,0.3364382301291335,0.8256893813074392,1800.0,4500.0,220.0,42.0,0.8774199833493592,0.743229872878266,0.9242698354382689,1.0,1.0,0.9870471873519849,1.0,0.8577520928178165,0.8993223278091022,0.8515401135999507,180.0,0.4431848321324943,0.9438611804498422,0.544445883925315,12.946333356096131,0.5411551334002183,0.7897654537169684,2.9197016563444453,43.46159561501945,3.206292016471968,9.317702371179799,0.35039491429563574,1.9096195103956701,0.7995737345779317,1.6691382901917189,0.7604280174580751,0.2874520817739597,0.18569509283075122,25639.768429953852,78.77636188468563,government_led,0.309055614977291,0.2523615046646448,0.8181801648425919,0.6262392512726069,0.8602659453097002,0.7333332723554058
SHWB_173,Shanghai West Bund,Shanghai,Core,121.45205558563005,31.188249036411055,waterfront_core,1,2020,2024,1,industrial_waterfront,1.0,429.4569109736285,0.9006944120304325,0.7222921158419319,27.03369686238755,86.02842107809374,4.635013087300468,0.5018166132259045,35.0,360.0,0.9160946350137554,0.13604304079544893,0.9317598772605221,1800.0,4500.0,220.0,42.0,0.7675813298941442,0.5630767662882559,0.7864042645442743,0.8956812063308286,0.9139104743110025,0.7996490570493545,0.92662758875756,0.7974286337991746,0.8144986117217836,0.6852807809553884,103.43161925463727,0.3779561042894714,0.7597412878181382,0.4864677058632686,5.38247285777762,0.3462401043687419,0.5260365633929915,1.4361329800566391,78.43924681947541,3.2155348210039296,17.133698078049648,1.0692900500897595,2.408104685048837,1.4135440369446957,1.117261860026975,0.8469974687562113,0.19718873186786956,0.09025847337665627,16490.99861316403,65.80508218962994,public_private_partnership,0.15067910540636653,0.23131283829124133,0.6322054204987053,0.7783210780624937,0.6413849387776515,1.0
SHWB_174,Shanghai West Bund,Shanghai,Control Fringe,121.45879288699649,31.171355095328273,cultural_core,0,2020,2024,1,industrial_waterfront,0.3415425249808268,459.6670952878327,0.7993998462769139,0.5784427213049224,29.131963125055492,64.25288047448583,7.9230382072988785,0.5179431969097149,23.7659915638752,345.52558893117373,0.7734941927456169,0.27460040093617094,0.6347386991553531,1800.0,4500.0,220.0,42.0,0.7078018493640361,0.6676600055023547,0.7746896585786408,1.0,0.6131995487573865,0.6690051984072771,0.7919533376417548,0.6263648694559287,0.6568667913797673,0.6336221556084715,180.0,0.369519871578168,0.6989580915584428,0.4861696212602738,4.851188774762065,0.4183625390447015,0.5820931585157545,2.2600058710847537,57.51587602203153,4.63587633923104,6.849739430756982,0.05,2.0782118114282024,1.068771039346484,2.7169436104825073,0.4537459605278811,0.08360902643104476,0.06911318979868816,19953.04854153665,171.86095522173525,public_private_partnership,0.184152353359066,0.3522891524808364,0.40270632656702254,0.5561005534647777,0.7204552507838063,0.3357251177562646
SHWB_175,Shanghai West Bund,Shanghai,Core,121.46657593351287,31.18041197798485,industrial_reuse_area,1,2020,2024,1,industrial_waterfront,1.0,395.964675790401,0.9036846589370595,0.5945967982077512,28.90132044447273,47.72148096389828,5.249748212770124,0.5934043007944306,29.538066581446678,312.4544931005715,0.9082657193604667,0.38249240027211784,0.8794526658579134,1800.0,4500.0,199.67097579032026,42.0,0.7062348145209033,0.5591130325424295,0.8308039680251809,0.9608749108490903,0.890472242338025,0.9560035509575469,0.9070723284182123,0.7586755395968593,0.708820145152814,0.5808818890542997,161.89667072980177,0.5102933737783584,0.5635401560084633,0.471350885932936,15.94460062847092,0.44057278912884,0.8099952227717395,1.4629037327926002,85.58306659731853,6.955493959470241,15.437982485931368,0.2700319770605618,2.121441083349042,0.971822942721349,2.4876812847664835,0.41773466246440716,0.34219921351936744,0.19326521592371818,13501.547655170543,94.4740136669561,government_led,0.3304268065472115,0.20577575851934235,0.3116300698284331,0.35308319237500885,0.8311234465145392,0.6525416160507697
SHWB_176,Shanghai West Bund,Shanghai,Core,121.44781130471375,31.182638954843007,waterfront_core,1,2020,2024,1,industrial_waterfront,1.0,407.503050646785,0.8134763334609691,0.6027211145377352,27.907541866395,73.1260874037434,7.103174585674631,0.5021680380055449,20.013649438734102,360.0,0.846540434418503,0.29863237844965657,0.7484425026333139,1800.0,4500.0,220.0,39.52773110180671,0.581124408389884,0.5333171698565267,0.9339479687780506,1.0,0.9645900633532022,0.7680164723646936,0.7744185834291843,0.6874992139166121,0.6368763121801961,0.7130078023242951,180.0,0.40589580553418486,0.6571669814726019,0.5282473883419024,18.648320037790462,0.492691883536013,0.7219443191781728,2.4445228366669043,57.35425113285978,5.903643999410676,10.178655326065748,0.2930897482319901,1.6276559216776902,1.2271212140481649,2.269018381035411,0.4857843572821492,0.2845082230586077,0.2520396870517126,22515.024096002966,102.59252744924531,government_led,0.3014612422649144,0.3152129892555759,0.601953027581256,0.4778649004810589,0.8827201746003231,1.0
SHWB_177,Shanghai West Bund,Shanghai,Core,121.4480556851467,31.184982066423448,residential_edge,1,2020,2024,1,industrial_waterfront,0.5589155064396438,535.027285398085,0.9075909154158397,0.6872448770609705,29.557215903103675,90.0,6.478088928357467,0.6976201786655092,35.0,360.0,0.9636616433494621,0.5693192645345457,0.8831968644537912,1800.0,4500.0,220.0,42.0,0.7586409665918026,0.6401896504441688,0.725082148905574,0.740910629806052,0.9168160963641487,0.9680693088376249,0.908008928230964,0.8397522266477511,0.6352547682508074,0.9165564182260031,180.0,0.48775506285276254,0.9640690308108858,0.5896402594007516,26.1049343024501,0.6287922169707258,0.8095139990160024,3.073302042663947,60.4356707962414,3.7601491333675607,11.936510945007239,1.9098745233382797,1.565751087199326,1.294301142024094,1.6583726612725223,0.594538241136315,0.3500873066282376,0.20882676202372077,22231.21477445395,98.34308207316855,public_private_partnership,0.34397158921633975,0.38680451356051154,0.8216390441804531,0.5968512783969491,0.7262939560985677,0.8213101662899567
SHWB_178,Shanghai West Bund,Shanghai,Core,121.44348030145187,31.196664195084562,waterfront_core,1,2020,2024,1,industrial_waterfront,1.0,535.2055817657613,1.0,0.7259568751216519,28.263628307891274,73.73906931625243,5.509241668042339,0.7823083802022923,33.869839057111506,360.0,0.9540551582312109,0.37439722493949795,0.9178767750949408,1800.0,4500.0,220.0,42.0,0.7236947360091602,0.6646644042087765,0.8396878592866189,0.7626047745927137,1.0,0.9518907120290844,0.9019991303065278,0.9090730774860618,0.881161810710199,0.6021838612934128,180.0,0.4626793033415981,0.8311723903763029,0.4526743121864285,13.106213041818487,0.5484689307911005,0.6295472983717683,3.752681880269529,62.21758367749148,1.5,9.31030225511883,0.766370229338114,0.7719644549984145,0.7298600127272873,0.05,0.9569395204578297,0.35963471772359407,0.3511891546936123,18210.017261719448,68.61870675999177,public_private_partnership,0.42007096315889775,0.32214322879153606,0.4980154190002928,0.9163214446071902,0.9791546380983153,0.8240648589607154
SHWB_179,Shanghai West Bund,Shanghai,Core,121.4466103261044,31.17622355510592,waterfront_core,1,2020,2024,1,industrial_waterfront,0.6994783776763756,395.56277152092287,1.0,0.800414327641926,27.529691181461356,70.89198132952919,6.680263630239629,0.5930693450608413,23.94696449579477,360.0,0.8257904358405879,0.5017235177997851,1.0,1800.0,4500.0,220.0,42.0,0.8800889450213498,0.4742822451324644,0.6535015022852843,1.0,0.9788592280492804,0.9182403256122483,1.0,0.902553923946792,0.8913339301132454,0.6700097068314848,180.0,0.42668172779838637,0.7122409463451389,0.39626328939611283,30.604758017464185,0.6344959085762208,0.9127743310290413,1.8832845661244302,66.88823947681641,2.5939241280423753,9.959436934722422,0.05,2.3807944212066494,1.2329993373158616,0.939890595638815,0.8787560275120186,0.34273954777603943,0.2945616304370815,21383.68909452013,117.46930942422907,government_led,0.5866230344686738,0.3532877353602823,0.4790157161328578,0.9302433882606411,0.7189606540836327,0.8394839378443681
SHWB_180,Shanghai West Bund,Shanghai,Control Fringe,121.44880499619357,31.19163985170306,industrial_reuse_area,0,2020,2024,1,industrial_waterfront,0.39377342953927946,413.12473364941195,0.713630368260439,0.5288392553294825,28.903950240150785,51.21017815091798,5.168918209888322,0.5820538194163131,7.762998751955834,268.8177830988583,0.4952064290652209,0.5040237533859099,0.7383895364516959,1800.0,4500.0,187.31630637898274,29.30328389737194,0.49806837592788666,0.5183799429431496,0.6320759578427472,0.5877805659323558,0.5806200746538749,0.6779098210956389,0.843141633261058,0.5583917129595226,0.5205992940239361,0.5002505968934815,125.0107553963316,0.39990567359829954,0.5308494059030832,0.36155815660827584,19.990664738693503,0.463410959481217,0.6742775043502093,1.7626670560305036,79.12646408469563,5.763472573682734,13.289553277779476,2.5195886786451713,1.843231085767348,1.164619109513267,2.062208495866601,0.5414754114104801,0.15065692523950575,0.05373801091517717,16689.736020651595,123.55977421177586,government_led,0.40910931841951115,0.3185969627424172,0.36923649118584734,0.4027386786824525,0.5136364025185627,0.1649030589589041
SHWB_181,Shanghai West Bund,Shanghai,Core,121.46449487827627,31.20511971991806,residential_edge,1,2020,2024,1,industrial_waterfront,0.7831112938782288,492.5153042760846,1.0,0.8230578084098429,25.022538753218424,89.48563598104951,6.701507352799426,0.5763194332557612,35.0,360.0,1.0,0.5100206492323062,1.0,1800.0,4500.0,220.0,42.0,0.7274384464311926,0.45840002418371445,0.9579066517753246,1.0,1.0,1.0,1.0,0.8000988035040936,0.9008246130730423,0.5635116812355512,153.745273835037,0.42574240838895416,0.7639318740173743,0.3889320230635065,29.698553280355583,0.5289413332723532,0.6846299407452813,1.8038507981370433,78.21456693108222,1.5,11.48410731443031,0.05,2.2279013220305033,0.9585649485123195,0.4202230601795136,1.0,0.3545545021538118,0.10013807388554952,11154.964548025084,81.96502136996513,government_led,0.5712392281271554,0.14776665656131716,0.7076540079805151,1.0,0.7450212594012946,0.647275819897606
SHWB_182,Shanghai West Bund,Shanghai,Control Fringe,121.45796046769836,31.158717723238414,cultural_core,0,2020,2024,1,industrial_waterfront,0.5342883638123718,341.73513111505497,0.8220306100221865,0.7799623786116494,27.94994680947841,63.23348099418817,3.74341359937274,0.22879501667357838,27.091753733326083,289.2881541271113,0.9418586752145119,0.2379991081412707,0.9226428080710316,1800.0,4500.0,183.05931212958086,42.0,0.656240037168032,0.4343504000360104,0.6567760899363706,1.0,0.7448603701130952,0.8569397198604736,0.791368664955646,0.8064889136639711,0.8173384244222599,0.7228049627752063,150.9572108135033,0.4677647020228145,0.6993799890606676,0.5768953150296076,9.281917684713568,0.3879031248183716,0.5220994177536016,1.0109044926276822,93.78626653304599,4.98682306560578,15.22999541814813,0.08145079057307571,2.3783410768889297,1.3756819153756472,1.7162196698515984,0.6524217590332672,0.14005944954463118,0.11846381365847479,12208.613021241845,78.7303885814677,government_led,0.24687644344957171,0.4244659323326875,0.22235326819254234,0.5795677404494811,0.826855216559768,0.3215008092059221
SHWB_183,Shanghai West Bund,Shanghai,Core,121.46273979819924,31.184486919411466,cultural_core,1,2020,2024,1,industrial_waterfront,0.5660955979740159,650.0,0.9790351105133033,0.762883193759237,27.30991169263611,73.18757070722187,8.535780456652379,0.7644581015982718,35.0,353.4612411363963,1.0,0.35092595014422173,0.9747219573858334,1800.0,4500.0,195.2081575769377,42.0,0.899489158072281,0.48933558679120803,0.9367740195875809,0.7613798463899095,0.9913654767991875,0.9737455846618045,1.0,0.8997435558741275,0.80915679721086,0.613707770249622,180.0,0.5453509244448344,0.7888625979010805,0.45160657719625213,15.59262710306835,0.4129814709952443,0.691647196960658,3.770095601667215,17.83295333332801,2.407672711227999,5.754406429350325,0.9834332595086885,1.2004949633578543,0.4198897254435818,0.05,0.8780386734055274,0.21311353813920142,0.21952454569514207,33936.44299666386,90.28194902190558,government_led,0.24415849379982713,0.20313613265300617,0.4659942101745775,0.8342444059653904,0.8142017751862801,0.8342637776605922
SHWB_184,Shanghai West Bund,Shanghai,Control Fringe,121.46060975450622,31.192028459944957,cultural_core,0,2020,2024,1,industrial_waterfront,0.5341740493078166,370.1235727971782,0.4519178232857509,0.4979755849966566,32.34654126812609,44.485947479231946,5.7313797518549725,0.3274097841780689,26.21929938086116,185.98973487870109,0.6100172415038696,0.42269954367009355,0.4821905706897598,1150.501849156728,3694.959084030622,118.93354751420685,42.0,0.4707466640985053,0.3302211739559015,0.5378711163441485,0.8594898948459917,0.4689919519910655,0.5581760143310937,0.7068574539200689,0.7404332272559746,0.35705170173355133,0.37342900271767726,84.92388460774698,0.3335445589839954,0.5437003419896179,0.28755240923000885,23.632924758472353,0.5625740422880683,0.62310293133338,1.102639147992314,80.98873345494397,9.0237222194243,15.722521531581073,0.7418954983896984,2.690274303802427,1.3759709798898137,3.6994576105232198,0.17155146513693653,0.14264865404983226,0.04145974155796582,9286.505865270079,10.0,government_led,0.45957158902431144,0.0,0.43241989209484866,0.11669160436597201,0.5452417118065922,0.08373449857843919
SHWB_185,Shanghai West Bund,Shanghai,Core,121.43083238550452,31.1964705833207,industrial_reuse_area,1,2020,2024,1,industrial_waterfront,0.9958951468013948,607.4075193970093,0.9369010353279685,0.7289500722852841,27.19680605317884,89.92277088310442,9.04404014603654,0.7357368161951019,29.11231785376247,360.0,0.9338551134618024,0.2749534161264662,0.9731759253038138,1800.0,4500.0,220.0,42.0,0.8854424408064522,0.7508253100809131,0.8879599115326751,0.8554407167469862,1.0,1.0,0.9217160753694073,0.6982246437814517,0.905155437710426,0.9007760834244204,180.0,0.7150875272092249,0.7793880512755021,0.6060478276587952,9.980017193876906,0.4530908538491158,0.8057887348954172,3.49498927302134,67.72528923808362,3.51427126780188,5.488249442195162,0.9634455791954704,1.348224810905021,0.5577888071270986,1.1916969366406474,0.7776678129761774,0.3141164319956897,0.6695785499281701,25893.965315980724,156.9190093293156,government_led,0.27725946997164447,0.6087633463753794,0.5900619120292412,0.8508181882218595,0.7049713985728175,0.9041978970418507
SHWB_186,Shanghai West Bund,Shanghai,Control Fringe,121.45882499341592,31.182019738412396,residential_edge,0,2020,2024,1,industrial_waterfront,0.22243130105810952,364.98408693979644,0.8140562856519878,0.49632538393057585,29.548753601467713,39.66634802773384,5.337292705225475,0.568706044700639,23.467127586303302,360.0,0.8226662201634471,0.22111051794403136,0.6677647904871794,1495.2568177107505,2868.432771892629,208.9618711783765,42.0,0.719562178618951,0.4589072256837219,0.6289698217708254,0.7342132490830514,0.7672350515037245,0.7128909804878666,0.7599343292614057,0.6285864031293654,0.633271068541881,0.5445113302339252,180.0,0.5422903503345923,0.4915711228204086,0.6052651609947257,7.966765865928933,0.41137740883396257,0.5542349860563909,2.503152406509006,78.49176899166885,5.792714770600172,10.869227628423465,1.442928183577889,2.1671211109939548,1.1889039547293856,2.328182526438984,0.4040824856291401,0.019832103317665706,0.17324411487293692,16194.121619654046,144.13452677521724,public_private_partnership,0.33643143159291367,0.6561946503190674,0.1591650046958037,0.45628980282442694,0.4570795742526634,0.2063563997273715
SHWB_187,Shanghai West Bund,Shanghai,Control Fringe,121.44908725607124,31.18192182153361,industrial_reuse_area,0,2020,2024,1,industrial_waterfront,0.7519572293683603,327.463176179981,0.6891440326346413,0.3462095669478298,29.70012590314304,53.25781973185494,6.4754361635058455,0.46599927525619206,29.377040294142585,340.8910033390253,0.6005885632574594,0.4148773321050596,0.5452380688378679,1118.1631421047405,3093.166630188469,220.0,41.64352905494765,0.6448580660249384,0.6045530171599901,0.5470623171628701,1.0,0.6079890462947662,0.5708129190130672,0.6219952271397636,0.692782667457239,0.3562053911716067,0.5032373227709428,180.0,0.5162858052435293,0.6289221697783065,0.35778531152612586,17.083565141301925,0.4396328691050274,0.5399666585624331,2.0511893269425343,76.52752968469272,7.416911899737694,9.501765466173614,0.51741681360541,2.3380716768101664,1.1290986574786654,3.5782689555751066,0.18523842086215245,0.24734105816371338,0.3685522544865755,16316.933685118302,225.84896571317762,government_led,0.4612219327392573,0.5987038971910997,0.2759544635871801,0.09652311894152965,0.3704731681041712,0.1955380777016689
SHWB_188,Shanghai West Bund,Shanghai,Control Fringe,121.4558522514528,31.175342463389192,industrial_reuse_area,0,2020,2024,1,industrial_waterfront,0.44026973578732387,316.58975981572723,0.6378339123260005,0.608761864488315,31.39551094730625,54.27540255064551,7.177011781586267,0.5939033661911844,12.821652647735297,360.0,0.7384591583153375,0.3619418173859182,0.7054313863260793,1800.0,4500.0,220.0,38.61759602358505,0.5998879371393402,0.6190725409631593,0.6219140048136903,0.7783427671525612,0.753493362342474,0.6431105854469839,0.6574251171768264,0.48748252645304635,0.36979263409038254,0.5655873104916094,159.4164247244174,0.4224792789106302,0.7177437307366243,0.3122913713938945,26.853084300120013,0.3333574512423765,0.48324023779478026,1.7023691198422655,60.31650446235848,6.018379022367476,10.27561601537577,2.1946364484010017,2.150401719119279,1.4117504221646464,2.641844970044643,0.4541045875221094,0.19301416611795527,0.15906951690422413,15235.363908501437,182.87270861200975,government_led,0.3626253667081653,0.46661598736773197,0.38593127678276906,0.4394687592157895,0.308047244097724,0.49077495516086855
SHWB_189,Shanghai West Bund,Shanghai,Core,121.44836080596608,31.17040968284376,industrial_reuse_area,1,2020,2024,1,industrial_waterfront,0.564444203361772,625.2310963710053,0.8837112504009732,0.5737982397357901,28.748099769852455,64.43485420231268,10.35083351922057,0.7552918495233132,28.46239089373292,341.101452831201,0.8329940681666356,0.41583989976202107,0.9351417732156635,1800.0,4500.0,220.0,42.0,0.9358024217144227,0.6027758472354866,0.9105620724373081,0.8069631800790379,0.8842255390059575,1.0,0.8825662509728969,0.8167475316272865,0.6884984419851043,0.7163248743341937,180.0,0.5082628734076533,0.6580947576050128,0.42399789733519333,18.493049724624978,0.4407557023476742,0.7249245834077257,3.756561267528401,44.85389349219977,4.677349310055154,9.179722707596767,1.7007291026579245,0.7669226351113823,0.535080267731924,2.0023206976669465,0.5920885793155789,0.1588409626349388,0.003256872470862371,22632.293085876885,66.78345840199191,public_private_partnership,0.38037171935798036,0.24239733793813337,0.4283897669481416,0.5334434759662406,0.8608169811728491,0.6305229870206789
SHWB_190,Shanghai West Bund,Shanghai,Control Fringe,121.44578104336954,31.189817382307872,waterfront_core,0,2020,2024,1,industrial_waterfront,0.185774924327479,560.5747512747473,0.6443367080559596,0.4201227735468783,29.910922636797387,43.68004232273945,8.125968941969408,0.5079467050112476,29.649923591101487,230.7403093424239,0.694079421386643,0.42278266505850315,0.6059991921823514,1733.3659408724627,3757.6217503358084,175.2764607606106,42.0,0.6415167660962688,0.7252697341034389,0.6786906610805844,0.8770247794936885,0.7635107459128241,0.6449448836822229,0.7661095049199975,0.6939824497812008,0.46005918856445327,0.3434611105914635,180.0,0.3807062603633199,0.5347902299976756,0.36250631282063855,28.65322371140329,0.468885026074317,0.6448536754629977,3.024941793561579,64.27344189040497,6.600546512744826,7.004810298655011,0.947047194323845,1.2009449754596786,0.4976811139195068,3.1885737446936115,0.4430964845976129,0.1122155131638565,0.03873529426291301,22018.805388166573,74.34480960103029,government_led,0.5520574351428454,0.3132036591187924,0.26368910059090106,0.4111802580224056,0.6880543050153018,0.1298160019288584
SHWB_191,Shanghai West Bund,Shanghai,Core,121.465215975087,31.182764417079166,cultural_core,1,2020,2024,1,industrial_waterfront,0.6040743630634416,650.0,0.819891849659112,0.6085792216674947,27.835348712478247,87.11360781146254,8.775917781728491,0.9147868422380488,30.194831984583537,360.0,0.9236029392870809,0.36996652152351966,1.0,1800.0,4500.0,220.0,42.0,0.7625851318186856,0.8188637712004064,0.9333441955504562,0.403155238904072,1.0,0.782407609289952,0.9658242324350689,0.7922833277937553,0.8141058732112754,0.6778744708352602,180.0,0.25994964171816426,0.8993033896320511,0.3665482102597985,8.783346298795141,0.5854954864809889,0.8272797183848527,3.8782644582468144,27.745502486655745,2.4130084262986706,6.283370115499654,3.3737353472298928,1.7173756359690155,0.41872805854353684,0.9512832499279167,0.8287307142100258,0.2457049953429805,0.3032495463643632,27555.649065848716,149.97374107715308,government_led,0.30557528564901265,0.27677179973732696,0.8726747461296944,0.9441635981693749,0.7286568766838455,0.9285394029527232
SHWB_192,Shanghai West Bund,Shanghai,Core,121.45545451063306,31.168149251667035,residential_edge,1,2020,2024,1,industrial_waterfront,0.5525516593662656,542.0592508225786,0.8353280910450103,0.7269093915054343,26.884364399219628,77.11449117939506,8.611467917036894,0.7866990937926122,35.0,360.0,0.928525775386115,0.5374173637956525,0.8965409483612466,1800.0,4500.0,220.0,42.0,0.8182397019701805,0.7077691477315449,0.9248182815562758,1.0,1.0,0.9553901566410588,1.0,0.8647285498027795,0.8180858158836822,0.6670326532326427,180.0,0.5439869650504333,0.6642635478597311,0.3939019460746447,25.52956020084296,0.5668836459700389,0.886744732203794,3.11577321407981,41.32223596143783,3.564071160333612,9.202141781879268,0.7691606831058228,2.225487873602528,0.7937268380409992,1.2694742256275118,0.747222920754163,0.2605517265937094,0.1418713528119153,20610.65297205172,80.44762682924106,public_private_partnership,0.45878040790527497,0.27436108172923973,0.5223243496962482,0.7771631205350291,0.7857445634376833,0.5708967425506078
SHWB_193,Shanghai West Bund,Shanghai,Core,121.44689205914288,31.18762159594242,industrial_reuse_area,1,2020,2024,1,industrial_waterfront,1.0,577.5583566174047,0.7808530934635471,0.5979206065713293,27.71742064163675,70.52660652078588,8.621317829583363,0.7296366802585245,35.0,360.0,0.770687730941881,0.378260924060939,0.6678708427565112,1800.0,4500.0,220.0,42.0,0.7786533195094383,0.7089510802123005,0.7294406282940084,0.912893567943875,0.9354433323316174,0.7867302136671086,0.879030528837807,0.8904354252552495,0.6014959240459331,0.6121035827721583,180.0,0.49796160329078437,0.7417410978642641,0.5009787165574928,13.187395813976842,0.47715412845136085,0.6956339107335509,4.424064848930076,28.652276076928548,6.204345294522588,6.421696684495836,0.7876402961468242,0.7528134166471135,0.5348694408199345,3.208318344826722,0.3931842948043267,0.34009648631853423,0.10536767998487695,22979.61850293986,46.20748245798246,government_led,0.38811000097555787,0.1733763290615127,0.6187170321821042,0.5158442734790105,0.7740469694188269,0.7961222865146746
SHWB_194,Shanghai West Bund,Shanghai,Core,121.4453446399417,31.188164449517366,cultural_core,1,2020,2024,1,industrial_waterfront,0.8993732085294427,335.43704183026034,0.4867979265552588,0.5652271279399158,30.63609952304255,67.40554443178303,6.230834955335617,0.6144861486156563,23.95272177220076,360.0,0.7160746827720488,0.507325125531626,0.695127269524235,1800.0,4239.948582345205,220.0,41.20863480356975,0.6885842332221498,0.5007764756543003,0.5919604087581215,0.7240304498474779,0.720523026820916,0.7690327597662611,0.7061972780847016,0.6926913068599625,0.5284579094471299,0.7080621342687412,180.0,0.42997704603623066,0.5831234918926015,0.5866066980787551,28.047134542335897,0.5656099893586423,0.6903526254196847,2.687331229106312,76.66839181437287,6.176729946875971,14.452499356900129,1.3428669185022473,2.3264571209497507,1.2976061627956608,3.265397421386375,0.3680890967277244,0.38012591337134266,0.4044214069954436,16873.766653059523,207.4869404532232,public_private_partnership,0.5470658340361139,0.5307823311778723,0.45396168473540144,0.30941793613289603,0.6713784695762733,0.6939259381521277
SHWB_195,Shanghai West Bund,Shanghai,Control Fringe,121.45301894347584,31.195360486487345,residential_edge,0,2020,2024,1,industrial_waterfront,0.8378735079661173,406.5279704695508,0.6618732303012557,0.6405122504860341,27.86239239007115,53.67638355955421,5.801901077221642,0.33700099620866,11.614924238486537,283.17462814278537,0.6625382752823806,0.563988846071813,0.7182252336813295,1479.678922178186,4402.656626006517,171.4597669974306,30.850887965378483,0.5428353528748731,0.4477088641916354,0.46924970786290787,0.9748778690550348,0.6624412233017518,0.6750606769284746,0.7604044311743483,0.8508017079082502,0.43331179690581545,0.45975699614109844,125.09985718052548,0.4099320328439027,0.4382242236497219,0.33297751265323844,27.391830625944586,0.561914933045655,0.4954950180479416,2.6038970932776264,56.013331356021425,4.560083070234875,12.685201912174385,0.05,2.07117331745599,1.404019032258881,1.9117213425515156,0.5426838032885597,0.3620064748314868,0.23906531987347607,10586.911369172654,136.10005467379938,government_led,0.5215799676675124,0.3727354798465995,0.3140485305173288,0.514040213777579,0.6598775456580435,0.091106917994914
SHWB_196,Shanghai West Bund,Shanghai,Core,121.44347327716875,31.189112819370695,cultural_core,1,2020,2024,1,industrial_waterfront,0.8319947525210676,650.0,0.8290984503408481,0.5982518992990272,27.90055472944077,65.32050059607747,10.053292509953009,0.8002971681675353,22.141197536059273,360.0,0.9069454731707982,0.3360028078638604,0.8339633657437051,1779.5256413408526,4500.0,174.50195189324668,42.0,0.8412608060932729,0.6678973402169253,0.9206006532389294,0.8434427128748734,0.9505248002864682,0.8712160340686333,0.8410817762473127,0.6826534380333138,0.760250689336499,0.54508652965507,180.0,0.21314680583037185,0.6202688963494599,0.6088287394510496,16.967439565361254,0.43187453244059754,0.7312648889142497,4.546881532082231,19.777109326973676,6.848041633403915,1.2463359331296604,1.3775810797309023,0.10092181977658954,0.41455792124087404,1.9476815714142308,0.5287580500123659,0.3135283060696912,0.20545083538235986,30655.55974074861,111.52911138150286,public_private_partnership,0.3346007835313464,0.3000242907993371,0.34324287033518036,0.5720031905528632,0.8505488360246264,0.6928331357491939
SHWB_197,Shanghai West Bund,Shanghai,Core,121.45689256370923,31.183798520844938,residential_edge,1,2020,2024,1,industrial_waterfront,0.9542677222812846,447.8349086156056,0.9161623218717035,0.6727524054684372,29.02928884560648,53.301758877527604,8.112203422279082,0.6357840315190473,19.191007687133087,262.82882301740847,0.9438073302820819,0.4491551266067177,0.9494430412581862,1800.0,4500.0,184.2283566002822,39.42831369406972,0.7887503517115014,0.4286034724985932,0.7662354422171889,1.0,0.9979056679057956,0.9404537413993528,1.0,0.7215255629475933,0.7264996603484867,0.47191218664635076,150.95163250661653,0.5102659437057373,0.698146352921577,0.5332936866424542,29.032899484878733,0.5651069589290375,0.6517728712462891,2.9015755467615856,68.26593783203379,2.6109553188441574,9.575853898220043,0.06357303432107592,2.003708038997139,1.0669871551358514,0.30453557643077817,0.866619104987775,0.4736266299538891,0.06994637365460821,19180.793095034758,46.134375146570854,government_led,0.41467667751459103,0.1311268686523002,0.38082060830860065,0.7197430635657818,0.4845931173305999,1.0
SHWB_198,Shanghai West Bund,Shanghai,Control Fringe,121.44972244271746,31.185450840058436,waterfront_core,0,2020,2024,1,industrial_waterfront,0.7492500953836265,497.5575695422044,0.6894665413407811,0.5888088797605984,28.73147228015443,47.591856393592444,8.34736750117969,0.6191385024299529,11.840758875414265,292.2196273681156,0.7572456666677281,0.297117247048612,0.7862829350484819,1800.0,4325.917960578244,208.33091264881364,35.74423381870846,0.6507011421158181,0.7653518145695694,0.6835319810400771,0.9752927450420478,0.75934344490432,0.6751923547561494,0.5322242107276778,0.4591693965608215,0.5582001532119261,0.4876248079032914,180.0,0.18069365560721465,0.6334020156400649,0.37016635521091956,6.980780880567138,0.41896870506360806,0.5733892869575056,3.3914535276247815,50.417954397917185,4.946554709860008,3.583533085186904,0.052685543223659294,1.6755715871111252,0.6985360292957501,1.9161135210590787,0.5161061772578439,0.1481959832482388,0.226533256279678,24759.555147703864,104.63064993807119,government_led,0.28337832055402423,0.29224367189839034,0.38692245345292503,0.3658427620094751,0.5490638310424534,0.3985406074688106
SHWB_199,Shanghai West Bund,Shanghai,Core,121.43328628532457,31.179252965914422,industrial_reuse_area,1,2020,2024,1,industrial_waterfront,0.7687206033043187,516.5359890299237,0.8176053800277517,0.697237815570595,28.104826743753804,90.0,8.188173300503498,0.7948965312869339,27.75251162375789,360.0,0.8646858535554889,0.44419807611805184,0.7809066823609325,1800.0,4500.0,220.0,42.0,0.7723966907934474,0.6747927289489312,0.7640137289743366,0.821516442461221,0.9138511410406599,0.9026229645752591,0.8769778075395598,0.8397077984282264,0.7698306170069789,0.837557205422416,180.0,0.57883354837325,0.8816481847309781,0.5600347298574375,19.722810761007153,0.5329929565108316,0.7456902805577647,2.9637176473179663,55.14637466748488,2.2907189292929893,10.09703289011903,1.4908267400093633,1.3337666310691223,0.6932153842539193,0.4540696739932343,0.8699703425959945,0.35898328030495674,0.5853219228034627,23761.903902230664,256.30294388298444,government_led,0.426502361771907,0.8101116971941467,0.8939065175575907,0.8533348260446543,0.9776214576760799,0.7754363064883671
SHWB_200,Shanghai West Bund,Shanghai,Core,121.44778086448868,31.179368282987063,waterfront_core,1,2020,2024,1,industrial_waterfront,0.6688628753494681,650.0,1.0,0.6998981099114672,27.890303570091568,90.0,8.47217943356528,0.8455779111723837,35.0,360.0,1.0,0.3312685870231284,0.9738786499272093,1800.0,4500.0,220.0,42.0,0.9041601435531621,0.7582709076360322,0.975476678301853,0.797451946009036,1.0,0.889672435644415,1.0,0.9832588371539666,1.0,0.732177413051272,180.0,0.5059555435514718,0.8436321244142216,0.46403404388729813,12.833317583274543,0.5731838103272954,0.8432275862540244,3.3352423349991245,37.260391965559236,1.7835893499723994,5.784963487089143,1.51402884712996,0.6448666751602242,0.7283310329703101,0.9206076426313383,0.8331174405840648,0.14307443724594887,0.14524595100905718,25447.145689593304,17.44406778201704,government_led,0.3844527679430707,0.18718947855194007,0.7182378211916458,0.7970255587447647,0.8006918213264047,0.8834783526756979
SHWB_201,Shanghai West Bund,Shanghai,Core,121.45361824118271,31.186359392985896,residential_edge,1,2020,2024,1,industrial_waterfront,0.7529399861620241,650.0,0.9900523324765124,0.601192797644126,29.618362525051403,68.33527268566641,10.734360356968553,0.8162627961989409,33.24685105497231,346.6840807497587,0.8903645143872903,0.3591314685183352,0.9160428809148359,1800.0,4500.0,220.0,42.0,0.8935606809697706,0.7575230931692432,1.0,1.0,0.9562353255322906,0.8336864362210944,0.8987693095250766,0.7042715813843293,0.7574738375838174,0.743721576670794,180.0,0.6656570635071927,0.7007143463759924,0.5306787437153938,19.584710748390123,0.5450181108609635,0.7102951524559589,4.11936683422317,24.006693145025746,6.771950161496971,6.7046553412813905,0.31951091423147115,0.8550708985030823,0.38309346893721363,3.2847597711164034,0.404454603326756,0.2425782652878898,0.3763730046833161,32851.80748402328,125.81675825848451,government_led,0.5569660296591976,0.31566232868515165,0.3681954233052677,0.34080940250173525,0.6499698779330445,0.7158698899432441
SHWB_202,Shanghai West Bund,Shanghai,Control Fringe,121.45220765524559,31.192827093251434,cultural_core,0,2020,2024,1,industrial_waterfront,0.6267896229790687,556.3537367057843,0.5830251159531253,0.5530074994840896,28.23956648894538,58.66565764943407,7.37769037856549,0.657452719424345,32.837786147124675,230.9960963170413,0.8253009776241902,0.32394933817108135,0.6254183807012538,1800.0,4500.0,164.57435478314588,42.0,0.7265887729577646,0.7328611073359557,0.7271684679597317,0.7159969828676672,0.762082837430666,0.7344348461942461,0.6754685310970454,0.7370528929294611,0.6245529326502502,0.4499084296276432,175.01878509091577,0.22095393069027036,0.5971288868775061,0.29614105419885867,21.070907825654757,0.47752682104459176,0.6294820777888943,4.1201543100381075,45.96842702151136,6.783817859331338,5.082022956314636,1.7402532698359827,1.153441426173596,0.7893827511651339,2.7718218288051037,0.4311453663002438,0.07212285702804658,0.12985289172749276,25417.59818169516,45.4743723227405,public_private_partnership,0.30382090887739466,0.15981486600118355,0.49492841592907044,0.4509690024130938,0.7191109914939083,0.15603306354208893
SHWB_203,Shanghai West Bund,Shanghai,Core,121.4630688080859,31.19142990653026,industrial_reuse_area,1,2020,2024,1,industrial_waterfront,0.8777720582077608,534.9446599930857,1.0,0.7878869032399888,27.09413861727595,81.5384289601768,6.6326774474780645,0.5626621686063829,35.0,360.0,0.9401067045732593,0.4253600618668207,0.9065172049311823,1800.0,4500.0,220.0,42.0,0.7631558882896792,0.735374759261158,0.7911573248830367,1.0,0.9085545412823883,0.9702529223346004,0.9751602505069534,0.8927954690323606,0.9497500034195989,0.6707453238394862,180.0,0.7189683576324932,1.0,0.6342193705017611,22.961047810249617,0.4891815516653268,0.8177060236518838,2.4730485856188302,58.18547749836685,1.5,10.217153776697605,0.05,2.4389321999674647,0.8811380139459304,0.8310865579597513,0.8791562140315786,0.34708805095505474,0.4724705750871983,18185.88423918113,165.85166609715242,government_led,0.36571538927235675,0.5015405009736553,0.555726453330341,0.8355156392370096,0.6060830834446447,0.7447000442479956
SHWB_204,Shanghai West Bund,Shanghai,Core,121.45239677956582,31.196986498811942,waterfront_core,1,2020,2024,1,industrial_waterfront,0.9046529991941775,439.88570168818967,0.9640687377032964,0.7498864701120473,26.80558103373909,74.7170908587,4.956818859215284,0.6122515764743655,31.961781352546833,295.38420557328845,0.8562570012390333,0.32078292313792706,0.9762027924496436,1800.0,4500.0,175.9887028935458,42.0,0.7180861654459395,0.5423068500047709,0.6836910462103917,1.0,0.9249818077054937,1.0,0.9934002876556979,0.7159724196640092,0.901571302208684,0.4904679593128422,110.53866477489233,0.5299549126720933,0.5719713214477687,0.31932875560322527,23.29753809943166,0.46789405673761614,0.6124402379682217,2.21731792132931,78.60924792423609,1.5,12.660099108251822,0.5066534928758831,2.4062391280501445,1.2246072631079348,0.47678015287457265,0.9899797577782291,0.28276856659289784,0.0,16908.46651861397,10.0,public_private_partnership,0.1865209967856429,0.0,0.5505764552831695,0.9682053976710248,0.6625588843792606,0.7488118624518038
SHWB_205,Shanghai West Bund,Shanghai,Core,121.44215761197151,31.17856694484575,industrial_reuse_area,1,2020,2024,1,industrial_waterfront,1.0,528.800143934137,1.0,0.7486545909912885,26.17921118804161,90.0,5.944434582950551,0.6083497407034246,26.974101745773368,360.0,0.9242814415767339,0.17870937662226044,0.939981464671657,1800.0,4500.0,220.0,42.0,0.6438740409697357,0.6010975696347559,0.7504256749348905,0.8750437583123039,0.9919650214465351,0.9477812952185645,1.0,0.7125422758057014,1.0,0.5681943806292036,146.91397751831659,0.43505573960558264,0.8234505253974597,0.6681507682931349,11.205893387542885,0.37227883239742,0.6567742977041384,2.394969214136493,43.57235149871448,2.2438184857428536,6.676295508715303,1.4313892660601484,1.51157672858582,0.9468835401037325,0.6701040763354051,0.8861320924314451,0.2616010702666019,0.12349854389814555,19720.73361261692,78.72889763200652,government_led,0.21813652238414624,0.07981441366923395,0.7219744831197044,0.8704389855527589,0.8850526662802841,0.8803636589293726
SHWB_206,Shanghai West Bund,Shanghai,Core,121.44511610848278,31.163000698076395,waterfront_core,1,2020,2024,1,industrial_waterfront,0.6167357608947049,504.89841033875433,1.0,0.9505736492999741,26.501609275269814,63.439881432590816,5.40845165621719,0.7435049504387357,26.400594704603893,360.0,0.8914683995929162,0.39210627903102313,1.0,1800.0,4500.0,220.0,42.0,0.9106280630304326,0.648323039922797,0.9533444600100713,1.0,1.0,1.0,1.0,0.761449450444404,0.9900034519598636,0.7129160595726833,180.0,0.6222495476657652,0.7161705681184418,0.6730158011742637,24.552166007652435,0.5165345440538671,0.7617645345575151,2.29379058277826,64.22793980052106,2.0669901198359595,11.748163976076507,0.05,1.6676511623582952,1.0973604111190165,0.5987480310436665,1.0,0.12109664887324915,0.16860591972920258,17244.135492912814,105.22039604542178,public_private_partnership,0.3716377673605305,0.41688399774570123,0.47799949222303284,1.0,0.6950647343799122,0.9676305949253206
SHWB_207,Shanghai West Bund,Shanghai,Control Fringe,121.43309009118099,31.171833519888995,cultural_core,0,2020,2024,1,industrial_waterfront,0.2537498106531029,568.7780764303407,0.747177413889839,0.593645670286623,28.84009423867948,43.71400314205973,9.348089588050957,0.6405208278899138,19.150051415539,360.0,0.6574687195057201,0.5829793586242696,0.8996428602351229,1800.0,4500.0,210.92353162836534,42.0,0.7324036701072084,0.7396842355692339,0.744552117922637,0.8692360267833665,0.7206260604327225,0.7813995474298088,0.6291050152382516,0.7052489298211365,0.5055932926378666,0.5826935978910288,180.0,0.4318097198456041,0.6093912168785843,0.3425418324250499,25.340901703426525,0.6962962008738077,0.638132043751772,3.1191636650774104,33.94086310811779,4.068527753732756,8.446858911343242,1.5966633831774513,1.9882408044965874,0.5737088875712155,1.3213801047572178,0.6490111285637371,0.11104433680813758,0.14502564162802709,17216.815721301627,117.92698108700321,government_led,0.5343849085990694,0.5129599538460388,0.291903850226712,0.622053172806972,0.6123449517986712,0.1763812383049279
SHWB_208,Shanghai West Bund,Shanghai,Core,121.45617214365748,31.17441448842413,cultural_core,1,2020,2024,1,industrial_waterfront,0.6961684114565955,538.2839635813808,0.9308741905687822,0.642127548686088,29.17613607883285,71.37422320269592,7.7734498962035286,0.5517059623481377,29.134151259719413,360.0,0.9324811211813682,0.4079855383401224,0.9254864611614401,1800.0,4500.0,220.0,42.0,0.9663902817675387,0.6087562851879551,0.8181226062698908,0.8401277705827171,0.935662979590184,0.8257442731181408,0.9299634469879349,0.7901790339084825,0.9013772057744888,0.6128383582108438,180.0,0.6183037993873703,0.7727675674250015,0.49075963685411084,24.334814048663894,0.6466197910305952,0.8755895978482345,2.760586698326988,57.614600503501194,5.020784899252856,10.97289888612323,1.063782366419675,0.8345045444359607,0.9899544705671902,1.462703327885345,0.6163036128217201,0.2397463232655139,0.20596023779641748,25349.975657836676,106.67769817842151,public_private_partnership,0.3620077956038639,0.3163242351676049,0.5056047314211001,0.6754197969072068,1.0,0.8168885708816768
SHWB_209,Shanghai West Bund,Shanghai,Control Fringe,121.4365724552503,31.189697372053864,waterfront_core,0,2020,2024,1,industrial_waterfront,0.32234557844035694,534.7595146608369,0.6753793060550226,0.513642512385024,27.166877963125398,41.610186768688806,9.310158384975395,0.5685321595238028,12.127071052839296,196.4318720700909,0.7161423058904071,0.17217981130793977,0.7206818478966754,1671.7612036437492,4052.9261747179103,100.06449366706525,42.0,0.607090133624671,0.583739459465951,0.686667688039815,0.8750402140536949,0.7317375229293408,0.6689822332820012,0.7093413188615161,0.5957779765056388,0.6774551418933343,0.426483319357428,176.80805927819492,0.3412511934477476,0.30538519464441466,0.3700618171768687,11.318364307081092,0.3744189298638726,0.3331088279997535,3.8579490576364126,32.97643633219196,4.943481450711742,7.626574847513201,0.7002825585222183,0.941901908025835,0.9398105256297273,1.9082607052425118,0.583864888875099,0.025886113132994805,0.037230016021114615,20993.404220261044,83.38986538671256,government_led,0.21719859552359796,0.16624175077201378,0.19657773055360805,0.5701093908134168,0.6247922374905548,0.260243679627244
SHWB_210,Shanghai West Bund,Shanghai,Control Fringe,121.45228801421304,31.195915165883584,industrial_reuse_area,0,2020,2024,1,industrial_waterfront,0.6859593326753831,392.2055486677232,0.8351207611406426,0.6292707419526032,27.204385268531684,43.28636067551813,5.470654752244824,0.5427532364503017,23.38041508499367,360.0,0.8379520067717494,0.26424994275851116,0.8795745734759586,1792.6937554623978,4177.726397081309,220.0,39.19323157157423,0.5664854215293209,0.6092909180528807,0.6377684630659731,0.9597213553855877,0.7087719664896285,0.7176207173925683,0.6948165984427968,0.5710464223014035,0.5411583141258154,0.6575195248406344,180.0,0.3778173354918652,0.7537681407520732,0.49568704256119167,14.276988024950315,0.4589576881328015,0.6651220206812215,1.5286193914939803,67.37908413738118,5.911997318813718,12.142248115611643,0.05,2.705781475105014,1.8,2.248857178711815,0.487056805937377,0.12340685543944717,0.39928388200239967,12128.697656260865,129.30161325384998,government_led,0.20254825003984384,0.5073185560551517,0.31547165268337807,0.3074530638660061,0.5786246437223361,0.1904129613929821
SHWB_211,Shanghai West Bund,Shanghai,Core,121.44304523646231,31.192956297378966,waterfront_core,1,2020,2024,1,industrial_waterfront,0.40120269561894867,615.4528160802063,1.0,0.650293256948038,27.341153308223344,73.78356585239888,10.310408415383593,0.9409654154274398,35.0,360.0,1.0,0.22255936781364688,0.9140001505194291,1800.0,4500.0,220.0,42.0,0.8165740471769423,0.8684701070837816,0.9719238354868165,0.6652300645984174,1.0,0.9055673026170874,0.7543429671638516,0.7958352700562094,1.0,0.6325833631801027,180.0,0.5035378238009324,0.8210849327288032,0.6959439430113585,21.53937258650091,0.39652480559978776,0.6647978465053375,4.34288128654729,34.87792673960338,2.568410816945721,4.364457485897326,1.753833701019149,0.8448514341325609,0.6928919360670491,1.1595811626601047,0.7233618214059213,0.08625091809070838,0.20321204234558782,22358.421379015985,155.0744638832759,government_led,0.17012884138496792,0.44001111448306895,0.5639685370362666,0.8356970327936245,0.7115727426079532,0.9418800876469968
SHWB_212,Shanghai West Bund,Shanghai,Core,121.44708325788066,31.190796848732326,industrial_reuse_area,1,2020,2024,1,industrial_waterfront,0.5719124662222645,483.75340750167476,0.7962236687855333,0.7077613546842121,27.275518804865396,78.99767746566597,7.510451905592027,0.8071659435984102,24.657800142174548,360.0,0.7272965921235758,0.2918873872645876,0.8597328421764108,1800.0,4500.0,220.0,42.0,0.8234404878078135,0.5979989954894965,0.7166223315714396,0.7209728009597762,0.923362941237036,0.7699391824862923,0.7470265531464751,0.5810531058104217,0.7059649557550969,0.7897719408705047,180.0,0.5410176150028733,0.844144319005607,0.45825122979244326,20.8804151521626,0.3970739820649548,0.58640026175632,2.9501803097169645,56.89780804220965,2.755292726511478,9.392098933480538,1.4656611821383574,0.821838440762149,1.0366767924271776,1.109150154058677,0.7695880448598492,0.1625595951242332,0.3233961041996105,22635.865623466194,95.87159154747697,public_private_partnership,0.28527867669725077,0.4429648671961913,0.6417017686600063,0.712443375403772,0.7137005296693594,0.6616580064230584
SHWB_213,Shanghai West Bund,Shanghai,Control Fringe,121.46475747940616,31.18486589368935,cultural_core,0,2020,2024,1,industrial_waterfront,0.6273851212707281,449.4525558755022,0.8204758519150845,0.6893203807300722,27.712013045815286,51.169361446107295,7.264137711363744,0.5417968306534006,22.914000361657195,360.0,0.8472007057877199,0.3633828364020632,0.7586596292696706,1800.0,4500.0,209.44817692881455,41.00496932187634,0.6321243999954715,0.5157879850823845,0.6217130545033827,0.9619790846058123,0.8750883102998889,0.8665568585560226,0.9506594231961755,0.6339714828794567,0.7421990350704363,0.4786670521384305,180.0,0.4168650029827658,0.6392646136938636,0.4766650380420535,21.650652329449507,0.4612763240577076,0.6693956229390159,2.4899570010756857,70.19928261668514,2.554838142789665,12.833226839913682,0.30722234007746435,1.3494850086935526,1.2523688607787584,0.7831366056572864,0.8174679864418662,0.17156133745901173,0.2746031828556573,14720.334383189345,171.44614547310977,public_private_partnership,0.37284334674927244,0.5633760562616408,0.3203457003868005,0.8838630736516472,0.3958986803029876,0.06439829908757387
SHWB_214,Shanghai West Bund,Shanghai,Core,121.46261233175966,31.189386759284446,waterfront_core,1,2020,2024,1,industrial_waterfront,0.5250627280061956,554.1808467889482,0.9727176087360341,0.7069090727286137,28.24172206314269,90.0,6.25019378081439,0.5505260694409291,35.0,360.0,1.0,0.3522070650160789,1.0,1800.0,4500.0,220.0,42.0,0.8735218157409577,0.6728810513000975,1.0,1.0,1.0,1.0,1.0,1.0,0.9481434735894759,0.8188426275409783,180.0,0.6130224657187558,1.0,0.6757680198875179,18.458873967894394,0.49120825379608357,0.8638547937603049,2.7640111267385894,68.45078388208645,4.415004946857903,11.061230812746077,0.05,1.5130402584900564,0.969394565981139,0.5501472354757734,0.7948692153989169,0.19217992770739234,0.22151688352652033,23321.855437713635,132.80116455869538,public_private_partnership,0.3315841920784242,0.3936305934411847,1.0,0.9568261916101823,0.5899075486994658,0.6209797884732915
SHWB_215,Shanghai West Bund,Shanghai,Core,121.44414827990235,31.1796855833747,industrial_reuse_area,1,2020,2024,1,industrial_waterfront,0.6663677584542078,569.8348625915928,0.8653408068132514,0.6027519125035119,27.309229706290093,88.12133540593186,7.245580083238725,0.7949143790265373,35.0,360.0,0.8226539552470918,0.49072512684120145,1.0,1800.0,4500.0,220.0,42.0,0.8253931026245606,0.49932441190810123,0.935661798716562,1.0,0.7968259411510419,0.884721683713838,0.8457145653186633,1.0,0.7328114432030912,0.7239107892107616,180.0,0.6897690966273784,0.8859274824128899,0.6149957637849054,25.478592577907605,0.6081490061936726,0.8167805370618503,1.4612994624239226,56.233391797197235,4.475671405669015,12.684119107916532,0.05,1.9244167814673037,0.9191879681523871,1.4996676391358548,0.6309652247526152,0.18451655285203783,0.4026138439869533,18379.105459778173,181.16033333032868,government_led,0.5075737495168998,0.481458911036549,0.6542740078210224,0.6363028477360034,0.9592043869137443,0.7853704991436647
SHWB_216,Shanghai West Bund,Shanghai,Core,121.45832038260191,31.183768711318127,waterfront_core,1,2020,2024,1,industrial_waterfront,0.8225972621571884,650.0,1.0,0.7875414107513077,26.47052058131712,90.0,8.905718798629612,0.7558741827508284,27.95070316011954,360.0,0.9835451006984304,0.49576940272996495,0.9282028310550037,1800.0,4500.0,220.0,42.0,0.8442450562089642,0.658617773812783,0.8925800813662227,0.9368331948555392,1.0,0.8321416287285801,1.0,0.8538886316187605,0.9851841549940002,0.7748607977543867,176.61453767605434,0.36845997606028913,0.9507793443256285,0.45868677070859687,27.0878900420152,0.6062202363380235,0.7733298740049717,3.004490993632854,38.972001218190115,1.8685153222294129,9.896244072051488,0.07054439685356702,1.4979467776896023,0.6637238629581039,0.05,0.9995279222644939,0.3596702131919666,0.1658039665583655,23305.47185271512,50.66974611316476,government_led,0.548263398363613,0.048179646435979794,0.897238567198398,1.0,0.9501182489769077,0.8358723309259468
SHWB_217,Shanghai West Bund,Shanghai,Core,121.43075512916074,31.178103774148482,residential_edge,1,2020,2024,1,industrial_waterfront,0.8012748064902817,580.1978903049694,0.9584549772054763,0.8389867847110094,24.904785356994324,73.97685092864256,7.363543624582352,0.7409759870125032,35.0,360.0,1.0,0.54988823570738,1.0,1800.0,4500.0,220.0,42.0,0.8621671359945393,0.5564042958289529,0.8362945881060534,1.0,1.0,0.9866917964555761,1.0,0.9463243024595318,0.8486402583342192,0.8194244231382027,180.0,0.38896342198357103,0.82445729646332,0.6365071186682182,22.080780229924812,0.5278335286387648,0.8374430014046438,2.647086552368237,73.92498186669519,1.8725984645263556,11.841299773663733,0.5203287007464268,1.9161886305333624,0.5389302893644874,0.05,1.0,0.5316596113972545,0.24951617531370068,21036.54348190206,60.91607396021942,public_private_partnership,0.48694683225019914,0.3263169231323477,0.5298427392829417,0.9609372229706556,0.8003753048938353,0.7632052240773228
SHWB_218,Shanghai West Bund,Shanghai,Control Fringe,121.44215984942538,31.18170061806734,waterfront_core,0,2020,2024,1,industrial_waterfront,0.7097748531850877,650.0,0.8895099242908775,0.5429299415312021,29.314561757372314,44.82999621176268,9.708035048863849,0.8989867901998899,27.76221567588192,319.2735108296627,0.8355996814393781,0.4497793792699576,0.9861190898474514,1800.0,4500.0,193.61096695760605,42.0,0.8642701373762118,0.7974382148746341,0.9135097358113922,0.703527198000656,0.9770761152768479,0.7652358888414703,0.8501632871657158,0.7900885288656262,0.5496961117996683,0.6176740142564536,180.0,0.2924238130655654,0.6659738854360553,0.6210612695412072,21.48710633525516,0.5778957589551857,0.7442874710613497,4.8,18.052272391650256,4.649868514781566,3.543752540968727,1.6355348126575255,0.3037527554577987,0.5208964694150048,2.2562963283827338,0.5577838637033807,0.30078344414615515,0.36372567288143687,36000.0,98.24853218458713,government_led,0.5030440165365294,0.4013467102524039,0.3346456492192656,0.6219646884060971,0.5359430381754879,0.09560289428159843
SHWB_219,Shanghai West Bund,Shanghai,Control Fringe,121.45826485617609,31.17040553282429,waterfront_core,0,2020,2024,1,industrial_waterfront,0.7818823720221777,467.2593476853151,0.6126461221144652,0.5137809995687217,31.9818487327032,38.71980251576744,8.089621826491214,0.5862069349443991,20.768879799658755,331.91099537985565,0.7182585529061849,0.3394994529436677,0.7407452333954594,1753.8190408734415,4377.094343898267,174.86266647635986,42.0,0.6743721099489826,0.5937714704868847,0.6165844549949127,0.883412503714148,0.5327571616344644,0.6935180489840345,0.644804512528147,0.6151895098300538,0.39096315383946595,0.4235111090678254,180.0,0.24778462913553223,0.5157362175728478,0.18764379305522866,17.602856040850796,0.43671987089989517,0.5540217244002074,2.9100688500285328,43.74034351053756,6.22123888218369,8.707651404953761,0.9469147211961014,1.2221197871512073,1.1607278137615173,2.547688627114634,0.46213870293722736,0.17913074332228587,0.3021121324934921,23917.61396919014,85.59390496373452,public_private_partnership,0.3407287027285156,0.393543496066292,0.3447527697774092,0.5304683205142703,0.764271706469678,0.2996691301743039
SHWB_220,Shanghai West Bund,Shanghai,Control Fringe,121.44575335241026,31.19609529739921,waterfront_core,0,2020,2024,1,industrial_waterfront,0.6026530143044522,239.96308261645322,0.6230985541771702,0.5043583624675104,30.79690003191141,24.238159680108023,4.208368577836712,0.2754864569542157,28.978025086611424,201.72715700830534,0.622586921570761,0.41206979215388717,0.666946938455883,1619.0424328363854,3631.85172308094,108.53715871127758,33.49646366824594,0.4889585357117115,0.5120514192918649,0.5184603376097244,0.6592076983077447,0.7299174967849538,0.5635314664468681,0.6500158268033561,0.6126243368796493,0.43819167666663095,0.33121783083485734,63.01784767077074,0.16965587727305725,0.44651346510531836,0.28259949151787994,20.382301940940376,0.5707448943454806,0.4181307317463672,1.0661201257291872,95.0,4.23838440886715,16.274089600290658,2.2263773248774816,2.76167870948875,1.8,2.083321794604214,0.5420812904895176,0.27048526139083623,0.1946708386877256,12058.884510366639,41.747078510527935,public_private_partnership,0.49450919106989494,0.1384906812275521,0.20709464062791288,0.5972383521242227,0.3955291194101499,0.10977373666037232
SHWB_221,Shanghai West Bund,Shanghai,Core,121.46010509622825,31.180521421164453,industrial_reuse_area,1,2020,2024,1,industrial_waterfront,0.7231068241430556,650.0,0.7504571905478136,0.6470959692707212,27.988869805360817,69.10252090606761,7.554527573411097,0.6647260625595253,28.707981150558602,360.0,0.877891795218213,0.43867969498941406,0.8697860891962966,1800.0,4500.0,220.0,42.0,0.9194032720523853,0.6760072998146777,0.9086621339292935,0.9467869051759593,0.8980076960636192,0.6915658025428761,0.9346136854217504,0.6543339448990324,0.5284161118096121,0.8036622202195386,180.0,0.5237029313820396,0.7085788135428048,0.7078888791775475,18.657445593980846,0.5836449795075445,0.620661174211439,3.5924115478625938,28.433551604881973,5.4618618051180725,6.047043135850278,0.2711787382723102,0.9596058355681397,0.3413274575295962,2.298878071295171,0.5785954714823194,0.2974800540329764,0.33318545219546813,25176.713126798393,179.09648428109963,government_led,0.37987723053211037,0.5916246707336549,0.4317858976974596,0.697164587548483,0.88434053979041,0.7811896599451356
SHWB_222,Shanghai West Bund,Shanghai,Core,121.45174255617881,31.166608830829244,cultural_core,1,2020,2024,1,industrial_waterfront,0.7852038255112862,583.7402674048085,0.8744925991558308,0.7017357927537411,26.128206185246558,90.0,8.830300593728994,0.6928504492775669,30.436915279143722,360.0,0.9217332122784859,0.3601065647167156,0.9557871576328146,1800.0,4500.0,220.0,42.0,0.7986460349367153,0.6493582784295208,0.8489424933071189,0.9403960852654046,1.0,0.7636079748210696,0.9653613387701396,0.703789119273639,0.7352980975442794,0.775324113211144,180.0,0.4294747693664275,0.9132101432878132,0.4524817281791464,13.801723170607215,0.611193335478611,0.6932475106816736,3.7223898318586395,46.130415715826935,2.5076027952361253,8.608066938469394,0.6465817918548222,1.1662259257577081,0.6413068416622505,0.5987587772714866,0.8498157766431275,0.24869945962475762,0.3330620299320238,18958.121444207733,88.65277437012242,public_private_partnership,0.3552284733612879,0.44975520856318973,0.8188743595364778,0.7424993937363776,0.6110304956353749,0.8475474280611162
SHWB_223,Shanghai West Bund,Shanghai,Core,121.46632658539585,31.19683061592174,waterfront_core,1,2020,2024,1,industrial_waterfront,1.0,505.6626130337651,1.0,0.7282195597492516,25.317198816379268,90.0,5.856386455382589,0.6852299213123922,29.949453399108283,360.0,0.9826450714744629,0.40332839770677514,1.0,1800.0,4500.0,220.0,42.0,0.7577181526085853,0.56499944167123,0.6560301892643954,1.0,1.0,0.882249410844358,1.0,0.9173410755053223,1.0,0.8051346735944186,180.0,0.6323794634645915,1.0,0.4512175375854787,18.424950358612808,0.5373916102887186,0.7965654794320242,1.759897442783613,81.1665192337294,1.5,12.708286418557075,0.1473721255082229,1.7090667813123452,1.1395143147032931,1.3955952119952826,0.8963050715397207,0.35728738504981766,0.5635128590859241,12035.50057174201,109.00130665002577,government_led,0.276502457798618,0.49189136173756504,0.6529803007782233,0.9157572051927519,0.6964363589107108,0.7916551384366228
SHWB_224,Shanghai West Bund,Shanghai,Core,121.46709531937407,31.17229537300106,waterfront_core,1,2020,2024,1,industrial_waterfront,0.914476556081721,650.0,0.85726521033663,0.5854283052814724,29.93220235699497,62.85821936134971,11.123571785134907,0.8417251034886907,35.0,360.0,0.9300971506682243,0.41717312472639323,0.7339080643214164,1800.0,4500.0,220.0,42.0,0.8945915411354424,0.937096908283289,0.9969048470042791,1.0,1.0,0.8749369783920186,0.8941970191562775,0.9448202332317959,0.7375703996573967,0.7217364262714157,180.0,0.699019776180577,0.6876417456072403,0.6252071527504158,17.07749682178895,0.549081408308848,0.7550888406622147,3.5088924601059652,29.003024777803596,4.48289723745199,5.11940805703634,1.0702358116825896,1.1442265267737703,0.5204391813500512,2.6275715758460083,0.4972772104202594,0.31735784675511325,0.5092241899947749,28101.604602202493,189.329216581473,government_led,0.6253210622295509,0.5100543725270342,0.4075464132995578,0.5793532117217123,0.6932126271883023,0.6322750359437934
SHWB_225,Shanghai West Bund,Shanghai,Core,121.44131692011425,31.17923861905026,cultural_core,1,2020,2024,1,industrial_waterfront,0.40723863708348035,552.6426987171478,0.9305062739735632,0.5513788479351883,29.429922809287515,58.72729577759128,7.134495118864404,0.6751375058188142,18.247627519743293,279.9189617926703,0.8238408870397138,0.6233494503675664,0.9345378917066445,1800.0,3983.1732326942865,144.82301734193547,41.929497866789056,0.7383742562537114,0.6370188922447632,0.8978763318502222,0.8478310681546003,0.9408645898034097,0.8857912404533667,0.8233454901156131,0.8526172521683958,0.6225412162731525,0.5623909464314107,151.0529462502613,0.5839848156925168,0.5742357026420835,0.4996121379376051,26.73793984526144,0.661158204987556,0.6965154222035101,2.7709375626367843,46.982205162610974,5.600283620898295,11.846255090095697,0.23740624555401252,2.9393031203617963,1.2597574767866513,1.9569051516636922,0.5210746598815413,0.24752400606815056,0.04220767848475872,15652.605028671598,142.42942959114208,public_private_partnership,0.5789380065621518,0.25743069464258983,0.3168940217861609,0.7192574844891235,0.7546516273829957,0.636086184764725
SHWB_226,Shanghai West Bund,Shanghai,Core,121.4469887726522,31.198926425126302,waterfront_core,1,2020,2024,1,industrial_waterfront,1.0,563.4201813650566,1.0,0.8829156476404572,26.151653827660727,89.30416712679985,9.716917720165686,0.6842723367286847,27.990745843613244,360.0,1.0,0.446429411270407,1.0,1800.0,4500.0,220.0,42.0,0.8550104154151433,0.6269483111900204,0.9420836138472951,1.0,1.0,1.0,1.0,0.7742015838576269,0.7974985455664579,0.7529310256960534,180.0,0.6834251030416979,0.8313397653112892,0.4286172751234786,20.24985404218474,0.6329830621927764,0.891704896363834,3.1635286434519285,47.47435334785961,1.5,8.178798325082923,0.11318639913972027,1.3136296751273255,0.7981942555413212,0.7581918106047639,0.9174589808350896,0.4448221833098262,0.2279851798607857,26526.93144923217,38.74408290503856,government_led,0.47342883393032376,0.19505018040873476,0.5468300457120223,0.8037897187623078,0.960022660255823,0.8463663026235326
SHWB_227,Shanghai West Bund,Shanghai,Control Fringe,121.46607979428234,31.18493550238873,residential_edge,0,2020,2024,1,industrial_waterfront,0.1655079403136522,519.1686365978723,0.5284638649574824,0.5612218011184256,32.332890595064015,37.40277756011338,6.775624750516384,0.7269879556716081,17.648448724121828,338.6880071183018,0.7757568681176638,0.32797842391621274,0.8272873273339554,1498.8796258695488,3845.2379756888918,218.51215263890217,41.64615277390381,0.7304457281125589,0.5610412324573197,0.725600700984576,0.6546617290071066,0.7212848612694621,0.7117210150314687,0.6899051110791679,0.5923758713347576,0.614230442763121,0.6983542478174295,180.0,0.44498289867395335,0.5989751115978769,0.481607587110916,23.271786992867572,0.4690006572659404,0.6617798088814016,3.0117887730113733,59.73614748433424,5.072854215177744,8.345214915002583,1.8074343695891717,1.3019469259166008,1.0949507684306452,1.9645514070774819,0.5209676348797595,0.17369871424733746,0.17402976805685427,22345.566581665527,177.58928759903242,government_led,0.32600269996006187,0.6327633959704755,0.18647803161383014,0.5567360062222182,0.5890544613127197,0.6217751728105739
SHWB_228,Shanghai West Bund,Shanghai,Core,121.46201935696816,31.183116959051034,industrial_reuse_area,1,2020,2024,1,industrial_waterfront,0.8949081002307934,520.4826715233665,1.0,0.8837344136219334,25.251504573739744,90.0,5.377517086598577,0.505254638112925,35.0,360.0,1.0,0.4079361366311298,1.0,1800.0,4500.0,220.0,42.0,0.8408753109093574,0.6637217174890739,0.7025840879757468,0.862988548582971,1.0,0.9827012117046044,1.0,0.8611090820871978,0.9561367170563291,0.8480024399418897,180.0,0.6708974262745759,0.8404381482313683,0.6063862653136858,23.32814877680843,0.5268179474369659,0.8806197923737265,2.076399838552949,71.25540173005146,1.5,12.441548134187457,1.1325250784153074,2.0950743124168514,1.3370592426691776,0.058923572717311926,1.0,0.35818530383613234,0.3066887586957534,12353.784030412786,92.98525489557387,public_private_partnership,0.517925894250449,0.3690424691779841,0.7201728950177084,1.0,0.4880196237988208,0.8232151471491894
SHWB_229,Shanghai West Bund,Shanghai,Core,121.43399759653879,31.188211137394735,industrial_reuse_area,1,2020,2024,1,industrial_waterfront,0.9156690642642051,489.17549957246484,0.9729162212636883,0.6667791118050149,28.00801111437304,86.45709111194333,7.828217006686625,0.6791328497208211,30.678083433526748,360.0,0.9671665619021778,0.451238369553865,0.9878115741475159,1800.0,4500.0,220.0,42.0,0.7692862605395688,0.662580272971007,0.7544272674914023,0.9088168878368182,0.9816527095552684,0.9127193800286759,1.0,0.9113178514171512,0.8254744929505713,0.650431343706694,180.0,0.4964023828403807,0.7638033623160394,0.5296858298209725,19.458687413813816,0.5567995393008874,0.7937651293265476,2.567262039726001,60.8928351901145,3.1903449185492816,8.000670294904513,0.8409780488617008,1.750293539349661,0.8200560218596312,1.2903825863877336,0.7729587938955449,0.3925331246442377,0.2988392544705403,21672.91813135842,94.38349377595978,public_private_partnership,0.36650179743891464,0.3168368808558735,0.6569425847132266,0.7373660073291953,0.9297814510641592,0.6988529776547938
SHWB_230,Shanghai West Bund,Shanghai,Control Fringe,121.45657226296568,31.19944170775484,cultural_core,0,2020,2024,1,industrial_waterfront,0.4042535300864907,565.828749758301,0.7705148503874245,0.6445727949055502,26.8625245933832,79.83669672040588,8.083133155025422,0.5882677915961574,18.242811478921716,360.0,0.7043464890145125,0.3077988912474393,0.8019357638963431,1800.0,4500.0,220.0,42.0,0.8174972255228458,0.6137145758817126,0.6853377421412419,1.0,0.8555098020757865,0.7432379791531742,0.7812138715192376,0.7314277260665752,0.5971752784831944,0.7750123241179764,180.0,0.4349117377466933,0.8344155828417021,0.4690670862454945,14.468599252379256,0.4292349797629828,0.697928442395228,3.733412998057176,56.99886818495649,5.7082633310857025,8.114762096979115,0.05,1.1335951072596557,0.9102594497448251,3.244821563028694,0.4209613060529682,0.13856909091136788,0.31099803727282405,16367.63375153199,209.03248600533774,public_private_partnership,0.2966742327804297,0.5879979049768291,0.7229383653657012,0.3129888668035604,0.7093118085866891,0.059055544442121743
SHWB_231,Shanghai West Bund,Shanghai,Core,121.4538507185042,31.16811837535963,residential_edge,1,2020,2024,1,industrial_waterfront,0.8615592189007222,650.0,0.967236967572925,0.6626626651164724,27.09061882606549,79.82809001432177,10.59034180183432,0.6918934468418145,35.0,318.0084871347745,0.9658668992132621,0.3778679450465976,1.0,1800.0,4500.0,199.30925908969687,42.0,0.8981215040202449,0.7604792551882528,0.8534713577338833,0.8967410531627342,1.0,0.9498866267287641,1.0,0.8136733581892438,0.859536174457525,0.6917488615810301,180.0,0.5159993390389845,0.7581496567058275,0.5216842112297799,29.96229199832329,0.5408478307289936,0.7842053258544764,4.7434903644410165,18.098105864778564,1.8426180517531245,2.04729590199278,0.8532007044434792,0.26383441146441267,0.5256672184366938,0.9918316872100588,0.9005284621263939,0.2916821783677626,0.18230878725729882,35941.91938230525,41.637365302679804,government_led,0.5054784989973824,0.26144039125828905,0.37771099576138434,0.8630897756226196,0.9225413118905855,0.613674664223959
SHWB_232,Shanghai West Bund,Shanghai,Control Fringe,121.46087003253444,31.193498283615064,cultural_core,0,2020,2024,1,industrial_waterfront,0.7885345191089898,505.55709329847866,0.7563317472553489,0.5648557408746346,29.06082989767009,81.52759056598121,7.062442379730855,0.7131783902966693,19.12374430644733,360.0,0.8070832202328877,0.3167077906972936,0.7936401061718171,1800.0,4500.0,220.0,42.0,0.7216248712569399,0.6625658414186999,0.749932767350822,0.528965709863676,0.909896097955742,0.7006312001847371,0.8327049667544734,0.6185937244217528,0.7097201269056159,0.6065802028815422,180.0,0.40715608308580964,0.6008732124298364,0.3966838502434221,13.733413609653274,0.34598436089416734,0.5322034938691893,3.151386546239115,55.996725309534945,2.785875607208325,6.208852063406573,2.344126560055671,2.0379227727417475,1.0823223685314158,0.6034744607375284,0.8281498958064883,0.3027668600500413,0.3120264605300997,18797.958140629227,117.16679079946043,government_led,0.2539194428062581,0.5021817639746724,0.6112832347288905,0.8499590745412573,0.6011899584555978,0.18077635858113106
SHWB_233,Shanghai West Bund,Shanghai,Control Fringe,121.46484200008494,31.18580651317817,waterfront_core,0,2020,2024,1,industrial_waterfront,0.4380497985438001,421.96898821464225,0.7337387000129475,0.559474540667286,28.078915746961012,48.110615468427476,6.734201437057237,0.6389694996104244,14.612094929850239,360.0,0.8486445219536879,0.4341532209038687,0.8406685252897451,1800.0,4500.0,220.0,42.0,0.7189920017893627,0.58777623210678,0.6695261781712555,0.6820332798870182,0.8096533456617274,0.8007819760587966,0.8527663085348456,0.7097840016587977,0.730761168649656,0.7592186240461621,180.0,0.40897900549560134,0.6497086987360144,0.4944567775067613,20.833807370322447,0.5573402314333937,0.5878300481048684,2.84645558252155,54.98320733820178,5.086726246502507,7.058528550082017,2.2960038913683314,1.7596804874088672,0.9400547412693199,1.9268183125912854,0.6509729085763983,0.19318565169516533,0.2345318197856086,20666.066625613596,196.205704542278,public_private_partnership,0.47914479068608284,0.6638560290335027,0.34971350005321855,0.6021049950389274,0.6926286858007561,0.4968570911628076
SHWB_234,Shanghai West Bund,Shanghai,Control Fringe,121.45865645924039,31.17698451373233,cultural_core,0,2020,2024,1,industrial_waterfront,0.2624782606093734,438.99423246190406,0.6241153185692867,0.5346240289068783,30.97791933962082,53.033649814801905,6.399663531001407,0.38969247682212227,12.943083817309356,351.29211318418527,0.7528084713559765,0.47575872143649794,0.6726695902775922,1800.0,3973.4393919768227,220.0,38.61952587919574,0.7260721147825923,0.5425769963871656,0.607101485225885,0.797965374044088,0.5886552482807988,0.5992875013245459,0.6962104334663451,0.6993761823654232,0.46733496065610086,0.6791052316430113,180.0,0.39918154018054064,0.6307697258257245,0.30980441857296365,22.884029854116303,0.47841728432711983,0.4589284964322816,2.92422902050202,72.7894042180106,5.949316044561987,7.445055561612539,1.1170562422314627,1.379994336124968,0.8821199188098465,2.9633012929094473,0.40266010153775444,0.21939983283250697,0.1955748653055157,17455.799693378045,194.97496341622366,public_private_partnership,0.5057745174642797,0.5297948283856762,0.4552817080742462,0.2640295041474562,0.8303259728804981,0.20326678946987434
SHWB_235,Shanghai West Bund,Shanghai,Core,121.43916746716204,31.17277813262044,waterfront_core,1,2020,2024,1,industrial_waterfront,0.8665192285124231,591.4702406413708,0.9469518163701353,0.7462086013203642,26.129870749535765,90.0,9.77752587809748,0.7668810842375396,29.333491403087454,360.0,0.8167380057230685,0.1142972956754519,0.9643956321066188,1800.0,4500.0,220.0,42.0,0.7151200938666562,0.7985362670401845,0.8817781248491495,0.9237059338833249,1.0,0.8800852164036647,0.9707569457710344,0.7187321465664643,0.9178705264416759,0.9208060255831759,180.0,0.4386351180853501,0.8479990416245682,0.47847906910658455,9.536077394510325,0.41235936037942683,0.6384660590459813,3.491802801799241,44.35503917890314,3.0127344279816475,6.845519634124051,0.6366614747027023,0.8027760320342862,0.25123565639404777,0.44023100459472136,0.8255040894269381,0.054386091237719016,0.23394741822421494,28883.82472035922,98.81867586539276,public_private_partnership,0.010326870050981929,0.2908728647805594,0.8148002316524505,0.7475443659452361,0.6316273686656636,0.9659580966664318
SHWB_236,Shanghai West Bund,Shanghai,Core,121.43423041546838,31.19130983000958,industrial_reuse_area,1,2020,2024,1,industrial_waterfront,1.0,351.70128987988164,0.9215227315462861,0.6897257226782209,28.30450538609125,67.12133767710469,4.612662666811991,0.48183816032475557,30.84590010462572,360.0,0.97826874245179,0.6477608263994943,1.0,1800.0,4500.0,220.0,42.0,0.6938074733975863,0.5023051104401404,0.6543963125312332,0.8863762608403184,1.0,0.9085330511353203,1.0,0.9798508116892095,0.8963340906321582,0.7658493406176052,180.0,0.5964095592540128,0.7485774931394984,0.5589254043185341,37.678895191962646,0.6133831158694736,0.966959022995286,1.7311071749729503,67.49854500299881,1.8692973763189507,14.962871201535512,0.38064274870467124,2.242374207114155,1.2538195939016854,1.2540710403784856,0.8132447929016539,0.6263460386552795,0.43239663578934495,13030.845122816881,129.97905514877678,government_led,0.5668479039908917,0.4228546458901233,0.36880934320109404,0.9409202173320939,0.7586014194950845,0.6335974283541053
SHWB_237,Shanghai West Bund,Shanghai,Core,121.46143173960985,31.173156467803008,industrial_reuse_area,1,2020,2024,1,industrial_waterfront,0.7971890196650211,389.502265116451,0.986284204358725,0.7584595778726821,28.00550216395653,68.09476609425546,5.709328153494272,0.5863369516804363,31.11850130638853,356.68887118747944,1.0,0.3947358579645546,1.0,1800.0,4500.0,212.956961350194,42.0,0.6870121355182269,0.45948226825558014,0.8414359481573883,0.8198347943225339,1.0,0.8957747584352667,1.0,0.8824854759206424,1.0,0.7468262751656181,151.48254596673334,0.4915087994481268,0.7968226174577646,0.5183515807451354,16.670058551013533,0.5382943243384459,0.8109705141741209,1.882678985167852,73.60406520099363,4.36326543573382,12.420891934270946,1.1008486607215402,2.2543288776357717,1.5771231282017804,0.3499853301420764,0.840757439551,0.385288555939918,0.31582261327372796,13038.85543497427,104.08137894223397,public_private_partnership,0.5232437312616012,0.37404803270494913,0.31447341164490517,0.790479099678812,0.6272434755590836,0.6216156542334257
SHWB_238,Shanghai West Bund,Shanghai,Core,121.46545580211952,31.18703295254174,residential_edge,1,2020,2024,1,industrial_waterfront,0.6574163410605705,343.34990666711747,1.0,0.747645069672726,25.64181751843721,71.71192095417027,3.3977389254488033,0.48714391677935576,27.22011829235381,360.0,0.9013993729584736,0.405542986022328,1.0,1800.0,4500.0,220.0,42.0,0.7851867670113674,0.6925602881145458,0.8511409971468905,1.0,0.990823239417497,0.8732111763756902,1.0,0.8698304153171177,0.9931248578707516,0.8088105490383902,155.02764839468415,0.5230267737289367,0.8024880856905997,0.4830500283801922,25.13294512865766,0.5958078644723436,0.7393982077996042,1.659784810629396,70.29511598360264,2.4128860347288597,15.18436009364254,0.05,2.067839742933545,1.4294934604105864,0.5235205330806199,0.870068140168871,0.2884692387201865,0.15703470854415735,9298.421073796562,102.67951640258049,government_led,0.3870194707661012,0.39084273449022755,0.4403603200426269,0.7904109944920649,0.8605232231538387,0.8409439366440943
SHWB_239,Shanghai West Bund,Shanghai,Core,121.4327729141171,31.18945596339352,cultural_core,1,2020,2024,1,industrial_waterfront,0.45637417626103866,650.0,1.0,0.7978377152336842,27.69121783043041,78.29758567921664,6.9468189479855065,0.7351772932294179,35.0,360.0,1.0,0.5136554297990678,1.0,1800.0,4500.0,220.0,42.0,0.8487308427833626,0.6413342050902352,0.8449090073076839,0.9307827072334672,0.9700611884171128,0.9389112416623647,0.974961158255907,0.9698171479877402,0.7621446158504912,0.6677251098191781,180.0,0.4391801524643043,0.9039451509172808,0.6371208896182644,26.665651669837253,0.5964174781826768,0.9297105607662491,3.576627618949505,49.50228406468774,4.2740615766533,11.713123284406699,1.0904029978301086,1.9520577969042332,0.8126141404886048,1.9135073861948622,0.6060601470408548,0.24426491667146755,0.12125999213448095,18073.1854522969,115.71228159825544,government_led,0.4415395382146976,0.40986677207712785,0.6768481297267386,0.703051495574242,0.8716784249520126,1.0
SHWB_240,Shanghai West Bund,Shanghai,Control Fringe,121.42884725802959,31.190419985048045,residential_edge,0,2020,2024,1,industrial_waterfront,0.7729031449628075,323.84707457833,0.835478977734235,0.5431924313021974,30.235282026582833,56.79510338106128,6.203368768152339,0.4521351989776735,25.771571700576487,356.8498946890319,0.7957872409890119,0.3330678526399389,0.703251216734612,1468.6463681613377,4500.0,201.9990954853562,42.0,0.7327896794377164,0.45734999913575314,0.7459682901769753,1.0,0.7789564899270314,0.7505197521401498,0.7694237808793764,0.6598775039409135,0.6082961106161443,0.562768192132714,171.42766132548826,0.36043711823005287,0.5192193787950122,0.44910815594070097,14.050002574131495,0.46595136059098585,0.5457358976307191,2.803460282943197,74.00005903562241,6.56411613814009,10.765429737837843,0.18893509249535362,2.0968238704980067,1.4812180865164002,2.80220089802097,0.36158071872446695,0.36376433586089324,0.23506275412365135,17500.014850020452,100.97562978017883,government_led,0.14241192805395325,0.338285130604657,0.3643575320450904,0.33250130825680224,0.6232730508260419,0.223970488544744
SHWB_241,Shanghai West Bund,Shanghai,Core,121.4552327639197,31.171734326963023,waterfront_core,1,2020,2024,1,industrial_waterfront,0.8161783007452483,650.0,0.9790281705730739,0.717638948387897,26.375129403171847,71.95038239837356,7.238929216442067,0.8690820598906346,35.0,360.0,1.0,0.3467635519248758,1.0,1800.0,4500.0,220.0,42.0,0.9529793760124752,0.7950202936821427,0.978983188355981,1.0,1.0,0.8781253905979836,1.0,0.8797239746755958,0.964559555958829,0.8900239832779997,180.0,0.5592935979084315,0.8587642461978224,0.7014436298598646,17.085345613282232,0.4268047986406492,0.8149809703002867,2.9380262847573926,41.444457754781396,3.579512544907175,5.745187878107163,0.5580539287489905,0.683304706717422,0.3580243905335904,1.3512282088452674,0.6900584923318107,0.3547774293794927,0.6104613127286991,32916.57191685897,161.1085174804436,public_private_partnership,0.4172492347577291,0.6119030299828784,0.46671971527432043,0.6377676817909541,0.9330839283055722,0.7968924465026375
SHWB_242,Shanghai West Bund,Shanghai,Core,121.44681623679317,31.169763010447788,waterfront_core,1,2020,2024,1,industrial_waterfront,0.7649255264691353,535.029446455678,1.0,0.6505800100400558,28.626469934672187,69.0491737956836,5.270226286370039,0.6809463187556635,23.868022336511906,360.0,0.7943082963245242,0.32417369205279783,0.9608451160823208,1800.0,4500.0,220.0,42.0,0.8172331851764776,0.5380671605771286,0.6640973512691319,0.9064748036853456,1.0,0.8921641905292128,0.8490510891222022,0.7230361955532365,0.684426492531582,0.5924902381939559,180.0,0.6929637041784565,0.7076064538869219,0.5433229222303164,14.279922620786394,0.5002675047348837,0.686886027814873,2.391087675047996,56.02339362101542,5.392316371516435,15.152036765585848,0.22008596743542364,1.8085640955826667,0.7056228421225995,2.1862723578355974,0.5276459331678639,0.27168253305408063,0.3952164502837224,10839.353303304404,129.93923170317703,government_led,0.2628807673042502,0.5326258139242516,0.4308545589339116,0.7073840572420855,0.808189932782849,0.6399194184895929
SHWB_243,Shanghai West Bund,Shanghai,Control Fringe,121.43534569805635,31.176242660204693,waterfront_core,0,2020,2024,1,industrial_waterfront,0.7170592984136178,339.6440504473131,0.7509449423290514,0.6555343553722267,28.03690765913164,63.535949190137416,3.853323645557393,0.49789245523027104,16.734124975276053,360.0,0.9055577112416003,0.4213174451150658,0.9902877192863507,1800.0,4500.0,219.2629328632779,34.24625352578394,0.6489884740861377,0.46488970398037305,0.7427792147652333,0.7895003510835708,0.6964237005085583,0.7191420737284909,0.8100178330021893,0.6524526113014273,0.6231177165378298,0.5092652671234039,174.1361784791795,0.3934468623687457,0.653813072672079,0.43426901751591407,21.917866055188764,0.49961841411506686,0.6750814580523828,0.8273599387816384,88.12411853260842,4.072205446428534,16.742858769940515,2.0969516225382843,2.5149652063429055,1.773324684853438,0.9283409874427191,0.7574878833242664,0.33632521910328955,0.36599052642970015,6238.028120544894,97.79837668490259,public_private_partnership,0.35544007808587236,0.48089921117395074,0.4198186234951129,0.7311510875680904,0.4849022355603768,0.11802449932240838
SHWB_244,Shanghai West Bund,Shanghai,Control Fringe,121.477680871468,31.177554728583484,residential_edge,0,2020,2024,1,industrial_waterfront,0.892868351950638,505.9804943435634,0.690379689391803,0.41415689450009713,29.856111643504892,40.94568143198194,6.7658752957794235,0.5262798272962543,26.997916189279664,295.4916273092305,0.7264036019641009,0.3250818170607107,0.5044700141975538,1406.3965970240936,3497.4478507164213,156.85281404627125,39.84994717315676,0.5757073767233668,0.4435549729366748,0.6169618738332301,0.8805139201685308,0.7983293488723155,0.6333139120815059,0.622817258204542,0.6792989743356876,0.6204618272332739,0.3381569665840538,146.78488824924653,0.534115857981612,0.5029202712693529,0.3417516274804167,20.62718326897545,0.5286152414738254,0.6519339994512082,3.0592278901188923,71.87943219054198,7.174519968301029,10.278468468586285,0.8410281251263986,2.0020889130440658,1.0650034247168747,3.8202592664278203,0.31811396445726364,0.24342132437096695,0.2797836756296734,16593.852313432537,75.68047119888986,public_private_partnership,0.2545994585320501,0.3175577921000201,0.22258134874899388,0.3450214392011397,0.689552614089973,0.05101513856362076
SHWB_245,Shanghai West Bund,Shanghai,Core,121.44154061138708,31.17960195603852,residential_edge,1,2020,2024,1,industrial_waterfront,0.6665034714028273,577.107413579575,1.0,0.8236036066162354,25.759474733464046,75.59604523551364,9.329775601670843,0.7633710328301964,26.734067385199918,360.0,0.9328715658424089,0.48591232104390275,1.0,1800.0,4500.0,220.0,42.0,0.9230400967705358,0.6374888723132803,0.881456791301742,0.9513077540971979,1.0,1.0,1.0,0.8070277291454135,1.0,0.7583591768092703,180.0,0.6174032388322632,0.9391802459164497,0.8084130770842035,17.277700635027998,0.6441731693106096,0.7406074295586593,2.355413001353234,39.00978553527283,2.0668850754757138,8.355077739136593,0.5103162103444873,1.3339386854308095,0.7658372379786601,1.4138221306843468,0.9661390012290468,0.2551168738931806,0.47004449922369146,25576.274312421127,180.47622526306617,public_private_partnership,0.5260965741774236,0.5842156629016608,0.4756191911132312,0.9529253086937808,0.7856493146511684,0.5979539754880404
SHWB_246,Shanghai West Bund,Shanghai,Core,121.44513442887408,31.190374159743996,residential_edge,1,2020,2024,1,industrial_waterfront,0.3934755072476209,589.3116178714636,0.870763608662917,0.5937367965741382,29.86891903917467,88.11777709273609,8.771244726307927,0.6487854234031692,29.153871685811254,360.0,0.9037069037848369,0.3997265544656011,0.737039366726065,1800.0,4500.0,220.0,42.0,0.8877315218033179,0.6990118063274027,0.769247470191471,1.0,0.6993983677580744,0.7369423685176646,0.8153740733766952,0.8627209715496892,0.7846830009270751,0.7425416913071626,180.0,0.4945879623796414,0.967848217269828,0.5449431628414463,19.08581779093125,0.5498117190376377,0.9164983694583241,3.641626188513917,50.2531743043308,6.265559722105634,7.632221143212723,0.18122182026237227,0.30611363774438294,0.5423441999631622,2.6721216534261214,0.3105665709706806,0.09657126888149532,0.14877327288352202,26285.556276279076,103.22401810631877,public_private_partnership,0.3407339627853128,0.5169695674990722,0.64967379750358,0.2802762763717586,0.8623588777415084,0.6785586795371583
SHWB_247,Shanghai West Bund,Shanghai,Core,121.44720229929503,31.201208343723284,cultural_core,1,2020,2024,1,industrial_waterfront,0.5855277416267453,650.0,1.0,0.9539987432586554,26.49741452562238,87.53986966566822,12.0,0.8115464653378096,27.886672455187856,338.9937579811834,0.9467186248594959,0.7067028083018567,1.0,1800.0,4500.0,219.79763592144306,42.0,0.9594103883031679,0.8202406848573713,0.9603023537834444,1.0,1.0,0.9608084384460145,1.0,0.9986464819715318,1.0,0.6070318558286475,180.0,0.5494753090576214,0.9114207339806272,0.495423240041656,33.11719686694294,0.6554862644289237,0.8769483596548292,4.8,20.958773524392132,2.743881509940837,1.5474397208152362,0.17553027213134298,0.2856033881963639,0.16503512244022212,1.0194094641529916,0.9954588527709463,0.3384555350245608,0.002696723741686809,36000.0,36.7893565759809,public_private_partnership,0.7208589036525896,0.028271311471990045,0.6939676428832091,1.0,0.8091223627702049,0.8327885321613102
SHWB_248,Shanghai West Bund,Shanghai,Core,121.4794253999762,31.19245725886449,cultural_core,1,2020,2024,1,industrial_waterfront,1.0,558.5195650303745,0.8183656836814931,0.6577817778009786,28.699243172908915,90.0,7.7149958201655675,0.7890243329675908,17.395347368518493,360.0,0.7860965404881797,0.43238842110291853,0.7778746563459434,1800.0,4500.0,220.0,42.0,0.788148371142845,0.8019620986966152,0.8100351756203726,0.8707294774358555,0.787235632999014,0.7087379384480813,0.9826903289061898,0.9380436611482998,0.6025181560955513,0.7796743039504334,180.0,0.3300565357028946,1.0,0.4773907113749846,16.825032434894073,0.5619839573538976,0.7713896613847909,3.83285888504804,36.491996382482725,6.041071815155801,5.615157127204678,0.3994430941248161,1.2383662510334479,0.3023929223445427,3.203331358003318,0.4211162731211062,0.41096500362968486,0.3479268755200253,31086.821214713535,138.73735937033604,public_private_partnership,0.5615788753978594,0.39944339200645146,0.9548036382795013,0.3626449977636325,0.9263671732791384,0.7356820325484008
SHWB_249,Shanghai West Bund,Shanghai,Core,121.44956377738468,31.1891479974588,cultural_core,1,2020,2024,1,industrial_waterfront,1.0,650.0,0.6964666016575277,0.5070646545347164,30.593580857067646,89.98247158085391,9.585804970717685,0.879751501486979,35.0,360.0,0.9646545572040641,0.23750890452255236,0.7666382105404173,1800.0,4500.0,220.0,42.0,0.8671207167770864,0.8375575002337482,0.9459986287751536,0.9793657314455777,0.904766282560038,0.7825901190676264,0.672223931197185,0.7605684461040283,0.5831660699333987,0.7025202409845238,180.0,0.5096345651335574,0.7796587232757066,0.3941496280250848,6.131649305837943,0.4047884000486827,0.5914195409356034,4.514046562661645,23.202565985056893,6.3647886819708726,1.1135732159607963,0.6613945210243005,0.2819349504242282,0.4566368983483928,2.578717609158275,0.3383670011623888,0.31735605495024255,0.2720014783982516,29635.99749214887,98.4825282615754,government_led,0.32926482093152737,0.3127575898371391,0.7630380144393443,0.34054467395689986,0.7258487670903229,0.8022526136288199
SHWB_250,Shanghai West Bund,Shanghai,Core,121.43889355921765,31.186519252013518,cultural_core,1,2020,2024,1,industrial_waterfront,1.0,588.0206732468655,0.9979137297767158,0.6952593680119462,26.893030862319314,90.0,5.958393895941051,0.7766760504362933,22.966695094686198,360.0,0.9122035422425827,0.4571665338727006,0.9076569214282899,1800.0,4500.0,220.0,42.0,0.7651561276988658,0.5065933979539903,0.8873959717240416,1.0,1.0,0.8941777403013084,1.0,0.9603020188817779,0.8026188352020903,0.8859440295870902,180.0,0.4608364131617358,1.0,0.7560880144746728,24.42174771573707,0.5681517759392509,0.9643249313153628,3.197967242397902,64.14218171272594,3.7765178636700965,8.776662220923146,0.05,2.432537342106309,0.8875533001915781,1.4985820140459767,0.6212561970795014,0.46409987929806507,0.5281145970476697,21229.13357242097,155.74513677818013,government_led,0.35743549969491195,0.5463916053990727,0.7941592489455798,0.605091510755705,0.806050331665555,0.7392054416727103
SHWB_251,Shanghai West Bund,Shanghai,Core,121.41800946486659,31.181566917015783,waterfront_core,1,2020,2024,1,industrial_waterfront,0.8642729427428921,576.5039934370579,1.0,0.7098881835838778,27.70733010418551,67.40738536137815,4.964682692685963,0.6104807736895939,24.87615365494641,349.2987611417525,0.8716557049019693,0.2208863585002988,0.9412127422528158,1800.0,4500.0,220.0,42.0,0.9090822688625,0.5953276306286689,0.8996325094313905,0.9409977801140715,0.8822176308572478,0.8682077857047348,1.0,0.7407504437966776,0.8111265657276407,0.7545369814615838,180.0,0.5405533379861073,0.7682138320970294,0.4825596474312436,6.591336540919701,0.5096849737353351,0.6444156106944298,2.1111071046266345,63.69311698412277,4.233049217560197,6.541445210851385,0.07629497027011725,1.164137582759642,1.051832667358789,2.2650709962423554,0.6293074072698469,0.23148147873189015,0.2515717645908297,14583.349455114678,107.81569119236745,public_private_partnership,0.35130181076904027,0.4263411679920117,0.29039923560248937,0.6539604667531272,1.0,0.7895664595470229
SHWB_252,Shanghai West Bund,Shanghai,Core,121.46305433986639,31.175490414160524,waterfront_core,1,2020,2024,1,industrial_waterfront,1.0,583.1686361945497,0.7523765193132345,0.7230893374740343,28.19001726739203,55.16221075303876,8.551083069158036,0.7245711646287586,29.634525578331935,360.0,0.8450869449189127,0.46662192348059733,0.962878165322167,1800.0,4500.0,220.0,42.0,0.6613174517497024,0.8145042821342185,0.9243964871670555,0.9250247060260143,1.0,0.8524349422024243,0.9041501892502456,0.7940085196412934,0.88240865177863,0.7232754397520371,180.0,0.6667786869039417,0.7898770116165988,0.5322293276885756,16.76705901697548,0.6177325059400172,0.9276936408902678,2.6472377165350047,44.55710344518134,4.689908487306775,12.023428351456227,0.05,1.4662269223654585,0.8235119389618877,1.3999126683457712,0.6519859206482396,0.468429849650899,0.6139787226668838,19174.137839390263,200.9762643023501,public_private_partnership,0.45233666327004607,0.5647785413278099,0.3324496202633026,0.6151062108971517,0.7350523548138567,0.7359356722364978
SHWB_253,Shanghai West Bund,Shanghai,Core,121.4573317343298,31.180652155518505,industrial_reuse_area,1,2020,2024,1,industrial_waterfront,0.48608389879288444,509.8326848694314,0.9646652438347741,0.8278960676936091,27.617595805500805,57.45400166432317,5.323774123134869,0.7416209527788632,25.8168864209571,360.0,0.9701363633181991,0.35094022611935705,1.0,1800.0,4500.0,220.0,42.0,0.6968593811848286,0.7239996981939448,0.880100756897058,0.9467753957014468,1.0,0.8190480222571226,0.978407091916056,0.8617968894817665,0.9295432635458327,0.7341153349050644,180.0,0.6803104148929568,0.7483270165856996,0.6397544887949379,15.046248260009637,0.49965545090764524,0.8074527139521798,2.03309349550774,62.04915011454022,2.723692658574233,10.100944073734436,0.19157833932709817,1.8337797830700104,0.9000238591800898,0.6924732574973644,0.7871466617409469,0.09507327175835675,0.332228830643266,18043.678536177693,136.6987134330899,public_private_partnership,0.3986534310435869,0.5908471194073344,0.42868103336220625,0.7892863132155694,0.626824565516253,0.9943151843018859
SHWB_254,Shanghai West Bund,Shanghai,Control Fringe,121.4454283992012,31.18306299033457,waterfront_core,0,2020,2024,1,industrial_waterfront,0.1882729479133395,400.6227969490111,0.8381828180012494,0.5774018257671146,29.566898096215187,68.18860301124414,3.9594420801248695,0.5521861847873198,11.746750886194542,306.42630400093174,0.71275861768282,0.26870428444945127,0.7396664157463257,1800.0,4500.0,157.12484058325077,30.394839093065404,0.6300161042078463,0.40167804988069183,0.7572270247666685,1.0,0.719234901802434,0.7481050580345993,0.8478721747858856,0.5406156075192878,0.5951354727663166,0.3882260808805126,107.72153179366825,0.41778035666863367,0.6145157808307712,0.3858121568165664,14.404175499966621,0.5414787425079479,0.637597218692063,2.018012859891405,92.62157215280435,4.566212460743696,9.074168796443987,0.5353746984858213,1.8329594124629462,1.2301026490203828,2.763558385576832,0.468906507844537,0.05672241996671548,0.0,13700.873691499333,20.87938132729882,public_private_partnership,0.18343325070338157,0.056392292036744285,0.5035373836154418,0.5264265006320259,0.8053423843527246,0.29266222577266965
SHWB_255,Shanghai West Bund,Shanghai,Core,121.44926751540999,31.196801311217126,residential_edge,1,2020,2024,1,industrial_waterfront,0.6072628682134142,455.98700019971454,0.8481533867770126,0.7372260198642147,27.258190628613207,85.26578261044163,4.447355799965175,0.5033156207108882,18.94364828259633,360.0,0.7852829012383713,0.552453535500157,1.0,1800.0,4500.0,220.0,29.86556862060394,0.7351064817015321,0.5594146450371313,0.7633146006217408,0.9558025035518259,1.0,0.923452829402734,1.0,0.9330929777649394,0.9117856901346957,0.7235976443012481,180.0,0.7322346031087461,0.8958112340431211,0.5848448626029387,23.937222015412207,0.6783684817929183,0.9169360140602592,1.9363039946773468,72.6658273504595,4.0781955090419295,11.632911824864848,0.05,1.6366005101222252,1.2196538829985046,1.7903589484306894,0.611669452029178,0.3196171275671934,0.3371896844573899,16951.122902358104,165.47327177098524,government_led,0.6436266643627507,0.6231896408074922,0.6365995432411713,0.6073977292556179,0.8188879751647237,1.0
SHWB_256,Shanghai West Bund,Shanghai,Core,121.46714856618588,31.195726151030986,industrial_reuse_area,1,2020,2024,1,industrial_waterfront,0.5648715832429416,508.7470629261073,0.909509636441608,0.708820666343408,28.550107608989414,51.919739936348094,7.638721631519137,0.6868917062784541,35.0,359.38470325941256,1.0,0.5390558659866644,0.8825643016320243,1800.0,4500.0,210.97364999327462,42.0,0.8774882113599145,0.6746707121066551,0.9188092529269537,1.0,0.9707876600404886,0.8279589400044118,0.9387408785383812,1.0,0.7293042613433024,0.5085050499540424,180.0,0.5882688650096657,0.7370612662091496,0.5757596534376416,29.598177174968647,0.6662342704300593,0.8109246615057979,3.50709565660586,47.98676672165069,5.5745914868587905,9.057520423197964,0.2774272584641,1.4250283259444372,0.8481347568176134,2.3584782746637343,0.5138402059200172,0.24508359846326527,0.1943512662043612,21458.951803307344,87.87399476559298,government_led,0.5152960538225761,0.35825644090290204,0.32621751534267723,0.33937527101182974,0.5501207881663153,0.6127045172902497
SHWB_257,Shanghai West Bund,Shanghai,Core,121.4530413213555,31.182063049174573,industrial_reuse_area,1,2020,2024,1,industrial_waterfront,0.692286332533044,426.3520163167985,1.0,0.6933273930198546,27.89641719728668,79.86226685776563,6.288915132738146,0.46549137762959525,22.28772240278113,360.0,0.929049427846129,0.2492573301065248,1.0,1800.0,4500.0,220.0,34.96016463047461,0.7603689679252938,0.5507032745372655,0.8094163127025655,0.9609039931958362,0.9437512321986726,1.0,0.9921968685957571,0.7832249713617407,0.7975967605523681,0.7893253076389901,163.2025390965804,0.681151160795568,0.8901694350751573,0.5367750157861396,10.561932939071605,0.399857938130694,0.7473218256000866,1.4564435261911517,69.05659123877372,4.31815590859448,9.544070331441171,0.7689756291182661,2.148511112825112,1.7023513486393382,1.5735183950416234,0.6675446176922902,0.1753938841165113,0.2188073996979283,9486.133434979249,103.61287921409601,public_private_partnership,0.3284556395986964,0.31817156009397446,0.5390143522445534,0.7133581127028451,0.5990747190151329,0.7073098185040262
SHWB_258,Shanghai West Bund,Shanghai,Control Fringe,121.43734866796453,31.183148057091223,waterfront_core,0,2020,2024,1,industrial_waterfront,0.6564013517746877,542.2767096984221,0.7040656257293262,0.5255910795208636,28.87710320889275,54.20851711132019,8.924005554582195,0.6858898630380906,22.250443451979628,240.80214453003612,0.6762301929003164,0.30605771658193276,0.7492814953302172,1703.9087813460105,4500.0,184.26617958415025,42.0,0.8218546281243235,0.6596156908569254,0.6813179903505512,0.7653926160986271,0.758131699814446,0.7949072052062708,0.8246557628097497,0.6620886113569573,0.4968785439977454,0.45994008474279235,154.13371565166258,0.29454321153648627,0.6770357999127559,0.2236843033474873,15.986411022299185,0.5152108241976993,0.4318866857233389,2.89704756071246,31.30913938450191,6.239862276589109,6.836148406385709,1.0279065261677023,1.06757897793034,0.4606805941145021,2.126600694322364,0.39246990538324933,0.1721843894749305,0.0,26683.433650392297,30.142277872003515,government_led,0.306145665275856,0.017989969117466476,0.475390317219404,0.42694466576958434,0.43998194856282413,0.19662024528012312
SHWB_259,Shanghai West Bund,Shanghai,Core,121.4541584835508,31.182313408287932,waterfront_core,1,2020,2024,1,industrial_waterfront,1.0,566.6882284983085,0.9527794434555235,0.6065954771272237,27.810259599713017,90.0,6.07291524766815,0.6302472982883359,35.0,360.0,1.0,0.38368092446004753,1.0,1800.0,4500.0,220.0,42.0,0.9169238738725546,0.7102232230210453,0.8987995573131885,1.0,1.0,0.9907403746407223,0.9466251450007126,0.8465975396425978,0.715161512411018,1.0,180.0,0.6456181213986865,0.8531992833802989,0.6940863133187176,20.833222975318886,0.5450980851521491,0.8761348208320341,2.5490328426358086,62.5896995446945,4.847524221906259,13.923094558358276,0.05,2.206495040844673,1.3718681960440544,1.9208091569056753,0.5909428452088041,0.41759906277882697,0.6758743436743543,14276.311959953962,188.01439115410685,government_led,0.44314442522649256,0.6219455205104912,0.6864192689742667,0.6484834645275795,0.796970036024423,1.0
SHWB_260,Shanghai West Bund,Shanghai,Core,121.44267876205156,31.18779171258409,industrial_reuse_area,1,2020,2024,1,industrial_waterfront,0.6611950723746844,577.5577335459208,0.9625008679093123,0.7226142185792422,26.931580618768194,61.656787457761695,6.447101931314967,0.5966308835708298,35.0,360.0,0.8556581408761709,0.22829996726379992,1.0,1800.0,4500.0,220.0,42.0,0.8272490433572384,0.6807038058224196,0.776287240678531,0.905974862534834,0.8971587153357725,0.835584776105676,1.0,0.6922365555622897,0.728063640769548,0.828365660259698,180.0,0.3837366158357701,0.6552570126145646,0.41088990335300135,13.518181813918625,0.3497615262392314,0.5955582505016308,2.5746085555378984,52.35166301676505,2.62836365973231,8.997344760881383,0.7014960373913055,1.6672785189487365,0.8840983334642155,0.619315696926255,0.8084971629272293,0.14536974984720283,0.4089106217000019,22017.40514869073,195.6639204192173,government_led,0.19851109271762327,0.540971204990215,0.38185158835975663,0.8600114302178905,0.46376563819553185,0.9724699728988198
SHWB_261,Shanghai West Bund,Shanghai,Core,121.44434675810263,31.19375121484705,waterfront_core,1,2020,2024,1,industrial_waterfront,1.0,482.7807453144109,0.9279258492763066,0.6887802599960606,26.518071735820687,65.1770796619239,7.110500266379646,0.7569260393869222,30.892383403670948,360.0,0.9348587168903936,0.19542226207125651,1.0,1800.0,4500.0,220.0,42.0,0.7627433111487133,0.6520638268854012,0.8258729198513756,1.0,0.9769267709574071,0.960796760273166,0.8509181775891902,0.727420370448571,0.8233024086887547,0.7610753976175938,180.0,0.48347084500429294,0.8238021329343725,0.608555696255995,12.927569695124099,0.335130580863776,0.6473619472602077,2.982672247373725,46.195365672307744,4.087967440127494,9.209788727087721,0.6428591064941269,1.039459242203361,0.9486453807326782,1.9489628045045464,0.7100989185380957,0.16540614393959926,0.6240681988286418,21469.40525514257,166.024677838031,public_private_partnership,0.18079440070113328,0.6493735269800655,0.2820816060508524,0.6629715748202983,0.9847212316798444,0.7061622605241754
SHWB_262,Shanghai West Bund,Shanghai,Core,121.43628670192506,31.181956565544613,industrial_reuse_area,1,2020,2024,1,industrial_waterfront,0.9044763316905639,650.0,1.0,0.7458704560509665,27.33244758221651,79.20538969225659,11.145977648453833,0.7746806992219312,19.852222303394488,360.0,0.9108089443560693,0.4030619926407561,1.0,1800.0,4500.0,220.0,42.0,1.0,0.74940274817566,1.0,0.9981045804434484,1.0,0.9358360265131572,1.0,0.6984612728015276,0.8619512357344952,0.6128902118112028,180.0,0.43349463661558396,0.8085764276050312,0.5187235705146414,17.56235364423568,0.6228228628334044,0.6508469032917807,4.8,28.918567552363296,2.220175110765487,5.611940167127987,0.5945539523340658,0.48333498673588593,0.45141010205396176,0.2657015553120824,0.9012563822841997,0.24144318386800612,0.4513809399440552,36000.0,82.11607879100227,public_private_partnership,0.375911936603677,0.3689912360916747,0.5762465450718459,0.8671246068265993,0.5589786615247323,0.6799220811814192
SHWB_263,Shanghai West Bund,Shanghai,Core,121.47185301215829,31.183357774273407,cultural_core,1,2020,2024,1,industrial_waterfront,0.7005359528981904,551.674499924193,0.7521469248134265,0.6687937173055583,30.95154476000089,87.926285486031,7.0937784276848985,0.6654674846728758,30.322311395632383,360.0,0.8203036573928917,0.413286375527279,0.8369143696292843,1800.0,4500.0,220.0,42.0,0.7452285701455101,0.5726763204839627,0.8058215219726927,1.0,0.9196282803999462,0.8576839561327606,0.9721449752580171,0.8995585387297943,0.6664733994657147,0.7843685439603078,175.79369575824197,0.59549710797355,0.7899527503223183,0.5199850340712295,22.630828862242787,0.5200818530442419,0.8336030018467125,2.7146516727584595,52.10440544124308,5.529843643666346,11.538402836925936,0.9147657314133025,2.3101964453719264,1.1653648533266325,2.9423964625558083,0.3848482544021019,0.36118448733279057,0.18351577734953628,13443.119051160767,129.50493042080797,public_private_partnership,0.5898301725584258,0.2819495521212567,0.5182262007251442,0.4751545149335346,0.8029343648202628,0.7374328254259067
SHWB_264,Shanghai West Bund,Shanghai,Control Fringe,121.4540861912221,31.171805926048144,waterfront_core,0,2020,2024,1,industrial_waterfront,0.3045839683731533,430.425921098382,0.7769029781100566,0.6310854483805234,28.34136048861703,86.4243495776097,7.067506680358838,0.6268042202006318,13.387636654645041,360.0,0.807162741571029,0.3857197155238773,0.9408829867805646,1800.0,4500.0,220.0,31.046146988537622,0.747740082872461,0.5522105507260593,0.7313326190748334,0.7918134197017891,0.7173141616604214,0.724092942277271,0.9354739958637586,0.6869519762622308,0.7357373701790212,0.7837975161975652,180.0,0.5088585460193942,0.7522674409186538,0.579566832496112,14.560172719689405,0.43193018027251007,0.7157481255630557,3.4859708519487462,47.436414402386184,5.000381888128182,10.908857038598342,1.2964552736232875,1.905164761243175,0.6268477367255945,1.2967319183372377,0.6206881685039609,0.10106451088607947,0.06744924302255152,23461.86622666163,141.04950418327314,public_private_partnership,0.3686119680168081,0.4680145886150422,0.6873963211393435,0.59062914872243,0.7259415242848393,0.3674967121964918
SHWB_265,Shanghai West Bund,Shanghai,Core,121.45296353994999,31.154057732242347,waterfront_core,1,2020,2024,1,industrial_waterfront,0.680732717730006,650.0,0.8494289034041941,0.590830675733164,29.969685428525697,90.0,8.701898807767899,0.8166776131138523,35.0,360.0,0.8899202956248208,0.5235847837199165,0.8703916105345347,1800.0,4500.0,220.0,42.0,0.8971647731332696,0.7392945588950603,0.8914968077757734,0.7908765116226687,0.9816916969712437,0.9231853516186087,0.8765192075253809,1.0,0.6611336419139072,0.6912283818562852,180.0,0.5678582534507557,0.8473182471375844,0.37255286923751807,24.491999387356003,0.7138518179108776,0.8501765279783782,4.4022231390053905,42.17511493559162,5.789025127988205,4.990934037239605,0.5871364866287738,0.46425050670277457,0.7854926959991813,2.9537105972941897,0.3970278185097205,0.3413236420256742,0.14105410637377927,26797.786846513747,51.4786934066538,government_led,0.467809202271863,0.1988697899968258,0.9832602185556074,0.4203163751669382,0.4598738238455031,0.7176674816342874
SHWB_266,Shanghai West Bund,Shanghai,Core,121.45429055781516,31.188844273175818,industrial_reuse_area,1,2020,2024,1,industrial_waterfront,0.8086195898750225,650.0,0.9398375517842051,0.7292402556546687,27.665365253604126,73.13015297885927,7.9256273326192765,0.6969179020441377,35.0,360.0,1.0,0.2629594786660741,0.9572584385787993,1800.0,4500.0,220.0,42.0,0.9616243980912679,0.7474876865978255,0.764795460135825,1.0,0.8956911624501616,1.0,0.9153039648482001,0.8661320821484128,0.7796990418942713,0.7638356079297911,180.0,0.5713284273618011,0.7883870940575313,0.7273702510673462,14.859179893194518,0.4760959230212565,0.723402166566983,3.7391398892826624,40.34076589769138,2.6840830784518177,4.294174870977594,0.3688189639632751,1.138297886927075,0.4957750141004406,0.5399235947368725,0.7313772333946988,0.16412046278577805,0.2996704721323276,21761.885347622407,101.38200926226375,public_private_partnership,0.2861686837506141,0.34420816556309813,0.4733706673802218,0.8376722385022551,0.8403328252444163,0.6726656319690453
SHWB_267,Shanghai West Bund,Shanghai,Control Fringe,121.43886532330201,31.187902574412245,waterfront_core,0,2020,2024,1,industrial_waterfront,0.7662423872669403,518.8243084002797,0.8684759183725752,0.6108017921844209,28.663875199366327,56.27997068005304,7.593179744301985,0.6077403630755315,25.413567936400167,360.0,0.7298107029187191,0.3291229715918727,0.7789033610013306,1800.0,4500.0,220.0,42.0,0.692320481092622,0.6641444935846904,0.6945301709085628,0.8494358975862595,0.8363603669220447,0.7873813418234694,0.9257060950894199,0.6883575063684131,0.7901564901173809,0.6981535388596463,180.0,0.5341495762066802,0.7143274603660591,0.59519339438649,21.670939221936756,0.39311510542327355,0.6617651784084441,2.7724113154457894,55.3631930738252,4.859285702035592,10.577662055946798,0.4405369118176879,1.836759370433276,0.7125830155093866,1.451715903372013,0.704399278637945,0.25282042668865384,0.5876885124042159,24131.790545926535,185.27769262212055,government_led,0.3635165117079638,0.6491247198628803,0.3353760834378498,0.649755067968361,0.5779950675231303,0.17173568519388646
SHWB_268,Shanghai West Bund,Shanghai,Control Fringe,121.43870981510213,31.198792834697684,waterfront_core,0,2020,2024,1,industrial_waterfront,0.7603239328024732,234.7259197785853,0.8172463314512421,0.5829832199304457,27.80209282283758,48.39874079676552,3.9451997702493142,0.4645699292452141,25.971992666235746,269.8939664357132,0.7789806115560663,0.5978349066222728,0.9998799684325688,1800.0,4500.0,142.59131559746578,38.61356159225291,0.5499658629639714,0.31822898638856756,0.5422124627817618,0.8084056649395625,0.5814978673018583,0.8243292051540991,0.8691182766064346,0.7877241927312935,0.7872274693179845,0.4064340667933203,52.145225104672285,0.2947383792428641,0.47753334318820584,0.4336622121450966,26.45507929938964,0.5541348593300726,0.6692495109560292,1.1701155537876693,80.80713538805368,3.39436148616087,17.76313019909855,1.3990236985347706,2.629742259527534,1.3889211937016819,0.9953207982473081,0.6624146901173066,0.513773238961201,0.13620071121558336,4000.0,61.31684071887629,public_private_partnership,0.5647967204821318,0.15633265882432407,0.3461096214672853,0.7749867840898197,0.6207289286943142,0.1485516782652835
SHWB_269,Shanghai West Bund,Shanghai,Control Fringe,121.44051973285497,31.18755081106685,industrial_reuse_area,0,2020,2024,1,industrial_waterfront,0.40709516136187573,373.1458588725953,0.6758722683714726,0.6683366606698289,27.94086748390482,37.04756035943424,4.747097303100601,0.563510356193759,23.150025780691294,256.66018050959156,0.7426068133266773,0.42974906116443967,0.6720076775991582,1800.0,4500.0,91.20429672535218,42.0,0.5465203299833442,0.5302889285969535,0.7001229667067208,0.856233752001832,0.8152340574340086,0.7480763532928372,0.7701872681378698,0.667626897963248,0.4397018506397101,0.3444387602536697,161.45113672180986,0.3431275396058415,0.44426257369792893,0.3118542034719452,22.72629634954623,0.407609900576792,0.4971179325037619,2.912304215315368,56.537537244278546,4.4370100283084835,12.707438879706435,0.2026872595653395,1.735797694444929,0.9931957988232236,1.346919314768735,0.6854688311752871,0.18487387787716206,0.13152867082249317,16549.671089840776,108.48866778409685,government_led,0.3277072075543026,0.2521583826284533,0.26725881178741795,0.7294259540853536,0.8244532237374712,0.4517340771700239
SHWB_270,Shanghai West Bund,Shanghai,Control Fringe,121.46495813477586,31.18383426808737,industrial_reuse_area,0,2020,2024,1,industrial_waterfront,0.7183117119885297,421.22062514696427,0.6413211315849491,0.4648109328116558,27.79205453914435,45.52063278532764,5.861977723517711,0.5911417470232495,20.77322013293122,360.0,0.7802507608192442,0.35251150645425455,0.6123886600319832,1776.5210937810386,4114.749833131008,220.0,42.0,0.5719589435511903,0.6216633236971769,0.665068307175889,0.9365730458811923,0.7169566156196113,0.677971055131892,0.6686532472141667,0.6032720536821621,0.4481286376133211,0.5403038767269326,180.0,0.3756278134756582,0.550198175341138,0.19671772650945,15.196467485690501,0.47122477662852547,0.5496025887514556,3.107849834261355,68.88865790116046,5.473913309509352,10.27915602685836,1.1257331972311029,1.8582790290327487,1.292704091167545,2.2140163955374508,0.5039990900076338,0.3099228610040429,0.5004568369964464,17075.086406176277,149.7839093751943,public_private_partnership,0.2542692694641279,0.5442856786152158,0.3921749920168282,0.5274771067831308,0.4640028647452,0.43803355459840493
SHWB_271,Shanghai West Bund,Shanghai,Control Fringe,121.47153382442555,31.18336718469259,waterfront_core,0,2020,2024,1,industrial_waterfront,0.7071413740119478,484.6260997308678,0.4468801121011879,0.31333057253356345,32.43338162433248,44.21027532456498,9.174848612030768,0.664470819241634,9.098821721463349,348.0409195179142,0.41670141880825506,0.37383825400659315,0.5408671595185003,1041.050659234721,2625.5278927019785,207.5796795485559,42.0,0.660613108036654,0.6464575558629301,0.6447654180899499,0.7199764075486295,0.5742192269036736,0.5822559821451967,0.37465357441227043,0.5409541273442823,0.2823455249205957,0.444867988859601,180.0,0.2317415893604387,0.5394739969266095,0.34807383270304454,19.122619541246554,0.325326478187838,0.43584111532154146,3.7675010292199405,41.36603987303101,8.642266722648358,6.5491083393830225,2.8446527465232965,0.6950053171821979,0.4827716072351736,4.2735091880875276,0.118531899985529,0.24292925862086515,0.315342993835038,29464.250314778626,157.4922210979303,government_led,0.21534387685017142,0.42769246853677134,0.46649013792010746,0.1592394807783069,0.7576940496552105,0.4889654118488051
SHWB_272,Shanghai West Bund,Shanghai,Core,121.43283324925389,31.176274683934707,industrial_reuse_area,1,2020,2024,1,industrial_waterfront,1.0,445.36694653347917,1.0,0.7587964448010144,27.686834094876428,76.62052781994782,6.09516737172755,0.4646723438361817,35.0,360.0,1.0,0.1616799025898727,0.9709637500460749,1800.0,4500.0,220.0,42.0,0.8065329329377071,0.7065279328798114,0.7612009064128847,1.0,0.9365552549823745,0.9765150090934537,1.0,0.7600768844577253,0.9206197290198105,0.6034446094613783,136.5414950647715,0.5236486954329814,0.8161845041454582,0.4906489467322257,4.489860097254255,0.3646893652088887,0.5627666765206112,2.931238722184597,81.20928823201828,3.220545333581339,14.001927172403885,0.05,2.139236822280686,1.3475629012857293,1.0365139245635442,0.7663302495899397,0.0948787508728334,0.19034566662249272,10380.361280717625,68.17515979329616,government_led,0.2533702124610637,0.17501290434391684,0.5646218264441774,0.7098951071678313,0.780660658848442,0.7246350200633066
SHWB_273,Shanghai West Bund,Shanghai,Control Fringe,121.44716845842231,31.2009208578497,waterfront_core,0,2020,2024,1,industrial_waterfront,0.7393844555909415,342.9394842100998,0.6406591502301648,0.5671753313086234,30.10522325970316,66.57601653372183,5.127666906869265,0.3208195744061907,35.0,351.6793240918733,0.87409098415271,0.26482064251862975,0.7796790604268236,1534.9344207350573,4444.774167272064,220.0,42.0,0.6687683503774383,0.4064433236444095,0.6712777370833322,0.9183431795692997,0.7480676019323447,0.6963168167217282,0.7467471868112396,0.686218463068144,0.5438327407376154,0.5800394035732777,166.02172475829337,0.4035972952627941,0.7677393023231865,0.5157442578187886,16.87567267669886,0.4304473351082303,0.6299990524940339,1.165248566160294,81.51534094209364,7.935928502946923,17.277993806038538,1.068565403449417,2.760090797594363,1.4401295747921359,3.6618006118512074,0.23179388750862823,0.2657795512838073,0.19244215424496003,13283.637039585321,67.23942307584579,public_private_partnership,0.2655173657367555,0.30997286184265355,0.43938916135918366,0.368189358676979,0.4125881971376392,0.35272222508840856
SHWB_274,Shanghai West Bund,Shanghai,Core,121.46021128450532,31.179271284015705,waterfront_core,1,2020,2024,1,industrial_waterfront,0.8622600991673298,594.6870246628835,0.8833924163804424,0.5570538860760235,27.44168421243601,42.82413554749165,6.127838986489689,0.6244039522466283,23.70552891069469,360.0,1.0,0.5081601867682187,0.9840355859541747,1763.7015540494644,4500.0,220.0,42.0,0.6734938210609513,0.6028053057692464,0.8540519452958102,0.8728913349618311,0.9056899786605551,0.7793486440149902,0.9035229589932545,0.7909809998275666,0.7659316330785806,0.6737944807692283,180.0,0.5897305861144126,0.7108193148808954,0.49918993706187537,27.028526830716455,0.5843420887155403,0.8741320730156591,2.762851692642114,67.70166478611225,4.312492400698465,8.234981719192504,0.6501508476680506,1.1984858616414316,1.1266878391993693,1.8933132282354017,0.5932340757860836,0.457562444751438,0.4177317321838734,14510.00170410804,124.70254117051358,government_led,0.5171782684186058,0.42949850133435064,0.2773629009620956,0.626902432437366,0.4523465040771274,0.5880869548570761
SHWB_275,Shanghai West Bund,Shanghai,Core,121.45764476217242,31.186144894348363,waterfront_core,1,2020,2024,1,industrial_waterfront,1.0,614.2491941703689,0.7477154307972596,0.6462054899061381,27.39401884934723,69.33197774943807,7.4066523381366185,0.7815418850317386,30.640436273197416,360.0,1.0,0.5801874052556298,0.9701063194773041,1800.0,4500.0,220.0,42.0,0.6838444442005556,0.7022330959223532,0.7202383560979173,0.849330793598576,0.9639959266296023,0.8364655579082513,0.9362753806773827,0.8138915325491394,0.7155289246182214,0.8013939557826854,180.0,0.5279642228024087,0.8496344896118947,0.5704292300859625,23.83530405702144,0.6405570480810003,0.8869454418116038,2.3289479510141855,60.831297860569705,5.564125170536696,13.399937836743911,1.5637760478199043,1.4638911270097132,0.7590683116352583,1.5710365673205744,0.6384597393139352,0.6309385024961087,0.6362072199759512,21438.25101773325,199.2229860088986,public_private_partnership,0.4502515648559834,0.6399125991845251,0.4497271802426042,0.5106896424245289,0.44116537138698536,0.6623800985156996
SHWB_276,Shanghai West Bund,Shanghai,Control Fringe,121.46101173891105,31.181856049904788,industrial_reuse_area,0,2020,2024,1,industrial_waterfront,0.735110872156856,421.61989129529434,0.5670426649114297,0.4582665549028166,28.6216874423045,55.31521730051467,6.662187288517808,0.3991204234228374,9.63531085104328,296.26345366121245,0.723907400216256,0.5694645854749035,0.745977890952586,1800.0,3507.6377557131927,137.69755671764804,33.16496367143169,0.7548209945101356,0.513257290798474,0.6766479660649717,0.8241605561883946,0.8136985225229357,0.6419971435898697,0.754861906052209,0.9096746032125955,0.4677061008881126,0.5033809123057438,142.93718501414077,0.3077997156168084,0.576228845142081,0.32194383475051835,24.327324845728345,0.5996723926911381,0.6571134141005641,2.8777756565262766,56.536773420413745,6.75749987732882,9.130492265846554,0.0730729022972615,2.3467801949109055,1.1227694299961812,2.890856082314774,0.35689247381816724,0.4112605435760206,0.07298998485968397,16089.297240147629,79.51850669538906,government_led,0.7159079046474174,0.198971050366147,0.3889857647974226,0.38123103405692577,0.7519121964922565,0.3496240284628381
SHWB_277,Shanghai West Bund,Shanghai,Control Fringe,121.4422386165324,31.189637513564364,industrial_reuse_area,0,2020,2024,1,industrial_waterfront,0.5090226221930798,260.72895792750035,0.6170761410960923,0.39865507355898633,32.13779825755014,60.9928612214255,5.962362723053558,0.5538488760017409,21.053917914301746,188.1165480246032,0.5116666826557533,0.48351322115246115,0.55319497075471,1224.8922469014708,4277.803814116854,141.19175445998792,37.8628868819523,0.4671329995452883,0.4422286175512724,0.5271619957168623,0.6838389955564417,0.5278814353279792,0.5406025345920594,0.5594182561529536,0.7463160913462188,0.3436004501825358,0.3959251825317598,55.38784932943174,0.39201052122249946,0.4596545361460138,0.19324442988545698,24.867617713094784,0.5927515714842482,0.4295047499900882,1.9850065405411428,79.225851552598,8.349534768388354,11.23176029271934,1.7241353335703966,1.915223871665822,1.4882282276526402,4.1793613826978655,0.18440343897865458,0.26231711530312146,0.11825388498574843,15107.237108055288,10.0,government_led,0.4126422838331555,0.0,0.5339275040614766,0.09016936658157951,0.7192630018081039,0.08663457112269571
SHWB_278,Shanghai West Bund,Shanghai,Core,121.45343909911757,31.174107033127967,industrial_reuse_area,1,2020,2024,1,industrial_waterfront,1.0,318.2133736122938,0.8905145539227698,0.706795880303657,29.413000350622077,65.99802515181777,4.648380444774004,0.7105724355419545,20.44600190698723,360.0,0.9004319455950799,0.29317552323195306,0.9684383739976267,1800.0,4500.0,220.0,40.55276579968246,0.5404863547791864,0.4762325376483447,0.6987796547384454,0.8346952089995278,0.9406926543067358,0.8533873304649814,0.8887720850817129,0.7987906788106338,0.8898131836212194,0.8090100108634428,180.0,0.4459896564696924,0.8246269688942193,0.43171756188681787,19.007266270765847,0.47893478524698707,0.8120670506391455,2.307119051453861,73.52672660935092,2.95740851778895,12.882123959435345,0.6895510875810964,2.3854746754667664,1.8,0.6241118147408072,0.7506262014556554,0.30888885444534697,0.6208635776480702,9028.452857324874,161.12708018860374,government_led,0.1828670453100265,0.528615303065385,0.5389496445181435,0.6967698876737211,0.691275887526662,0.7529478384314054
SHWB_279,Shanghai West Bund,Shanghai,Core,121.44264520117498,31.148218786752008,industrial_reuse_area,1,2020,2024,1,industrial_waterfront,0.6403396963276159,513.6868164067938,1.0,0.7197004400462633,27.035359774144034,72.3735338249329,6.851947073571705,0.6610685816791586,21.052964555113455,334.72092346569383,1.0,0.3832025949189295,1.0,1800.0,4500.0,184.75898864026638,42.0,0.7930771526156936,0.6044022025959294,0.6827878904469205,0.9314175855097807,0.9660901841016019,0.9909749990018468,1.0,0.7545246447992074,0.9112709306978456,0.5199238446626465,180.0,0.3791788009609751,0.6058107062175254,0.48885254692730806,20.166251856528024,0.40550772159318627,0.7417354539420976,2.42064100970347,59.28099393750516,2.365214263970366,11.086755617591484,0.5300422380674966,1.981924441858671,1.0885666392378222,0.13646125639753326,0.9969811466698605,0.34918016085928993,0.14707534980210443,20677.85508237008,72.2606429370675,public_private_partnership,0.5901529876073635,0.21750096509735523,0.38999793384258297,0.9607011282856949,0.7419691764062925,0.6465835206440718
SHWB_280,Shanghai West Bund,Shanghai,Control Fringe,121.44836740017485,31.181973737138797,cultural_core,0,2020,2024,1,industrial_waterfront,0.5236628108278786,370.18870353749423,0.6295388374233785,0.598525930389728,31.29800825444377,30.03885240074599,6.8955445441529335,0.5030346085996046,29.58692098602072,310.02787120856135,0.7112344146104761,0.2712459721106374,0.8266133822357844,1652.5083312694117,4150.922351053165,203.23922975337317,42.0,0.6889875023479495,0.4363732142739851,0.5879102317136304,0.8905330117273803,0.6823286391993189,0.7126008010553282,0.7132322237178799,0.5407261599279212,0.6025338171266337,0.4589716365751978,179.21074703421866,0.45695171852017163,0.4765530094500303,0.3523658342825379,13.568233569468683,0.4199886315836895,0.5202381619223344,2.110817183453017,66.80855428137076,5.238864884624355,11.52032112640233,0.890914668989928,2.1715109640144727,1.273162942125196,1.7913797056715246,0.567491162459951,0.1332762186636123,0.17771302607694803,16683.95745194484,111.90596235117745,government_led,0.14900812421795517,0.44132893562576814,0.22031639388194543,0.6986049959749082,0.5904190484746893,0.08437449077473551
SHWB_281,Shanghai West Bund,Shanghai,Core,121.4436461412105,31.19286943062733,industrial_reuse_area,1,2020,2024,1,industrial_waterfront,1.0,650.0,1.0,0.7815816578042301,29.71026841778517,90.0,10.235895372508772,0.8382880015392001,35.0,360.0,1.0,0.1572673238455206,1.0,1800.0,4500.0,220.0,42.0,1.0,0.8475167195841563,1.0,0.8688549625220588,1.0,1.0,1.0,0.8962287098277884,0.998692389970207,0.9223266227914173,180.0,0.6188043869637716,0.969397115361397,0.767297981606909,4.049411377074719,0.4449938035847093,0.9327190879881921,3.580939864273434,24.79941018695856,4.661453250130031,1.9327416861815203,0.5410290512490293,0.5760487630263166,0.2666402532133884,1.4046446860195507,0.6276165302908692,0.2316885934244485,0.5157371530672273,33633.28373198764,145.63102205051382,public_private_partnership,0.0728542985954169,0.552229614484683,0.7445498267427457,0.628827997263411,1.0,0.7988042751782884
SHWB_282,Shanghai West Bund,Shanghai,Core,121.45911939213073,31.18031900281468,industrial_reuse_area,1,2020,2024,1,industrial_waterfront,0.8549543406506227,360.17888125559426,1.0,0.8641489465727408,26.702502415826427,74.7344672283986,4.584685227390327,0.5544838510619511,29.88744653935927,360.0,0.9637743191828732,0.3761222792099495,1.0,1800.0,4500.0,220.0,42.0,0.8445750569787736,0.41778392045716406,0.7182554295933148,1.0,1.0,0.8861053600884489,1.0,0.8130480165124756,0.9056967288153633,0.7732884812157106,167.92575733185612,0.5328475634781198,0.9151845866934996,0.5892935720283622,11.389886116773267,0.5495707324476542,0.7200028194450205,0.9906906695375801,90.07271377446742,1.5,15.419246093240938,0.05,2.703151600745482,1.6080300574465471,0.05,0.9669465887623672,0.32552503035897123,0.4955190814937771,11390.36215470418,167.68853303574966,public_private_partnership,0.2065608501505406,0.4623585463561564,0.598040500332925,1.0,0.7111800419252643,0.5602698163993998
SHWB_283,Shanghai West Bund,Shanghai,Core,121.46125185362031,31.184001937088226,residential_edge,1,2020,2024,1,industrial_waterfront,0.7144246171897692,584.3941084501607,0.7373196242185264,0.6812117053053166,28.305418025158648,82.00732570001283,7.596369365857218,0.6417457670086202,35.0,360.0,1.0,0.5564348044102345,0.9854713351889338,1800.0,4500.0,220.0,42.0,0.7939095869926006,0.7206251894823331,0.7752375291640751,0.6747005984551117,1.0,0.8991095299617715,0.914226528778522,0.9651620019337842,0.8612773097633153,0.8141644129679181,180.0,0.6113893868704381,0.8609402448309016,0.5791919139211262,28.29751148251886,0.5946454144542408,0.9151982406988238,3.4709690402647624,41.02650059901371,4.496705267450617,5.4015346876338155,1.8115689110920508,0.8990129353536841,0.35787523489825546,1.6841625400417608,0.6635200867082804,0.3524675374929694,0.38049740889111094,23613.84276085978,188.16073537842314,public_private_partnership,0.5974867201434981,0.5488465253173892,0.6771527281386882,0.5365855197291883,0.5696713281756167,0.8944581885835754
SHWB_284,Shanghai West Bund,Shanghai,Control Fringe,121.44843461914202,31.192700610695795,industrial_reuse_area,0,2020,2024,1,industrial_waterfront,0.6164315034338085,494.58376089490787,0.6964073892179806,0.5621794208722277,28.82705906729708,80.85197227107629,5.546997272128489,0.5628660088288973,17.95529776693482,360.0,0.6971811302106066,0.2977861987728333,0.7378972555167969,1800.0,4500.0,220.0,41.92138512992679,0.6481190648519255,0.610714061720774,0.7638553000354943,0.6848346748346432,0.721524138099852,0.8370542288290687,0.7189119182330309,0.7377397513355499,0.6875080125139569,0.708597106341748,180.0,0.48573703150507525,0.6934410052150363,0.308583458488372,20.939533332126597,0.42850269526132845,0.6608938949605465,1.8972662431328433,49.44513089897746,5.031645228930201,10.690806907640761,1.0091079606090256,1.524855595987798,0.9012636383697761,2.708337992054298,0.5212038484656666,0.17132958320404362,0.26608197688766916,18544.987318745087,187.19986887204826,public_private_partnership,0.38790759524130436,0.5032457763525586,0.5705766363816709,0.4417146417557278,0.7435724863771602,0.22879924296058418
SHWB_285,Shanghai West Bund,Shanghai,Control Fringe,121.44071271196766,31.187787238815577,cultural_core,0,2020,2024,1,industrial_waterfront,0.6121249349202951,650.0,0.8829536118379387,0.5871522906086359,28.117621669709475,70.62076259669371,11.411502398042712,0.7139241132405193,31.864189550355647,360.0,0.8643292993486913,0.34904258074624706,0.9895509778788605,1800.0,4500.0,215.9427239667249,42.0,0.8449915187723918,0.7331232602574477,0.8804909190579919,0.7180033916716244,0.8493431817437181,0.7611224603989271,0.8894114031752449,0.6721654075403886,0.7800104656842206,0.5600423377859447,180.0,0.4248700877882894,0.6711017082808765,0.5334804117736474,13.016515783308638,0.48683229649906545,0.5255709465992994,3.5667539222739792,31.762937417072788,3.1645896963342093,3.173846124736212,0.8260979210020868,0.18615975533127765,0.6918679778506855,0.9566110897663862,0.7740936719589592,0.20849205771811677,0.12210072976349531,33488.76911629445,86.52472716711557,public_private_partnership,0.3618506593043576,0.3283532878948327,0.601611846642714,0.785643406003911,0.6268141510579869,0.20390690356887833
SHWB_286,Shanghai West Bund,Shanghai,Control Fringe,121.43407487163725,31.17482347758182,cultural_core,0,2020,2024,1,industrial_waterfront,0.5440369030135598,521.2590381125651,0.8589205878210805,0.6092124630805003,29.14058934483054,75.91834852237997,8.034997489520011,0.49005337920247366,25.20693811490214,343.03316090784483,0.7352785933463595,0.6151959205414443,0.8544829048936342,1800.0,4500.0,186.4053885091926,42.0,0.6583088371568179,0.6131015304647356,0.6558482933934117,0.9180207418015495,0.7591113473962268,0.6969780748770094,0.8612746388682919,0.7605671494750906,0.5981814935812501,0.4952328852188226,149.3344363398158,0.1776485084523791,0.7624960485007966,0.22548150978735082,28.235259242821424,0.6206809300618706,0.6480111752671983,2.531430916679724,53.992599661878764,4.618762437736066,5.825579567901809,0.5978428661717832,1.7473768316150662,0.43498734868673866,1.8960341501933462,0.6615165213121512,0.39957403947570447,0.0,21646.37520787943,14.49737717464916,public_private_partnership,0.6230795396401659,0.07005987322148449,0.6903460737744465,0.6501179623890898,0.46342491157543886,0.06833439640473149
SHWB_287,Shanghai West Bund,Shanghai,Core,121.44718440161681,31.180698850836855,waterfront_core,1,2020,2024,1,industrial_waterfront,0.6469792194080917,650.0,1.0,0.8299010678659412,25.539882706648232,90.0,8.814023651341305,0.8248829914192011,27.196203023426328,360.0,0.9250185780926227,0.505440046836462,1.0,1800.0,4500.0,220.0,42.0,0.964297861944674,0.6782905208369545,1.0,0.9444990980989502,1.0,1.0,1.0,0.9099322435194394,1.0,0.7886494690493505,180.0,0.5997080353882671,0.9855564433884784,0.6707029389034713,22.875010793969306,0.6464744761511935,0.9013838728734316,3.52363653156967,40.67600567033015,2.2289759112120455,6.397073850449564,0.5097673924203983,0.6940380041676717,0.625238700804886,0.5306997601505501,0.9669426445788897,0.3314012443114422,0.35396977468767304,21421.42054559622,137.98080344973755,government_led,0.4614489103254068,0.40887141345812644,0.718253872548642,0.8650344584827323,0.825243226570095,0.6670094262245393
SHWB_288,Shanghai West Bund,Shanghai,Control Fringe,121.44144021911544,31.190351758735556,cultural_core,0,2020,2024,1,industrial_waterfront,0.17705869341726674,344.29692077845226,0.7437063304543786,0.5520169985785882,27.282886282548837,80.20341746692392,5.305627972590753,0.3828872630073022,17.5306058404885,360.0,0.7027180224357841,0.3660686403889148,0.7605341128252519,1800.0,4500.0,220.0,31.583247225841603,0.6635648646202283,0.5301467242737915,0.820561866002389,0.9427159198094249,0.8674590247141319,0.7825950850269646,0.819802491107945,0.7292603487166376,0.5154872462246706,0.7335976268463136,180.0,0.35275862055305884,0.8322107116616753,0.49550765549528725,22.28589924864069,0.480475525026694,0.6492782248430273,2.586222764284458,69.12042191509448,4.521044638521663,12.004941531368383,0.5014596001174375,1.879563701195878,1.0511276039429722,2.252173263493233,0.47833792306618184,0.09051609548010121,0.08589296841248589,19525.196785032877,122.7635933567659,government_led,0.526536683865738,0.4936299271905631,0.7655086477846826,0.5454344905044339,0.5495268471615292,0.32272584346916594
SHWB_289,Shanghai West Bund,Shanghai,Control Fringe,121.44892933092888,31.180992588669056,cultural_core,0,2020,2024,1,industrial_waterfront,0.8296573128519303,404.82345034071625,0.5075835085569871,0.36315646736830115,34.347979291075475,54.90872840337913,5.929887373446485,0.5836994883280602,26.40923363400459,270.02301051228346,0.6082145094733055,0.5838646444614468,0.6552856205659168,989.9823017295615,2116.931234451441,150.1129428144333,42.0,0.5582887155528585,0.49236500617963086,0.797564122447936,0.7451116394557359,0.5629668790127488,0.6098157420089692,0.60080402916372,0.7924543256762298,0.3724780610140962,0.5158028928812605,176.49801523586135,0.37071216522577777,0.5002666152783002,0.43517475717280085,35.426261502334235,0.6174486142969131,0.7733462473601072,2.1503004889790067,52.744223156646356,9.015253585880394,10.250635559221005,1.7366113363413893,1.90640062785007,1.0511734171310778,4.530120715730994,0.06465493055397731,0.46925300659311825,0.23007119442332985,18587.69513782594,109.30825119918603,public_private_partnership,0.4843969474544904,0.3540359510054072,0.22390115811017472,0.0,0.8715997994249015,0.3807565022010908
SHWB_290,Shanghai West Bund,Shanghai,Core,121.446477762744,31.171697789057703,waterfront_core,1,2020,2024,1,industrial_waterfront,1.0,379.40297119845286,0.885741704116909,0.7527894247074044,27.361758744452455,55.50359027725395,5.051530553373954,0.5925713021245221,23.563266486493145,360.0,0.8767955654787831,0.44133900138475735,1.0,1800.0,4500.0,183.58426873519875,42.0,0.7524255584499142,0.5478616343266808,0.6878588092744643,1.0,1.0,0.9299925968371209,0.9713484311863846,0.7781002404544327,0.7791451379174884,0.5278353683681277,134.86255293223422,0.38741070463514016,0.657439574039487,0.5262151449981615,21.99500735586911,0.5248907305190942,0.7807916204177046,1.6546418755624703,67.35266168004003,3.0219954483750255,14.591037935206412,0.05,2.0711606900945623,1.320006568304835,0.7904095231838536,0.8211836366188286,0.5611435005591836,0.4044338637579524,10804.843108402962,91.92934729219644,public_private_partnership,0.4190173244213338,0.3356492791706748,0.35479683409930984,0.8176793097884499,0.7037930281465473,0.9427922007595004
SHWB_291,Shanghai West Bund,Shanghai,Core,121.4449603973863,31.17660503068003,waterfront_core,1,2020,2024,1,industrial_waterfront,0.8643181687769653,498.10712810433506,1.0,0.7109026837157983,26.957322816022113,90.0,5.7369178155538245,0.5916087561944781,35.0,360.0,0.8911519728979335,0.45363725761590384,0.9993535161135263,1800.0,4500.0,220.0,42.0,0.8240289842438271,0.7520526393597842,0.7116090501558073,0.9861639830933112,1.0,0.8690414107171219,0.8496449970972104,0.9541031729710996,0.8531043816698879,0.9149245245086632,180.0,0.7173227379592686,1.0,0.6198115160230051,22.828998991337432,0.47735726916749044,0.9586127446097972,1.8606088464275146,67.86371445202948,5.038891916563494,10.731510733306846,0.6363751287336334,1.9550932213392114,0.9743727969955936,2.028812252640397,0.5310285422998287,0.438959762393601,0.5965013156030333,15101.420565937766,153.48744500669724,public_private_partnership,0.4171084114377689,0.6634899090997901,0.9716136924081182,0.6398148516231411,1.0,1.0
SHWB_292,Shanghai West Bund,Shanghai,Core,121.44389247238902,31.19402557356346,waterfront_core,1,2020,2024,1,industrial_waterfront,0.7528179838261051,548.9798192451426,0.9890672684815462,0.7172589283235922,25.754520520379405,86.56366631175683,6.490919069258749,0.54931275698518,33.083519172746605,360.0,1.0,0.3685738081563926,0.9695647100487617,1800.0,4500.0,220.0,42.0,0.8564096841500811,0.5917844459626262,0.8754848551247597,1.0,0.9397810489030887,0.8246593827075102,0.94954568797728,0.9242809302110564,0.9151351403209789,0.8099726783105724,180.0,0.46222141648629533,0.8306755003055122,0.5115885203090326,19.589536308186226,0.5557508319257355,0.8517457565964173,2.3317626486914467,60.26864698936044,3.475019544125036,9.569368567918202,0.059357392295215076,1.4651625816744125,0.9250086460487104,1.9889611990360996,0.7376792978637441,0.28034906663230363,0.22972272269924182,22910.851463201518,69.54392114358726,public_private_partnership,0.31490069705801077,0.30791972880707474,0.6601237724689211,0.7979074258351796,0.7337500935256777,0.7302322345363089
SHWB_293,Shanghai West Bund,Shanghai,Control Fringe,121.45006400171917,31.187474758676863,cultural_core,0,2020,2024,1,industrial_waterfront,0.5037771871351763,387.7189993774146,0.6176142852298251,0.5221250423748929,27.989411438580177,74.7701680059335,6.6498521713201235,0.5799633799005264,25.175051267121745,360.0,0.7987681938729988,0.2518905613572682,0.6554299969808454,1800.0,4500.0,220.0,42.0,0.6851249138431312,0.5133451431300377,0.5724103233966881,0.7927145876936231,0.7838870976051642,0.6476217123350634,0.6835898563480449,0.6116840754564404,0.5522346432198402,0.599594256160709,180.0,0.44493030857811744,0.7874606469715376,0.43430329194258577,9.159049435494254,0.4066923311994407,0.5120640173765482,2.4454414683115924,67.13729675314329,5.6251978895351735,10.142821775759721,0.7662268157338751,1.5854373448235117,1.2773226953394519,2.230565874438268,0.5063496468824552,0.02842567739920719,0.21537769923090938,13231.949003627673,154.57162303505197,government_led,0.17778762066010992,0.4128326817869348,0.6422361343039821,0.36051163708828937,0.8083995120001126,0.21673036980727298
SHWB_294,Shanghai West Bund,Shanghai,Core,121.45175990027423,31.17427747684281,waterfront_core,1,2020,2024,1,industrial_waterfront,0.6844612844439134,492.2461821648354,0.9016073196062883,0.5905668831871163,29.33391166453047,90.0,6.919008765797756,0.5102027034137262,35.0,360.0,0.9072854346148048,0.19972389808759794,0.7940074303096367,1800.0,4500.0,220.0,42.0,0.8317040779490839,0.6258092389176282,0.7546488314537317,1.0,0.9529135709794819,0.8070396501891257,0.8836232447828556,0.8710422272997589,0.731147731313342,0.9040916361794269,180.0,0.5185593228168425,1.0,0.7448032668758748,11.385549437369496,0.4690725986709873,0.854520377532899,2.048089797600942,58.68026500632041,6.544436463885948,13.462472488676687,0.05,1.6516518012994956,1.3031896326154895,3.360784192843573,0.2983412667134113,0.0861927247844367,0.25715888463105974,16589.776185642142,155.82118844198536,public_private_partnership,0.24403296973635208,0.5936984235620015,0.6882013420378015,0.2720225130466374,0.9905352101397905,0.9973253845830174
SHWB_295,Shanghai West Bund,Shanghai,Core,121.47186691073327,31.199859659371004,industrial_reuse_area,1,2020,2024,1,industrial_waterfront,1.0,577.2565172152904,0.9287158303279643,0.7582400263228165,27.984410704541943,83.26140103367646,9.01767493761681,0.6053082251933563,25.40244605324919,360.0,0.820765397793177,0.1010645571593596,0.7009688051776848,1800.0,4500.0,220.0,42.0,0.9045971564690417,0.8821711870989603,0.9602904290451177,1.0,0.9031505690416557,0.809458937403143,0.8655475843207706,0.6061126815298035,0.9797584747036756,0.5581291551149428,180.0,0.4807858717480632,0.6446469289796999,0.5006700752847302,3.906299282758462,0.38530463181123403,0.5836214016936194,3.1095446213809455,54.836901221346004,4.2376693333454325,6.152497510305588,0.08089805130590697,0.43711746836364673,0.48200291391889694,1.5327386779914454,0.7032879074128079,0.07815101957874165,0.3086313525443998,25145.152230687632,120.19074744333648,public_private_partnership,0.04313964015396046,0.3396400950096833,0.5327153421190488,0.7128469044243803,1.0,0.7390631454866319
SHWB_296,Shanghai West Bund,Shanghai,Core,121.44526307846043,31.185294652246142,waterfront_core,1,2020,2024,1,industrial_waterfront,1.0,432.84578344921,0.8749028749896097,0.6979192662330111,26.83840736267532,62.13183087223924,4.284914167379689,0.7075164308185522,35.0,360.0,1.0,0.4279528335815829,1.0,1800.0,4500.0,220.0,42.0,0.7184786248042685,0.5729095457044148,0.78375632575119,1.0,0.8539884001862661,0.7881753230202373,0.9432282782536537,0.9636327350523556,0.7247770902522314,0.6898567389253117,176.6713357646714,0.6918609489858771,0.815349478387874,0.6160383943991657,21.47111734343752,0.6239570038278235,0.7560126129609639,1.7721104905660705,81.0958410109108,4.938049340152686,12.167954127017696,0.46244092170805073,2.5708776511510396,1.6479979731448458,2.301282616358933,0.5345359440572907,0.49307805354849843,0.4694487855285184,15853.988681357749,52.14397598255677,public_private_partnership,0.4891714132981578,0.41990347969545083,0.3893349178007337,0.5424866986864016,0.6323433280170906,0.6498278918850314
SHWB_297,Shanghai West Bund,Shanghai,Core,121.43691164291168,31.183328329000485,industrial_reuse_area,1,2020,2024,1,industrial_waterfront,0.5576454405365612,431.0112236933559,0.935046196281091,0.6242155519932988,27.811607024081837,68.75024856566448,5.915264380164475,0.6316352235730093,32.93389956252672,360.0,0.880349406280459,0.36591978731387087,0.8941304052604397,1800.0,4500.0,220.0,42.0,0.8516617346345833,0.5642132667982293,0.815216279859476,0.7177210102139048,1.0,0.8145439543630391,1.0,0.8326320693734925,0.8764256256312717,0.7378072078981085,158.53366347292373,0.6051784807419115,0.7784115464238108,0.5089638230680401,18.005201419165566,0.4240351564564372,0.7219347991505496,1.8856613764503538,86.34610246336136,4.569947998940245,14.893913740302557,2.261363523000034,1.924689044362512,1.6445653191706635,0.7631317131595651,0.6585247450204103,0.23726254826371102,0.20842243416947762,12341.427783669018,105.5762370577226,government_led,0.511157409044333,0.39252081522852333,0.39759390758770174,0.5180492415276944,0.9853605326098146,0.8661075783566787
SHWB_298,Shanghai West Bund,Shanghai,Core,121.45636452336508,31.185385334097468,waterfront_core,1,2020,2024,1,industrial_waterfront,0.7225847556285303,650.0,1.0,0.7160748435027965,27.617223741170626,90.0,10.103134026056516,0.7205673269877927,35.0,360.0,0.8801172982421734,0.3707551816499786,1.0,1800.0,4500.0,220.0,42.0,0.9285128854934785,0.6135212641394469,0.970210581777699,1.0,0.9697420857841601,0.861816570300327,0.9597371812678082,0.839571529857203,0.9289500499832661,0.8053002881167333,180.0,0.39635057705012544,0.8913173329692933,0.5196450813069274,14.787292909898348,0.4736478772814456,0.648347488148366,3.7786791099179053,28.30341439752748,1.6437513376218134,5.687074868797688,0.16010219462613523,0.7840819354438403,0.6912887135136081,0.05379356945798539,0.9676217484178896,0.21233026943592598,0.21412787209615192,27527.289588965385,99.76383871318686,government_led,0.4850051422886887,0.30180838534188814,0.8252989345305639,1.0,0.5708099455463557,0.8858015348582492
SHWB_299,Shanghai West Bund,Shanghai,Core,121.4531346350359,31.175159786579545,waterfront_core,1,2020,2024,1,industrial_waterfront,0.9291151020320078,520.7540018289875,0.7165648628012607,0.7860171310143659,29.726813634777375,90.0,6.122724369254794,0.6925436735832149,24.287676637855807,360.0,0.804936072961045,0.38823103036879747,0.9072710154252187,1800.0,4500.0,220.0,42.0,0.9312750046156674,0.5565783423005308,0.7868768318090935,1.0,0.8895724190069054,0.922785170362217,0.9400077993393487,0.8315200133024807,0.8644656595636929,0.7481783529063617,167.0289269250109,0.5034196497688745,0.933156780598115,0.4350915501931213,17.18161252302614,0.5817542183718327,0.808695425557221,2.0918614355447875,56.84645751735379,5.707568995299338,9.108914884982783,0.20983923017535822,1.5324374163572798,1.0511610149229489,1.9852562132124467,0.5719687773572079,0.4885411469354418,0.04941112379312585,19416.707626147527,21.286532590567322,government_led,0.3760172056708052,0.10386955648723842,0.9891790432331433,0.6018132708867557,0.5405846461697996,0.6348633025522274
SHWB_300,Shanghai West Bund,Shanghai,Control Fringe,121.45311860029625,31.187635352046076,cultural_core,0,2020,2024,1,industrial_waterfront,0.48637529094335197,407.5610118435194,0.6592251400562572,0.5777985977436809,28.852397117795025,42.97724719015533,8.071167050537126,0.4797374956113404,3.429001979789382,352.70565222409806,0.6724755083853268,0.614317050654289,0.7214953821706086,1800.0,4124.984582001878,220.0,29.44039973839296,0.5996813140835201,0.6061459762227872,0.6580729365798421,0.876185658499678,0.8470208891131671,0.6836479056269408,0.7383670997409358,0.5926720904089204,0.5198508314088878,0.5717376187808733,180.0,0.3747277864607263,0.5348775517796798,0.39534622275549214,29.09266177046556,0.5261879784111896,0.7723307870421644,2.2895232641232774,64.92833391289014,5.124131539567232,7.504058577101607,0.18656795871975373,1.4025103157617194,0.9602029717958773,1.7287201068538993,0.5636638497380256,0.4264700324114592,0.3224425729049803,22758.951302129346,185.49335692680924,public_private_partnership,0.671043450490919,0.6612925665243736,0.2826232303126962,0.4302273894988621,0.5157727774127782,0.0634351158233279
QZSTM_001,Quzhou Shuitingmen Historical District,Quzhou,Core,118.86784046162113,28.967395400791506,tourism_core,1,2020,2024,1,historic_district,0.6643023051707272,455.6618752587405,0.8297849378000497,0.6615740131085374,30.33859739302174,90.0,3.713256106499586,0.6561215220684024,35.0,360.0,0.9814740996276422,0.7195537642754376,1.0,1800.0,4500.0,220.0,42.0,0.7328994929325177,0.6233170668253479,0.8485471932496813,0.425665467532926,1.0,0.8742946826294775,1.0,1.0,0.8487363812929286,1.0,180.0,0.8031813121979429,1.0,0.7784236057354051,31.479606775581452,0.7195253039559918,1.0,1.3375872970949945,95.0,3.951105882551483,12.451683811345912,3.6966604167877435,3.2,1.4683758741441166,1.5584058132541565,0.6588286324049777,0.4712629013988175,0.47623815128780284,10210.699665856533,199.3833571886783,government_led,0.778227582514138,0.704015902128581,0.9318350768064477,0.7043755383118272,0.20620531775289166,0.2663577398380047
QZSTM_002,Quzhou Shuitingmen Historical District,Quzhou,Core,118.84754648553695,28.950168796336328,local_life_area,1,2020,2024,1,historic_district,0.9491611528926489,525.8892656407812,0.7481322222725945,0.5313369672240519,29.967303367956752,90.0,6.5280958365448996,0.5875806080270307,24.444745289314074,360.0,0.9784466177011183,0.8608430482344663,1.0,1800.0,4500.0,220.0,42.0,0.7724978741060236,0.6082512452131482,0.775233684061047,0.3908422662465785,0.9098430073474728,0.7885759083810744,0.95069607329021,1.0,0.9740150197299045,0.883768355576525,180.0,0.4692398011554909,0.9015730390137618,0.6423477812364344,47.0728740106981,0.72870620358446,1.0,3.2130527019944175,91.65667849201482,2.9051472599347368,12.086710259090717,2.992342021437404,1.8664760419624913,0.9819878766547809,1.338479015610522,0.7027389027956858,0.8479872776671105,0.5176120656659267,22191.403769770142,106.26718220253251,government_led,0.8192122591365014,0.44378752406875893,0.7204237625639321,0.5933091056420928,0.2909337162874127,0.2560004976737359
QZSTM_003,Quzhou Shuitingmen Historical District,Quzhou,Core,118.85266519912027,28.970455933325805,tourism_core,1,2020,2024,1,historic_district,0.6143421126961794,544.0380649698593,0.745422253238156,0.5802226632170578,27.94986943001852,90.0,9.447699611493501,0.7182810400040169,26.697359018453586,360.0,1.0,0.7896141327337729,1.0,1800.0,4500.0,220.0,42.0,0.900049189864124,0.6457023133443214,0.9172478173758309,0.40451163213994323,1.0,0.7958624136475363,1.0,1.0,0.764533743872956,0.872973473757343,180.0,0.7101720168763105,1.0,0.6446511375917856,37.32335113871166,0.7036362978266343,0.8183125160754352,3.9019092666609323,61.68997312604393,4.512691449874267,7.410013246067322,3.0979156019484284,1.341701813509798,0.7583789916261097,1.2445052306585513,0.6359272460340479,0.39608571453041785,0.3201983496891162,23312.712050264086,182.9141242557699,government_led,0.7820147178541751,0.5773013825972286,0.8412863098745192,0.5632626674531583,0.3303927415581184,0.6347190762226638
QZSTM_004,Quzhou Shuitingmen Historical District,Quzhou,Core,118.86453567665862,28.97390409994557,tourism_core,1,2020,2024,1,historic_district,0.6430397936445773,650.0,0.8892574724389986,0.6592196705760972,30.570341772995498,66.62611282527001,10.008152702732236,0.6907141055753062,24.41124487234598,360.0,0.9392440730449474,1.0,0.9824418788290362,1800.0,4500.0,220.0,42.0,0.7720625172569175,0.90272361857726,0.8439840432734924,0.4372460445131213,1.0,1.0,1.0,1.0,0.8252732016056842,0.7673551550355164,180.0,0.6895771875706226,0.739936658587875,0.6904943434343657,45.784831788143904,0.818604058393851,1.0,3.249577732383452,58.0963397813859,4.114634516539085,3.042790361352076,3.462154865520675,1.0539501973812428,0.6229825782140255,0.08287760200174865,0.7611749443266482,0.6204342351862947,0.6430585781441689,31417.744296254335,214.45482524347875,government_led,0.8053434902119699,0.8020112877104512,0.4409608333152242,0.6499767475338208,0.14221205434236087,0.5812375368849434
QZSTM_005,Quzhou Shuitingmen Historical District,Quzhou,Core,118.86911800030812,28.97911488617628,tourism_core,1,2020,2024,1,historic_district,0.805658470805276,562.1862516339302,0.7127740009839173,0.5276986849109904,29.823139513268444,90.0,6.856284851976066,0.7280339270524736,31.04774123256022,360.0,0.9455780795443358,0.883389311051007,1.0,1800.0,4500.0,220.0,42.0,0.8868039790274664,0.6629360157521564,0.9852989884328718,0.22213592671623672,0.9596310233972908,0.9488508623363705,1.0,0.9117481329789459,0.7824109234364635,0.9728815535226637,180.0,0.6197090731805217,1.0,0.6460404670701664,38.13539815021551,0.8294022983436304,1.0,3.7098571158980294,70.25311019583437,4.386568235955273,7.477785919336109,4.546050370642524,1.5547854013495452,0.5047661672720738,1.8032967330081267,0.7074567621771076,0.6527905875761743,0.6859846104356082,20523.13145672944,265.2236988660575,government_led,0.9078557514245504,0.8102570837800557,0.998264749841849,0.7420741323506234,0.22944042961148628,0.35678477778755524
QZSTM_006,Quzhou Shuitingmen Historical District,Quzhou,Core,118.88699729059654,28.96551595571874,heritage_core,1,2020,2024,1,historic_district,0.9288750225073698,405.68311863787176,0.7746220220435354,0.5646561259199161,32.160917515403376,90.0,4.538924634736633,0.5042438280791892,35.0,360.0,0.9203489516743859,0.9052196582843942,1.0,1800.0,4500.0,220.0,42.0,0.8094821377855881,0.6019050664656996,0.7264007182502271,0.5929621576010118,0.7495482873502578,0.897690073703908,0.9742825067643103,1.0,0.6415525441602934,0.8928093985721931,180.0,0.5693160639395065,1.0,0.7143565320198451,45.93407427719923,0.9040989000165324,1.0,2.0587386681750193,95.0,6.147212256048857,13.496668499826434,1.920270565050577,2.1893077498696303,1.5231365810975692,3.1421114175721434,0.3674523349342925,0.9288602048724652,0.7075483273462843,11017.828694904041,232.59529191875123,public_private_partnership,0.9370240459412584,0.7730895873059276,0.9351758694964261,0.3550533475939465,0.31111271823336584,0.38451249575957336
QZSTM_007,Quzhou Shuitingmen Historical District,Quzhou,Core,118.86867707582142,28.97916505676696,tourism_core,1,2020,2024,1,historic_district,0.9578828907727716,650.0,0.800598029788224,0.639324196040566,30.058454598661363,64.48802205768376,7.542515585090502,0.7954332675492389,28.078973551947673,360.0,0.8374001786529454,0.9194676858254586,1.0,1800.0,4500.0,220.0,42.0,0.9395333964871297,0.9673152343544481,0.9112992692310958,0.281628979244249,0.9916994138155766,1.0,0.9801430861657849,1.0,0.7936420336330381,0.8240882823370265,180.0,0.6183726157423255,0.7732868128027321,0.6955649474335643,43.03327982999191,0.8918427439392053,1.0,2.619912291678647,71.97870892551447,4.77788946143097,4.356610363807347,4.292615827400159,0.7195706312336384,0.4068617400333204,1.4691923455650344,0.6602139211729015,0.8885602775237524,0.892198590312857,28842.172001185667,280.0,public_private_partnership,0.8672316882265844,0.8820652572039481,0.3243904452950961,0.6619858245527911,0.5091980355310433,0.6107731904287086
QZSTM_008,Quzhou Shuitingmen Historical District,Quzhou,Core,118.85606120078523,28.967512660077958,tourism_core,1,2020,2024,1,historic_district,0.5000609436762325,619.6447649122439,0.8516596555626307,0.655539659288256,29.55227645348826,71.32560619732928,7.009124893661534,0.6107619839534859,34.60685784166171,360.0,0.9567193763453404,0.8406344687795037,1.0,1800.0,4500.0,220.0,42.0,0.9230119355819002,0.6743417799742779,0.8773295698972895,0.36478114593915634,0.960765378713181,0.9042792693732262,1.0,1.0,0.8294319886879257,0.8192155303038994,180.0,0.7197438082585014,0.8768463677503135,0.7132466147729001,42.613430697864786,0.7894271924751086,1.0,2.5678049742797366,64.55940946706417,4.18883292274387,10.151283015528959,4.208764486737664,1.702648814045749,0.9744772119900712,1.8349448132036772,0.5239446393164544,0.5053265680925098,0.19077181721569547,17133.812158912355,128.99496558734285,government_led,0.9350626507072384,0.5602056895471028,0.40535896352707934,0.4614008551516057,0.26425587346669777,0.7237002737869571
QZSTM_009,Quzhou Shuitingmen Historical District,Quzhou,Core,118.85622971225116,28.975833985316086,local_life_area,1,2020,2024,1,historic_district,0.7418012436795327,650.0,0.9860049887131287,0.7665633059742454,26.86547512287101,75.62241649330718,11.528973694485108,0.6675407503724469,32.75298293408299,360.0,1.0,0.8977802625363188,1.0,1800.0,4500.0,220.0,42.0,0.9459820428040406,0.7501004855371846,0.9055313958120451,0.7241140411070333,1.0,0.963106397620408,1.0,1.0,0.8392420608657866,0.8113453800847487,180.0,0.5113015160171804,0.8364064074687438,0.6742891422591882,40.415299342735466,0.8160536139271248,1.0,4.346925032826194,48.12674018123646,2.810388230437201,2.6812860249626853,1.8326395326205176,0.8973357729098842,0.7824919904710861,1.0130566248648398,0.7781213636612828,0.6698913748613008,0.4629165731015412,27652.170944064026,137.59488504023807,public_private_partnership,0.7974446968202873,0.5322353539722163,0.48795037285064335,0.7283963952869554,0.15485092044509194,0.3682624470295799
QZSTM_010,Quzhou Shuitingmen Historical District,Quzhou,Core,118.85748574899885,28.97576785340576,local_life_area,1,2020,2024,1,historic_district,0.589094879405307,415.0441199670657,0.7468623733966829,0.6445919388931428,28.86868496205591,52.774313510159786,7.4360034338782715,0.6849282166017983,25.211164219807475,360.0,0.7731180039168578,0.8837758105730914,0.9358529558787966,1800.0,4500.0,220.0,42.0,0.6135001318404312,0.4652485896747065,0.5750067801354801,0.5123569274834969,0.7549403747492999,0.7674734961845623,0.7993507948988265,0.9088962768670378,0.5536584670413497,0.6471239389670455,180.0,0.3467463434515268,0.6716635812327397,0.5495938900391579,42.77652803979816,0.7655499816718735,0.9330098871184419,2.618432932561217,89.79207295326286,2.8350731033568937,14.37388732382618,3.0453427532826662,1.8845961823888278,1.2052664242091762,1.312105154897115,0.734144715311418,0.4552738837461408,0.3481974452899423,16617.627171840093,213.7085620674657,public_private_partnership,0.8558562043178397,0.702599045189229,0.41949205718835536,0.7786209728615102,0.25643743713973627,0.4218183385342015
QZSTM_011,Quzhou Shuitingmen Historical District,Quzhou,Core,118.8536683493556,28.982193798393055,heritage_core,1,2020,2024,1,historic_district,0.5530669406283633,495.3731103255755,0.7851931029253867,0.6233972515586329,31.780136192039663,90.0,6.475829969586379,0.612641967353583,32.36461060553982,360.0,1.0,0.8546190124458586,1.0,1800.0,4500.0,220.0,42.0,0.8711934626128512,0.6919108258897527,0.9875219931567891,0.29703623691109027,0.923763616595856,0.9214764665278616,0.9932473080820609,1.0,0.9158251988133261,0.9349354164881313,180.0,0.7290314884528094,0.973105935525215,0.710137806785624,48.0,0.8074646114463669,1.0,2.129414765721603,86.1754300348652,4.365255716218641,11.132740334446183,4.59184650252549,1.9731183388795888,1.2101090645096653,2.2806100686402138,0.5830135299778877,0.44973297269623436,0.4021476920669335,22101.86378285725,179.06578427994413,public_private_partnership,0.9164824129407845,0.6608169535042713,0.8916473467870669,0.5028085488338383,0.0,0.32607711014133356
QZSTM_012,Quzhou Shuitingmen Historical District,Quzhou,Core,118.87191523247381,28.968037175623287,cultural_core,1,2020,2024,1,historic_district,1.0,650.0,1.0,0.7526821203301427,30.67375622012439,85.08425508448875,8.741910353965203,0.7579585331742164,35.0,360.0,0.9484615112486078,0.9128320553837621,1.0,1800.0,4500.0,220.0,42.0,0.9077682802708648,0.7177378653748009,1.0,0.658543830356785,1.0,0.9981532760287664,1.0,1.0,0.8172883149566746,0.8241502775788211,180.0,0.5980223457944244,1.0,0.6354570136870814,43.25612746087612,0.8679481101625873,1.0,3.550457598446208,64.86241250745874,4.281167629158099,10.728834406837239,2.3514483636171972,1.963222779261649,0.5605081026075832,1.2564986888789536,0.6393328836748445,0.8096391266324984,0.5210382686664262,23026.516954446928,160.38783524521799,public_private_partnership,0.9322512144786546,0.4785482161147593,0.5905816622470601,0.5046208591067003,0.193458064738821,0.397062740635074
QZSTM_013,Quzhou Shuitingmen Historical District,Quzhou,Control Fringe,118.88041674164138,28.956653315378553,tourism_core,0,2020,2024,1,historic_district,0.4353848003983947,411.99263184996306,0.4941630252700523,0.347028453118015,31.23006340839245,58.03397102265748,9.646359645031868,0.4866791814505152,14.82758048075157,330.4486402934416,0.7287164224920089,0.5495354917342903,0.8679234539384012,1800.0,4500.0,200.7481482863838,37.064422383649635,0.5143507314866872,0.6146989942646093,0.7048411747565047,0.42847011923505673,0.6761391868050433,0.6478060001005731,0.6284951023944517,0.6304796110994034,0.6940486605913456,0.5185528208282678,169.06796158921333,0.17962303606488866,0.5227885986625319,0.3414105799061705,27.72586329240709,0.610042504459445,0.6182589282481507,2.6402698554420763,61.09338844585325,4.80476873954706,7.021550382930816,3.889216394956454,1.1540011390199645,0.5553111631119352,1.526485734647043,0.6416449047836715,0.2671343964117495,0.03526475640613203,24160.446813666873,85.91317842638188,public_private_partnership,0.5512902572803585,0.20217291313056984,0.7437767214492854,0.6605288331537311,0.24863676717331462,0.081680477022292
QZSTM_014,Quzhou Shuitingmen Historical District,Quzhou,Control Fringe,118.87310714205593,28.959536549704946,tourism_core,0,2020,2024,1,historic_district,0.7903960421026359,608.0115214827464,0.6556306035384373,0.4126540586974556,30.10026817828846,31.99349956099504,10.799739123243818,0.6441262621910914,17.94118259822689,289.66381526685234,0.6272493395023817,0.6264327866747514,0.7944278623400087,1800.0,4445.384502082439,188.5189548080152,42.0,0.7814399942484077,0.6844748613340255,0.7625174752730222,0.45558545168482023,0.76614356949137,0.7714063128687817,0.7971837934864286,0.7827755041817807,0.48896655411387036,0.45406886855748163,180.0,0.39509578977309745,0.5625910169644834,0.32666193797915594,33.75121502833558,0.6589333641014006,0.7033566692525803,4.8,37.8621323349169,3.712736856886971,4.180509318576369,3.201090991480723,0.273931455219643,0.1368705145024679,1.9596232595851082,0.6547215298445802,0.408675732088135,0.3080312454836844,36000.0,117.34449774221915,public_private_partnership,0.688612555726119,0.3583297391685435,0.2694044539589259,0.5961243347626705,0.0,0.2553993522488718
QZSTM_015,Quzhou Shuitingmen Historical District,Quzhou,Core,118.86188114913226,28.97584826790305,tourism_core,1,2020,2024,1,historic_district,1.0,650.0,0.646607232161599,0.4710256300988039,32.53177728784694,71.62421855414703,11.085047737454618,0.789011584226898,35.0,360.0,0.8915833031491257,0.7013386084302519,0.9258095883582852,1800.0,4500.0,220.0,42.0,0.9233101241802527,0.8908903174116212,1.0,0.058937517705550585,0.9600695410955927,0.8312478327255969,0.8921002480757386,1.0,0.7612729080951002,0.9804461635588437,180.0,0.5530548421409708,0.8996250339019531,0.7744073694916859,38.84763523145676,0.7077038974223835,0.8659430740987757,4.356566313351066,48.44805786123539,6.945443630045962,1.0,5.5,0.7082704440173426,0.37097120900104147,2.8669533153322546,0.4153030221829312,0.7124589900050371,0.7797042147585654,34631.14419475583,227.4315705481464,government_led,0.7302540968948011,0.7063332239380402,0.4713870754108398,0.45526666022405404,0.1420427248503065,0.5875419173325327
QZSTM_016,Quzhou Shuitingmen Historical District,Quzhou,Core,118.8449295654703,28.974744259383034,tourism_core,1,2020,2024,1,historic_district,0.684922702075196,432.64949830733354,0.9998472253991362,0.6853433433798924,28.350996116736106,61.04620188636236,6.3615285502443495,0.6297648468957586,28.16126610461486,360.0,1.0,1.0,1.0,1800.0,4500.0,220.0,42.0,0.7993352463314559,0.5333746837547861,0.6914261311895363,0.34039600934264713,0.9963630794400251,0.9928437782192137,1.0,1.0,0.9658119252581647,0.904839083370347,180.0,0.6782801389494827,0.856391939255581,0.7828112499164609,43.75258818613276,0.8673154442475677,1.0,1.5374881311889717,91.00469340558747,2.0659514239782357,12.371035058923276,3.587678763437317,2.2172234299652254,1.1566892608353874,0.925121403460313,0.8404041218909064,0.5286221593944102,0.43252935932338715,18017.786347434405,191.22417007383788,government_led,1.0,0.7140049623495098,0.35972549219355043,0.861040623658148,0.24044622867894405,0.45851512200736216
QZSTM_017,Quzhou Shuitingmen Historical District,Quzhou,Control Fringe,118.87009152038011,28.96190485057781,tourism_core,0,2020,2024,1,historic_district,0.4443245371433297,649.8588314491464,0.719136896241708,0.5841480427671721,28.971666283193652,86.36389835500586,11.165906097591355,0.7086095797540967,30.341535916796833,360.0,0.8100362140651147,0.8190121999777332,0.9219049032108041,1800.0,4500.0,220.0,42.0,0.8131221649448409,0.7123596737735092,1.0,0.44171069175809113,0.9652246780728606,0.7539373557941373,0.9412063697679348,0.8932027548282975,0.631335935972265,0.8985309431876705,180.0,0.4264452016819645,0.9539692900626701,0.5093831138461724,41.70254949426231,0.8159244103456338,0.8671442261985882,4.397468418425384,27.966170915044902,3.7558098131435926,2.718343510552976,3.508231257303472,0.42309096305212046,0.548192238928431,2.138918300224673,0.58473119457483,0.3582142453440721,0.2305454021223502,31541.81556953312,195.79346164988343,government_led,0.8478846447999637,0.6635997498860253,0.722979201297862,0.6219264144998703,0.119565569736128,0.40029259277702345
QZSTM_018,Quzhou Shuitingmen Historical District,Quzhou,Core,118.86738970118508,28.982522677788623,local_life_area,1,2020,2024,1,historic_district,0.7125993224715232,613.9182674074774,0.8827396448300618,0.659991602709545,29.961012706860977,59.70286414457075,9.461747007341359,0.7782532620531338,35.0,360.0,0.9236365322096891,0.9800035298182033,1.0,1800.0,4500.0,220.0,42.0,0.785342256010707,0.737384695174148,0.8173755616741791,0.4213371678787997,0.9917627099987818,0.9454369532218738,1.0,1.0,0.7835447151407473,0.8998436992360425,180.0,0.6252160292900135,0.8254842336212215,0.6794418335783186,48.0,0.8688351929353982,1.0,3.0864542993318773,64.34958640819401,1.7424709634218851,9.57646609927658,4.167560765868896,1.347556390918284,0.8085679312685755,1.1515381832666178,0.8072545888910171,0.7254741259872913,0.5297883913025436,25335.717631145046,216.70877926471675,government_led,1.0,0.7599231906850841,0.47546372541983606,0.926105269258685,0.20463146692606746,0.2860827468000849
QZSTM_019,Quzhou Shuitingmen Historical District,Quzhou,Core,118.8640106218743,28.9724964466523,heritage_core,1,2020,2024,1,historic_district,0.4457362616149671,524.4065044381884,0.7729144257026677,0.5522025576893625,30.06321698184239,90.0,4.498682175104161,0.6218570019631936,21.50468953408059,360.0,1.0,1.0,0.978489888134356,1800.0,4500.0,220.0,40.71468488432378,0.7948640722951371,0.5321108166991916,0.7270992937106733,0.6561266622080095,0.9222515846248887,0.8083062970776143,1.0,1.0,0.8042600581243105,0.8665532162372969,180.0,0.5806728382137156,1.0,0.6563364626467484,48.0,0.8683167137473641,1.0,1.4689105800481181,77.26079624962661,6.789059521209968,11.39471708312278,3.082363282026125,2.237215414729615,1.0983041836097578,2.7025681135156643,0.408362836826144,0.42138600050690994,0.3216565612390484,12038.530099384318,117.3927568176282,government_led,0.9521696010965104,0.5339657073429713,0.9132664676032639,0.5118238687778921,0.39644712678777894,0.5361209736138373
QZSTM_020,Quzhou Shuitingmen Historical District,Quzhou,Core,118.86315430816799,28.982208310013117,heritage_core,1,2020,2024,1,historic_district,0.5803843606029202,650.0,0.8898614887719806,0.6688497102129686,27.062937502493856,90.0,8.33717265046839,0.7661798877224217,34.35123117455187,360.0,1.0,0.8303425789950645,1.0,1800.0,4500.0,220.0,42.0,1.0,0.6298375437685895,0.9153874306227805,0.31633095384546994,0.9951210682792944,0.9949924024684764,1.0,0.9393980786068162,1.0,0.8937529884150633,180.0,0.5387722215603663,0.9485202497636791,0.6756528542791154,33.046834385430024,0.7843687264259434,1.0,2.8566775501700903,50.63666095214909,1.9379142840827588,8.433511435630773,3.683530266090227,1.6405287004596,0.621478935605615,0.7066186788093965,0.9166196490341845,0.53953955120984,0.32491065341887176,27885.354849716085,179.97733142287456,public_private_partnership,0.7571247544905644,0.5908110419079738,0.6541104350377731,0.9829058360877847,0.09521969603867868,0.30570544064929883
QZSTM_021,Quzhou Shuitingmen Historical District,Quzhou,Core,118.86416122404033,28.9616705388569,local_life_area,1,2020,2024,1,historic_district,1.0,650.0,0.6912632526757516,0.5286707069830393,30.830004402984034,80.36998513430662,9.870583591689082,0.9814755759287324,32.80836334487961,360.0,0.8794503740498805,0.9403640666274197,0.9804091878249557,1800.0,4500.0,220.0,42.0,1.0,0.7701629289019951,0.9139687188600539,0.25086730885556563,1.0,0.8882608331552672,0.9644967416614142,1.0,0.7597174205182176,0.8820708047142375,180.0,0.6624184120460911,1.0,0.6146181925696487,48.0,0.8833796615110294,1.0,4.165720174423745,35.87510791987242,4.956061817538373,6.423757528497102,3.9886033930353397,0.4369461950792771,0.5207496258896457,2.127017171600137,0.5173413183003228,0.8954974312765085,0.7723270634910049,29268.35837803802,213.63177130000506,government_led,1.0,0.7518503493142754,0.7647297919632311,0.4723435551812401,0.0,0.4275182735802054
QZSTM_022,Quzhou Shuitingmen Historical District,Quzhou,Control Fringe,118.84507037978952,28.96774076038913,tourism_core,0,2020,2024,1,historic_district,0.7239885222249991,311.2549741542086,0.4935731811218713,0.29605124336807903,32.53820745303882,58.33846832435914,6.992780078469782,0.3621457326360986,30.048416181315318,353.1729929629214,0.7505038954948774,0.7995068315919125,0.6700657610591524,1100.6878842030096,3014.8055373225225,199.71007639030796,42.0,0.6481695903412018,0.3966243924215556,0.5594325918884443,0.3447705062937086,0.6170540248379774,0.5531609348188784,0.7984212580808321,0.943728006792791,0.25234681974966644,0.6165091212840732,161.21752103615677,0.3015719078429644,0.7706769757290692,0.40380478307329115,41.48586152341653,0.7865862259136451,0.7655816076986415,1.8468917482840141,88.4161079576007,9.296556617270644,10.103581525698255,3.6983165677424488,2.2605666704253156,1.3513824110729844,4.172137114635699,0.05397660611567164,0.623912533683183,0.2709537306407449,11164.435946245809,143.59316402618916,public_private_partnership,0.718617112815784,0.40683490843406184,0.401660694273738,0.022942683435221572,0.2243235342991435,0.2122871105885519
QZSTM_023,Quzhou Shuitingmen Historical District,Quzhou,Core,118.83457835031798,28.975526534673676,tourism_core,1,2020,2024,1,historic_district,0.7473410879723682,453.9925547899386,0.770024136638645,0.7112894931501086,32.15337743836897,74.04605356996305,7.548683886037044,0.7157609243372678,35.0,360.0,1.0,1.0,1.0,1800.0,4500.0,220.0,42.0,0.8334186750344417,0.6596272138842282,0.8821649021428368,0.4295265836465424,1.0,0.8880136835023985,1.0,1.0,0.7781071931472762,0.7634961504440345,180.0,0.4498997017252204,0.8459685483742955,0.6225725876502388,48.0,0.8768742572216709,1.0,1.8609301161985001,92.86358242706106,4.754441589093363,9.03904827232168,3.1324475744011457,2.2179483908900286,1.3636703576930371,1.7033527700466256,0.5632255553479966,0.7002780448453856,0.39301920970367754,14813.860458950177,201.19913361797174,public_private_partnership,1.0,0.5586952001455477,0.4739476280312903,0.622076036347747,0.2733233286069998,0.4424424240339299
QZSTM_024,Quzhou Shuitingmen Historical District,Quzhou,Core,118.87625570709781,28.954975894394284,tourism_core,1,2020,2024,1,historic_district,0.6280046846726679,633.9494574657044,0.9151641669420221,0.6684853149434986,26.774204328061288,87.47452419519385,9.22694396357455,0.722599520148168,35.0,360.0,1.0,0.823236728655786,1.0,1800.0,4500.0,220.0,42.0,0.7271735090877512,0.7027462496903509,0.8344706278497793,0.39156981488103815,1.0,0.9724124738322993,1.0,1.0,1.0,0.841113403991652,180.0,0.6635332785210043,1.0,0.732287855958166,34.94583206820706,0.8205374098079996,1.0,3.142650807066138,64.88273615039805,1.8180744574780203,6.399902078811102,3.3806340896932174,1.5196642433703667,1.0547021319056546,0.1235495407108612,0.9306236849541378,0.6453788672731374,0.35432220002234177,22601.157165844237,168.81482840798833,public_private_partnership,0.8340688814233498,0.5828609887004182,0.590358896047328,0.9393863578488147,0.3155393681755222,0.27538287002926515
QZSTM_025,Quzhou Shuitingmen Historical District,Quzhou,Core,118.85629892622384,28.961411897900398,cultural_core,1,2020,2024,1,historic_district,0.7519161350430752,504.87099039884384,0.9200420042571624,0.6118087438682991,31.09580490988249,88.27719378444202,7.835693180029118,0.7942529982440563,27.954554220858434,360.0,0.9290076245798763,0.7374604347865037,1.0,1800.0,4500.0,220.0,42.0,0.7862120147858251,0.5998553173600161,0.961144080453619,0.4766364326142952,0.9349119779595991,0.8732380123012994,0.9787297435674644,1.0,0.7506527390407327,0.7402793830926448,179.6019154061676,0.4449961516915069,0.8557576895676059,0.5110788591838566,31.852004028514347,0.7422798921337064,0.9497983311905452,3.1131734172990058,49.6623692373059,4.350591412958341,7.301637873520807,2.7807205633991003,1.015745445961224,0.6834806753618955,1.4829579925891099,0.6638683476751334,0.5381306280942881,0.19908053832127226,24085.366232451433,131.3319697852425,government_led,0.6918082801950951,0.33447455927615855,0.6838993751701703,0.6551055603978378,0.1389669913452539,0.2496470735825322
QZSTM_026,Quzhou Shuitingmen Historical District,Quzhou,Core,118.88481134068664,28.97848946678902,local_life_area,1,2020,2024,1,historic_district,1.0,387.9578078539037,0.7784856229080682,0.6105844044073055,32.39707508707732,80.45437969373877,4.526889999702931,0.45197886324976855,27.202193358836833,360.0,0.9738215659830245,0.8266281097392313,1.0,1800.0,4500.0,220.0,42.0,0.712516162364838,0.5224682530308901,0.6803676611326265,0.2988606688034874,0.8923504441376477,0.9384007030557373,0.9129599363470821,0.9782081650143079,0.7461317831386824,0.8957222331820703,180.0,0.6209563739247072,0.9665580446168648,0.7578375559611827,35.63921793713451,0.7236457702283696,1.0,2.190952815798617,83.65657315405785,3.9355608719143507,10.131023322305635,3.707037774538999,1.8620470778021483,0.803727213308363,1.5369977692271977,0.7288532316470855,0.8070663329701753,0.8022928589854802,15856.570414986903,226.00814960259203,public_private_partnership,0.7078477271555605,0.8129680333914869,0.6516445456332358,0.7029338429295743,0.40677217972465807,0.5071995057885044
QZSTM_027,Quzhou Shuitingmen Historical District,Quzhou,Control Fringe,118.85175659115151,28.968761425165503,tourism_core,0,2020,2024,1,historic_district,0.48009138172984306,475.68015718871413,0.5169804277677799,0.49029776303580647,29.836349137178193,19.145296713483948,9.060762746234909,0.522081765189687,18.86816085423107,360.0,0.6082846174905595,0.7721157652992464,0.847138026113248,1800.0,4500.0,220.0,42.0,0.6829632934483588,0.7650868081452351,0.5841617202483289,0.33615062651913474,0.6707701371293203,0.6846137943548603,0.8061102904140427,0.7800945662489001,0.6155791724342208,0.45985981864217307,180.0,0.4129478896801395,0.62501395351084,0.5667686441353917,37.80894333943488,0.5720666162206456,0.6194629737543947,3.7084910061244347,49.25661017001897,2.062208253818591,6.957991132257164,3.519666488785311,0.49573368685289854,0.5660214832395178,1.0868644592733836,0.8157618740261121,0.2530668759262173,0.3614885091687947,22549.05530080943,202.33208581136162,public_private_partnership,0.7301692383144692,0.8267425602420191,0.2790376947580066,0.6943194549965682,0.3863880030527871,0.18643592364782224
QZSTM_028,Quzhou Shuitingmen Historical District,Quzhou,Control Fringe,118.88043589609057,28.95095766485685,heritage_core,0,2020,2024,1,historic_district,0.6519317018174349,590.792772275823,0.630038177543564,0.3400266407731156,32.930480154343904,60.36161987949848,10.610495142685386,0.6255963324506877,11.951908348661547,332.30902826032326,0.653841412132718,0.8452238732670617,0.6255921251743722,1800.0,4473.412074277312,209.5109941550427,42.0,0.7672792315196589,0.6978281728097657,0.8359945526336208,0.16416372605690435,0.8691485570365525,0.5377461171270251,0.7540152478270375,0.7872733426728717,0.3819565120842361,0.4367168321016048,180.0,0.36644453504859964,0.5577745800873297,0.3232420679721128,38.30028735378606,0.7457394941080633,0.8349266733884543,3.8032602547317618,20.927365025026248,5.527796684456005,1.0,3.7271272968735905,0.7899771615712866,0.22922890931192963,2.698359007492693,0.40923696067459864,0.6214863184319448,0.16607928030535823,32551.8627524113,108.52735645353678,government_led,0.9054955661875183,0.376541425813789,0.4169728200490038,0.4423454689641013,0.10694801251295026,0.1555097363057812
QZSTM_029,Quzhou Shuitingmen Historical District,Quzhou,Core,118.87179498187074,28.982410876741866,heritage_core,1,2020,2024,1,historic_district,0.6181481292363699,373.2428353964558,0.5823890068756746,0.5041417635059984,30.390310198574227,69.2657630209928,4.916517152400992,0.6240721302713078,35.0,360.0,0.8034342347836113,1.0,1.0,1800.0,4500.0,220.0,42.0,0.823107152198836,0.5881092035016503,0.7521484569859963,0.37139227409503606,0.7662040879751598,0.7299542531032885,1.0,1.0,0.7265577654523171,0.7356562850552233,180.0,0.6492653737554418,0.8665041977654335,0.6565204345593402,48.0,0.9203866523803288,1.0,2.25952022124304,92.79005804846443,4.564013713646482,14.290456659199062,3.4188883831184382,2.5237725652631005,1.015442154625712,1.8536054999081302,0.4766048383557368,0.5465615109691665,0.440377376849732,14910.645319953777,228.12681581130693,government_led,1.0,0.7743256685087277,0.47275193693334505,0.4853079292887177,0.3416320374082038,0.36824580988682787
QZSTM_030,Quzhou Shuitingmen Historical District,Quzhou,Core,118.87361323825101,28.977340406508294,cultural_core,1,2020,2024,1,historic_district,0.8744158808371962,650.0,0.9181239119511022,0.7475439519494427,29.78102082354733,90.0,10.268146754803487,0.7512792866962364,35.0,360.0,0.7934116892519405,0.8875991935520123,1.0,1800.0,4500.0,220.0,42.0,0.9371140709124905,0.8089061914651127,0.9729078793013083,0.27969659416747583,1.0,1.0,1.0,1.0,0.9598246380915623,0.852938342004838,180.0,0.5809610768467989,1.0,0.5681428227815158,44.55133314116332,0.7883512539142614,1.0,3.7304002412510817,41.103868463847384,2.074951686829934,2.905257757472848,3.903132754484245,0.7353889847155083,0.36029364595363583,1.9413321509749375,0.6726747147601447,0.8516631568347034,0.6082856460678943,27425.64860488361,196.51085407568502,public_private_partnership,0.9741142810212535,0.5962834474950545,0.8542171887544301,0.6293629661654769,0.10709172635646447,0.4592411861669303
QZSTM_031,Quzhou Shuitingmen Historical District,Quzhou,Control Fringe,118.87594234185752,28.975091409610755,cultural_core,0,2020,2024,1,historic_district,0.17660126396400527,318.7072816933727,0.5915031376186941,0.3290802216200254,31.158395780100907,89.32457453051566,2.904230380802117,0.37295479305770096,31.183529275888333,360.0,0.6363575688282893,0.8650116146478555,0.7702333641420839,1800.0,4500.0,220.0,39.42079421616526,0.7539680097202357,0.4671410214302556,0.5572521631799362,0.3964517529157172,0.5306706225159166,0.6262526666957625,0.7801183461440018,0.966565907180716,0.427683635267314,0.6615693440914896,180.0,0.5987713383569117,0.7354129536695309,0.5250534503262608,41.61483857563591,0.7447117577353045,1.0,1.156676763610079,95.0,8.048636286472455,15.13794042519278,3.383140559801096,3.1674577205973726,1.6058166499256734,4.6,0.07784712453866022,0.13629287932510914,0.18736811751295668,4192.7931809562215,160.48565678374771,public_private_partnership,0.8060538581792177,0.6747007531391445,0.7013333962982689,0.0,0.4618541418503251,0.4598874762592727
QZSTM_032,Quzhou Shuitingmen Historical District,Quzhou,Core,118.84406295795361,28.95900272204606,cultural_core,1,2020,2024,1,historic_district,0.7482418411280782,562.8961459706497,0.7662547624810955,0.6369848182776896,30.344810071522026,90.0,6.516769166211756,0.5608294495140175,35.0,360.0,1.0,0.9435155179137635,0.8896302713214603,1800.0,4500.0,220.0,42.0,0.8645431889255756,0.6958928137291678,0.8342777532490019,0.49691443162382853,0.9116152188224702,0.8610330373391099,1.0,1.0,0.6453608515180735,0.8598624613966972,180.0,0.6024729815487602,1.0,0.733766288406192,42.74012728697956,0.8299873699556413,1.0,2.0860901267033087,95.0,5.946032765595733,12.009926111555709,2.379298699084103,2.0737053677308,0.9145758797678976,3.062993444806819,0.402907057376659,0.6617456271828779,0.3907021487387734,16547.19957347951,147.20968588009922,public_private_partnership,0.8915746955353026,0.5203696504596907,0.7604235846342023,0.433881975525939,0.1225111243020989,0.3023327002288421
QZSTM_033,Quzhou Shuitingmen Historical District,Quzhou,Core,118.89509623617512,28.980806451057585,local_life_area,1,2020,2024,1,historic_district,0.6076382878871555,650.0,0.63892911679995,0.4744885581798031,32.596613425332315,73.7841624146348,8.50895050414847,0.6629836934236313,22.90809509855649,360.0,0.8543496056848219,0.9960754437848005,0.8131016683397047,1792.1565163175514,4500.0,220.0,42.0,0.8133007425131019,0.7194618150373592,0.895783274020083,0.5743033648232343,0.8059650658434405,0.739357773554653,0.9163064791322921,1.0,0.488263560372169,0.8160894207739183,180.0,0.6914541534957883,0.8989798615777238,0.8050278891800433,47.94972915850592,0.7370528444737406,1.0,3.119459189866756,57.15809059616861,7.236652693808657,5.771005789531509,2.3283933936188865,1.43461473903754,0.7946885753971124,4.049820622014593,0.2657224909892604,0.6884771370899684,0.5931089841386886,22468.037184558365,260.31028068424996,public_private_partnership,1.0,1.0,0.46795624169598404,0.2985397087436537,0.2568691004437373,0.8747182558243942
QZSTM_034,Quzhou Shuitingmen Historical District,Quzhou,Core,118.85508340086311,28.981505978929516,tourism_core,1,2020,2024,1,historic_district,0.7985275086684718,351.38943414268147,0.7920627043077586,0.49049272639601177,30.97993292015335,63.31377889974967,2.8868996274957177,0.5066513622763652,33.94398852451783,360.0,0.796035666866224,0.8916934572358782,1.0,1800.0,3625.923447831566,220.0,42.0,0.7466336221190076,0.47117344375089626,0.6796315045746354,0.6710316167583275,0.79315294190259,0.769387280555562,0.917996501094982,1.0,0.5487066267732978,0.6600629427382491,165.43108543914158,0.5706843197657204,0.8128254226150379,0.7191523344477723,43.77466508693788,0.6878690778615864,1.0,0.7100902218612403,95.0,8.685400411461254,15.888891669514072,1.4095117185746397,2.289494945105325,1.8,3.390949309971742,0.2836567147567041,0.6447749437161621,0.4247236576735695,7794.05433831218,119.14628221492373,public_private_partnership,0.91208832422568,0.5562355579260446,0.3162124250133446,0.17641122538234982,0.06356530858956731,0.5821521961590699
QZSTM_035,Quzhou Shuitingmen Historical District,Quzhou,Core,118.85813035675814,28.971064995688437,tourism_core,1,2020,2024,1,historic_district,1.0,561.1044848929846,0.7094890134327393,0.5153446910807749,32.33601169610459,77.30649757124783,7.421228520532213,0.7242446279102315,35.0,360.0,0.912886161975134,0.775435888293622,0.8741040594132109,1800.0,4500.0,220.0,42.0,0.6984688397556487,0.7504326503218521,0.6761186905788061,0.29679681077989595,0.8914551841903215,0.8131405886253272,0.9164145664612208,1.0,0.707345471626883,0.7229066404765419,180.0,0.4587974636693407,0.762024714335518,0.5529037642254643,37.28459759794908,0.7986845041570411,1.0,2.746772498710368,60.438913634395924,5.424452123507344,6.758983515306448,4.49338025907395,1.804847229282285,0.7567957113700539,1.701090929104399,0.5245732640808105,0.91820139676228,0.7816191262448418,18538.05834951611,242.60354132885993,public_private_partnership,0.7792384069712652,0.751606658576928,0.5282713625774972,0.45261398961694543,0.2533233248672545,0.4052911083989851
QZSTM_036,Quzhou Shuitingmen Historical District,Quzhou,Core,118.861595125096,28.985197851378395,cultural_core,1,2020,2024,1,historic_district,0.8081699617477859,442.4748195184884,0.9119418686492888,0.5902620249358923,29.70889425710456,87.24870786036493,6.361347988704582,0.7923144834093028,32.55212464683715,360.0,1.0,0.8634777763395272,0.9783169995838344,1800.0,4500.0,220.0,42.0,0.8144807799567456,0.5228488023428233,0.8412407882138644,0.486088760433801,0.9544468026657283,0.9760957524380892,1.0,1.0,0.8408729657932269,0.9294224274580271,180.0,0.6241231072925684,0.8798830347161635,0.6599751549032822,34.96271441905686,0.8064573561364968,1.0,2.0220964740245297,83.09858969751554,2.4841737912670796,9.77364551562754,1.3717980486848826,2.106021949366696,1.0294256299938995,0.27880507969636154,0.8525779808371065,0.6884064017215784,0.6889891444990969,16413.88567309812,280.0,government_led,0.8312868242337033,0.9470960161021807,0.6076538155058205,0.8375935547510021,0.24881836153434803,0.6212869156909949
QZSTM_037,Quzhou Shuitingmen Historical District,Quzhou,Core,118.87858238245205,28.973811004603526,heritage_core,1,2020,2024,1,historic_district,0.8616305887723286,505.76002038172794,0.8060346985800337,0.567448717341691,30.981779681068943,77.96332852372855,7.266882805748749,0.6806792975981035,18.434051192861016,360.0,0.7055884352397929,0.6596677491887648,0.9433477380469507,1800.0,4500.0,220.0,39.44001766001613,0.8145221774133604,0.6376996394318453,0.9377898636739698,0.6383581637272413,0.8135704045911567,0.8714609153321056,0.993681124802489,0.9757192023708063,0.7652760981420753,0.9208199835396014,180.0,0.4976896396137718,0.8121859828273509,0.5773121844525347,27.67097489205702,0.6554766247660384,0.9521763245015263,2.55591646980442,83.92468834725176,6.950935635277683,9.443206856665608,2.1279882432748787,1.7554470344380468,0.9256382739869686,3.038119158243664,0.36442477122772665,0.6203403218305843,0.39634971375617023,17625.56878557249,174.5447823619658,government_led,0.6548832309244215,0.5893626473268059,0.6508684427564341,0.4051669712894564,0.07525440677751753,0.6237836558233217
QZSTM_038,Quzhou Shuitingmen Historical District,Quzhou,Core,118.8547493462574,28.961242999178552,local_life_area,1,2020,2024,1,historic_district,0.8545313369174796,546.7245734570013,0.7483370868729867,0.5808214887317822,30.307707768839414,69.51261856787173,7.777692751433228,0.7274831553782779,23.745544474924106,360.0,0.8402795443625088,0.9338741207875183,1.0,1800.0,4500.0,220.0,40.848997510696485,0.8055291597891179,0.5746886056383689,0.8040194558104022,0.17326255884504227,0.8822185168256853,0.869451856994105,1.0,1.0,0.7752902992748613,0.7967164460500314,180.0,0.49796278491807194,0.7561630245567544,0.6849856713865493,48.0,0.8343017852040522,1.0,2.6485988857760825,83.16300487287194,4.579517005182048,13.502846994703136,3.7614065117916127,1.955896101581509,1.4064756054266645,1.9956053515364736,0.6198307690478082,0.7608769934363264,0.514229633152646,18352.68306799123,135.5643363032009,public_private_partnership,0.7999925412415774,0.6752270489360448,0.3332434958155514,0.4862793023195876,0.17242684740534728,0.29975366545145943
QZSTM_039,Quzhou Shuitingmen Historical District,Quzhou,Core,118.87403286776491,28.968318823906426,tourism_core,1,2020,2024,1,historic_district,0.9666883180410137,531.3992183922503,0.7278763562297992,0.5805387635604422,30.087663150723348,64.68471535192862,7.453258466891481,0.7597926316513846,33.42017915472546,360.0,0.9807037036630483,0.9321980682046676,0.9437108366420952,1800.0,4500.0,220.0,42.0,0.9381406762301973,0.6579459267606066,0.8262450489361898,0.5253070870303875,0.8290682317268275,0.861765678063686,0.9100424102061244,1.0,0.681521563287631,0.8997808051872512,180.0,0.7224542665772057,0.7931545995073553,0.5140103717421034,43.30208336940507,0.8318640632252133,1.0,2.2393543531311555,75.09688699699869,5.942053504813773,8.68481256035222,2.869179189744204,1.379762993291025,0.9520398268844745,3.307225522607417,0.3675085645592904,0.88856670668726,0.7256751603860937,17730.805430578697,204.53001657398403,government_led,0.8368178072182791,0.7467617892263839,0.455633733987979,0.4679370752295391,0.4940218179600051,0.28256381659904173
QZSTM_040,Quzhou Shuitingmen Historical District,Quzhou,Core,118.88330569911908,28.981691062487833,tourism_core,1,2020,2024,1,historic_district,0.6550589548810846,384.48779409597284,0.8011360604134521,0.620678120274676,29.809204631915065,88.9683733102832,4.177399411387527,0.47329454901377,23.104723091900716,360.0,0.9985621612533849,0.6680063546324758,0.9576701847351435,1800.0,4500.0,220.0,42.0,0.7383659361088228,0.5474746902408953,0.6549945974206255,0.4317216033260258,0.9212834709360311,0.9367245169676837,1.0,0.9437068387946168,0.7747018160073178,0.708462522015327,180.0,0.6199892000873839,0.8498730474110504,0.4457553879719054,27.778870266509784,0.7138499783716914,0.8386344284476155,1.5320226661570198,91.69717225919624,4.678417785956576,13.07621131435322,3.3879587149509036,1.8405559739277804,1.234382877097708,1.3174538947751988,0.5681149803214263,0.45589867633640535,0.40581743120204083,13318.344652538173,172.1096375319549,government_led,0.6235905742232112,0.5080208232061831,0.6327087718232101,0.5815912321289973,0.38521397050168166,0.4496933598845772
QZSTM_041,Quzhou Shuitingmen Historical District,Quzhou,Control Fringe,118.83388567162814,28.97897062825481,tourism_core,0,2020,2024,1,historic_district,0.5536247819624613,513.3854047321458,0.4408928803395713,0.3761852005057747,34.61122830104658,54.24308775307709,7.623206247477481,0.5180331659506715,23.54184168551709,360.0,0.5923347683038027,0.690505990114003,0.7828582892592431,1527.4615739163257,4500.0,220.0,42.0,0.7256436118220305,0.6837996896404999,0.6270419061900057,0.28677972265941887,0.6866676287211424,0.6239943207488373,0.7242350656365832,0.9312852970521616,0.4412883498331963,0.602333260180001,180.0,0.4245358112179338,0.535867674778069,0.35932461012533307,33.39614441196304,0.6769396984105654,0.7886587654035674,3.1093934953349205,80.28184412674939,7.868682530290421,9.351128489580349,3.575380887222366,1.4504562571375508,0.48001563246167384,3.5113636882684633,0.2659022357264742,0.3884381457878316,0.2651368565243564,24709.75929326581,108.0746908924292,public_private_partnership,0.5744175401857264,0.5417638837537728,0.4273420865230906,0.33241526663031656,0.05937887402584979,0.1643087788407925
QZSTM_042,Quzhou Shuitingmen Historical District,Quzhou,Control Fringe,118.87030391569994,28.978102617020983,tourism_core,0,2020,2024,1,historic_district,0.28726746664006136,511.1681541746386,0.8147842394057938,0.6143938878003362,30.61610514658272,76.74272065767397,8.419153517172958,0.47106195929995887,35.0,360.0,0.9063611661089538,0.8344806072541898,0.8230168277288339,1800.0,4500.0,220.0,42.0,0.8010681648728036,0.6989356543404223,0.7402476682646332,0.3590549129822929,0.8620890866910647,0.7827852800406399,0.8867848382986769,1.0,0.770693619446189,0.8084478225232858,180.0,0.44027801638219294,0.6375651848075599,0.5468262502327916,38.07354768147922,0.8138857448984685,0.9115672326693657,3.7350494859777825,78.23789928261019,4.555323756244033,8.787171496609234,3.3847531893535643,1.360374170375722,0.743700520070998,2.942745955061995,0.5730724040357642,0.21931182255642306,0.06278568975850127,27780.292731040085,218.70572063908372,public_private_partnership,0.8911477045603412,0.5858894616174971,0.6084537042815111,0.570250350881123,0.2806609760699881,0.10335521334685703
QZSTM_043,Quzhou Shuitingmen Historical District,Quzhou,Control Fringe,118.88603769188121,28.974792437432246,local_life_area,0,2020,2024,1,historic_district,0.7286327001446138,328.845912291021,0.6297881138617907,0.5221711550010447,29.4967468246923,18.520072673611747,4.542130699558772,0.430654209452085,11.773176893467806,360.0,0.5673059544561075,0.9043806306562167,0.873596482153721,1574.7920309126935,4500.0,220.0,22.19584715881429,0.508463039387037,0.5402488100788,0.3547959011884123,0.4536276834123441,0.7024952163176941,0.6638797461142689,0.8640773883672337,0.8893117846167152,0.5734669146566512,0.556882057485987,180.0,0.47605821958255745,0.5040249115066733,0.3814617126410803,39.91294094767368,0.6601786812701718,0.7544117139339223,1.9776874345302122,90.81483180669183,5.067726213284114,14.712641794711027,2.4270188227776837,2.883809765854415,1.5270499701966558,0.9565540709825823,0.6912043692056927,0.6299837835580544,0.6822424986215299,8874.353361684458,259.95103632425037,public_private_partnership,0.8692290293170774,0.9506351860314204,0.09760406885603264,0.7371807797697391,0.03529863674770564,0.2898340223690024
QZSTM_044,Quzhou Shuitingmen Historical District,Quzhou,Control Fringe,118.85078351390935,28.947728129057438,heritage_core,0,2020,2024,1,historic_district,0.5500326563341625,441.3330325711977,0.5055378921373295,0.46936927088325175,30.899992397971488,26.0762523644742,8.379371039105843,0.5925936593879574,14.616540365594709,195.16267352853345,0.6645900628232153,0.5821613922294975,0.7709000862220936,1183.0988266707825,2862.836387788819,83.9100385595812,40.3535215204722,0.6248404975354667,0.6441850750855938,0.6352715728848899,0.4778134679526827,0.729966630373867,0.6596150005392469,0.5795768612984005,0.7248069227112204,0.5420935028308533,0.4696401352268148,173.3878893904775,0.3360120943149902,0.4586231143732694,0.22540046958984192,28.259932970253182,0.5858487861980766,0.6467758626346225,3.138029943855406,50.38479832203998,4.791326038834086,5.402978193554604,3.3583448013036,1.0053839029266731,0.6161241118595502,1.9998379257045389,0.5146250096118145,0.2744649999131476,0.10625570300200754,25852.995114649468,73.24648147706588,government_led,0.5040875714735309,0.33308184865833323,0.09829101178165565,0.5742754585661249,0.36304218094544194,0.5842710731451989
QZSTM_045,Quzhou Shuitingmen Historical District,Quzhou,Core,118.86627482054051,28.977903241443833,heritage_core,1,2020,2024,1,historic_district,0.44064093774584795,650.0,0.9451291013663037,0.677067583166513,26.981289927796208,88.96709153629257,8.711185860113533,0.7431346186397709,35.0,360.0,1.0,0.7115904240617091,1.0,1800.0,4500.0,220.0,42.0,0.9570214988795926,0.8293938672184967,1.0,0.5511055795987541,1.0,1.0,1.0,1.0,0.8852269502717339,0.9178998371051059,180.0,0.7486035293140467,0.8670905635672892,0.6873516645190868,34.959990257483575,0.6349174838947812,0.9448299199270538,4.536914712398786,52.56512455159982,3.949375882750587,4.497143250622931,2.4151351388937616,1.07309421390893,0.5135894145704002,1.1580535397923692,0.7321573198463297,0.30944783110566154,0.23763731437538838,36000.0,182.57963919790558,public_private_partnership,0.8331647441234212,0.5409516930806478,0.47756130089138893,0.701799515204298,0.2365082526571312,0.47238124859109404
QZSTM_046,Quzhou Shuitingmen Historical District,Quzhou,Core,118.87165424723283,28.9634957483141,tourism_core,1,2020,2024,1,historic_district,1.0,590.4410788444789,0.8658912813964255,0.6126387771438792,28.580818386696386,77.90280116914658,5.469825016909449,0.6914710413056414,35.0,360.0,0.991556831481497,1.0,1.0,1800.0,4500.0,220.0,42.0,0.9447379623218302,0.5839407043276682,0.7953448085324006,0.630321252376956,0.8622072979542619,0.9877848236366985,1.0,1.0,0.7523736366173288,0.835005133677514,180.0,0.6111676387178347,0.8576808542556761,0.5331914770410762,43.840805652758256,0.9401015921798741,1.0,3.324011240262827,75.88105841825535,5.357449494022199,10.289466776143604,1.5540235698685112,0.9265993344787529,0.9995436191884064,2.592592424903629,0.4601945794568131,0.9642432054952116,0.5745531533911195,21694.661886174286,145.29064914538264,public_private_partnership,0.9777598727586028,0.5787954062641666,0.46906654413820215,0.47088951605699425,0.38802530235179555,0.3329788460942024
QZSTM_047,Quzhou Shuitingmen Historical District,Quzhou,Control Fringe,118.8707878465581,28.972538261048747,local_life_area,0,2020,2024,1,historic_district,0.7516675399713888,478.5913366826045,0.682884126774172,0.5289458052146836,28.87988640995721,86.45074211148086,8.246580249054329,0.5366157281432271,28.348390464102202,360.0,0.7941290323449988,0.7972898147447594,0.8889901762479845,1800.0,4500.0,220.0,42.0,0.5450531567740935,0.6366462986037911,0.6950419022405587,0.23070472965277705,0.6543583140193524,0.6780885530593336,0.8365687730203897,0.8745873385044128,0.47338862949404803,0.690901498315442,180.0,0.24147607074458602,0.770955563941365,0.5154601176612513,47.33368563699707,0.6201043870634304,0.8665587920049228,2.845667885258834,87.90694844667316,3.476983125214902,8.443884907568467,4.386089345899861,1.5131193322395355,0.868032933652249,1.281030230262514,0.7127467070901468,0.5920422518517471,0.5301194276892207,23688.81024800317,196.0152339587379,government_led,0.6561577191245911,0.6859398454137786,0.7327699332512297,0.5631391910536825,0.0,0.0825348257089427
QZSTM_048,Quzhou Shuitingmen Historical District,Quzhou,Core,118.85438431899951,28.970187122164827,cultural_core,1,2020,2024,1,historic_district,0.5797297844041573,530.9619032722912,0.6328189795629531,0.5456309090314243,28.92485356945782,75.51011759119213,8.091715737697843,0.6975094731072135,35.0,360.0,1.0,0.7589049335191997,0.9936683273299529,1800.0,4500.0,220.0,42.0,0.6766413486308664,0.7523699191949876,0.7894303020882789,0.29974590172145366,1.0,0.7394222276650604,1.0,1.0,0.9157885904233449,0.7820525282894109,180.0,0.5376310444513704,0.8499776789772885,0.6487595959110986,36.83439510759873,0.8005039187932964,0.8331359752389704,3.4514658313357875,58.62027733393577,2.8149870527767487,5.555659209804759,4.572204033734578,1.1377942858987389,1.014823164397607,0.7102818617894683,0.7487961438908239,0.25873888613816154,0.456988396304025,24522.015502351285,217.20886241398009,public_private_partnership,0.5796795946887513,0.8139997580529925,0.45856880065247085,0.7392610394096025,0.28866747085830835,0.3191463925286809
QZSTM_049,Quzhou Shuitingmen Historical District,Quzhou,Core,118.85861650766374,28.96183209518302,tourism_core,1,2020,2024,1,historic_district,0.6566354902837931,397.38620083029116,0.928674516315463,0.7349804796461453,28.009078715417324,90.0,5.567839411579698,0.5504836517473821,35.0,360.0,0.9099286571969738,0.8879471127156906,1.0,1800.0,4500.0,220.0,42.0,0.7418556822251955,0.4665913660024511,0.7083139013697782,0.778047679989599,1.0,0.7343477587542038,1.0,0.9949750771155756,0.9685084335332697,0.8279906339214421,180.0,0.5246234637301916,0.8204804746059665,0.6095845970785435,44.702114920735326,0.7429508038191293,1.0,2.5770173236152925,80.52067629553957,2.853456886476012,14.183653264174911,1.5886209936366855,2.2081765570780534,0.924923394502689,0.9107458884060486,0.7565223229637954,0.511393446097974,0.5184967253827949,16760.079974669716,185.7886590041704,government_led,0.8773417534583327,0.6288558719883546,0.7357839430314339,0.7454021036667801,0.3207050448024976,0.5361509766781187
QZSTM_050,Quzhou Shuitingmen Historical District,Quzhou,Core,118.86643862127843,28.95915615444417,heritage_core,1,2020,2024,1,historic_district,0.9257308285093196,568.4284324628135,0.7453118132230185,0.5825283512226278,31.7365059073601,81.45163581627935,9.177222974044158,0.6172535454669454,20.832418591323453,360.0,0.9580092596473834,0.8020324108798738,1.0,1800.0,4500.0,220.0,42.0,0.758412562036801,0.5619964455551184,0.7630582535518441,0.1829361312943729,1.0,0.8216542379485695,0.9484476866793428,1.0,0.851568950258001,0.8308150051195637,180.0,0.5791076606255592,0.6916565532615455,0.648977385274392,37.062226827142005,0.8924369796556095,0.8981072199085657,1.8685286548162165,82.48871754706897,2.60799939980207,11.51340222528668,4.84339054757463,1.9579190861388174,1.2628105281095467,0.7874915621137826,0.8218440288493554,0.7256691978771994,0.3398437219995523,13966.109771406,142.23671509234842,government_led,0.8097235653363876,0.4858260745859972,0.5929822318471974,0.7490893988644505,0.41972734167191683,0.4509029198871633
QZSTM_051,Quzhou Shuitingmen Historical District,Quzhou,Control Fringe,118.86134174154563,28.96023652644611,tourism_core,0,2020,2024,1,historic_district,0.21217487427029855,538.5933360254766,0.5532211274900927,0.48070979772277667,32.617587716024914,32.42121635452794,8.621073796180205,0.5967056905855647,27.56339150702078,286.0690520382791,0.7940329647987022,0.6803383819893033,0.7454209657763816,966.5634084459468,1980.9465957243679,182.71260375563782,42.0,0.7685130265353664,0.6333335441583744,0.851378245881841,0.22715611098017136,0.7944062166640661,0.5898886685228713,0.759580299177458,0.7737028209404462,0.5053803055863993,0.6132938111586073,180.0,0.31798332857290396,0.6852689854157967,0.5419716849310777,40.661130528995685,0.5576340888088963,0.8612036901755171,3.047755668173327,75.4425856544044,8.065314274007862,9.80768311289009,4.561728594010114,1.421353605140197,1.0419634943584513,2.78146459006278,0.294396924209086,0.23832066251581646,0.21259564889645133,24343.95188278855,168.3193357329585,public_private_partnership,0.7113275081021347,0.5368173285832635,0.1344842452363652,0.2583440632057788,0.12650707427048852,0.09837214435319971
QZSTM_052,Quzhou Shuitingmen Historical District,Quzhou,Core,118.87574384206353,28.978289090812304,tourism_core,1,2020,2024,1,historic_district,0.9759385108265928,465.67606325489254,0.6478118037311129,0.5226579125277523,28.97071729539114,56.072216060359395,9.351394605505707,0.782501226928425,29.070107897252036,360.0,0.8529893687383281,0.8013800573992437,0.9694956457944638,1800.0,4500.0,220.0,42.0,0.7463862168894042,0.6160206725532028,0.775905766869108,0.40355943594201804,0.9096990650081765,0.843997094089887,0.8366900292756124,0.9701748708059745,0.6109107317444743,0.6013353394642234,180.0,0.4732027661655263,0.7480686529266959,0.5058381976857496,39.79206772169401,0.8314860729742133,0.9719821615341563,3.574887734923359,69.74830962098963,4.0363424191359,9.404588192909545,3.7863146031601054,0.9449397419748266,0.7915813195177356,1.7294001468198732,0.6154128006575974,0.7619874802806013,0.7833409256411159,25768.230647142693,208.1232646787425,government_led,0.787806495932085,0.7388366737722003,0.34759472430401517,0.614581792037206,0.34717822272617127,0.43164482283366984
QZSTM_053,Quzhou Shuitingmen Historical District,Quzhou,Core,118.85857527630758,28.968320753700002,tourism_core,1,2020,2024,1,historic_district,0.8282647650800543,614.2694071149555,1.0,0.630853965674529,29.89820186986679,75.891206306938,7.045803806624706,0.7089888949351859,35.0,360.0,1.0,0.7602600461732685,1.0,1800.0,4500.0,220.0,42.0,0.8722998858588371,0.6750467216108539,1.0,0.20383823930665682,1.0,0.977311641625969,1.0,1.0,0.9203660454370614,0.7582941527723751,180.0,0.7033880571833759,0.8135203073309856,0.6840755803982701,38.97117217093056,0.7743553018268051,0.8632458407503746,3.0921345181070468,69.71770701640827,3.7522157320986587,7.153649126722523,4.426175495921727,1.280586005691222,1.2608678936643292,1.9818710616840036,0.6669759763728522,0.5749728332320448,0.32111819609355685,20922.975991381634,131.71625033774757,public_private_partnership,0.8224192679375001,0.37291348277975644,0.4597083274824039,0.6548710201125298,0.08408650045519023,0.3177125595275008
QZSTM_054,Quzhou Shuitingmen Historical District,Quzhou,Core,118.86930571366355,28.974772824061418,cultural_core,1,2020,2024,1,historic_district,0.8765511820341286,650.0,0.950322798506202,0.6951061740636024,29.003526129618198,73.02711781086943,7.794957593241875,0.644619183106426,33.407800766734795,360.0,1.0,0.9817249072784806,1.0,1800.0,4500.0,220.0,42.0,0.9296738321391108,0.7430079468960169,0.8974375684946899,0.5656381992566959,1.0,0.9386614654638942,1.0,1.0,0.8842609306911102,0.9429414700224112,180.0,0.7168343990274514,0.9791749283350504,0.8363449532849917,48.0,0.7890009678605254,1.0,3.7152793244051656,38.824590225725935,2.8414747849067217,4.902406707303003,2.9003505249253037,1.3027772638281074,0.6592990422240829,1.6742562943310257,0.7489374308728141,0.8963810134071384,0.788546929709693,24719.983425334212,222.90771821774277,government_led,1.0,0.8342402830319713,0.5965542041813492,0.8102327717509714,0.3715919225631322,0.43645177614233377
QZSTM_055,Quzhou Shuitingmen Historical District,Quzhou,Core,118.8558567077257,28.98058480671938,tourism_core,1,2020,2024,1,historic_district,0.7446888630805202,650.0,0.7295658895140624,0.5325774335883405,31.048914523977665,90.0,11.005443347237946,0.7296021830359897,29.61715217483462,360.0,0.8507515836982055,1.0,0.8809031789550872,1800.0,4500.0,220.0,42.0,0.9801424215322287,0.9792085809647698,0.9995079956781142,0.5150135932110298,0.8758553912268732,0.8829323243201794,0.9518945284448532,1.0,0.7094584982986167,1.0,180.0,0.6617488784394057,1.0,0.7869571859799634,44.280232988740785,0.8611338005368071,1.0,3.798054416750438,44.11487321719158,7.402452801382703,1.7487378316512419,2.958243181466922,0.5658286143513986,0.5192922608971295,3.1411564055627776,0.2756436310536082,0.8318965836761951,0.5149925755930619,30266.565012421812,208.32074076569637,government_led,0.9694259310723641,0.7196329211727827,0.821580907451799,0.3118673294508598,0.44386119764431015,0.7317598569530164
QZSTM_056,Quzhou Shuitingmen Historical District,Quzhou,Control Fringe,118.87091540731737,28.964291601334654,local_life_area,0,2020,2024,1,historic_district,0.27880494368430875,626.5354714904743,0.6514154330355313,0.5441027660214209,30.60028595192798,51.47713814696623,9.526685003804461,0.6372125463967244,26.697134525760337,360.0,0.7292371761429294,0.7700769380299195,0.7538620457436873,1679.6829172863202,4414.2965743546665,220.0,42.0,0.7500230005842166,0.7246178356629447,0.7845075663114832,0.5356639367987348,0.6910118773521564,0.8162343217899155,0.8069565580816912,0.8454425796299021,0.595033333495333,0.7527209205137768,180.0,0.34741563270537823,0.6210059413843347,0.5695655708145664,34.67410855268156,0.7249804489924041,0.8197288208577129,2.9751950550265214,58.37021135813983,5.894271251374794,4.026151878414378,2.72950501196021,1.3583249236585306,0.6604597428917769,3.0291919244834196,0.3869894293137283,0.2894472808981847,0.267126101815341,27692.868427318048,248.9439294382514,public_private_partnership,0.7653279210834402,0.8146580837155168,0.33941509343312215,0.3276370133078419,0.22924015432478595,0.029176930967595258
QZSTM_057,Quzhou Shuitingmen Historical District,Quzhou,Core,118.85517338172524,28.979560423582615,heritage_core,1,2020,2024,1,historic_district,1.0,461.4222358158386,0.9914005622152909,0.6938307043374594,30.289000284606928,90.0,6.7662707272178935,0.6185026367050919,19.07816824375308,360.0,0.7950798702832264,1.0,1.0,1800.0,4500.0,220.0,32.54670578218072,0.8352620739509663,0.5415413397272623,0.8655357275841044,0.6570965035584693,0.9619595795713439,0.8608332615983314,1.0,1.0,0.77021908125782,0.9786142894984777,180.0,0.6640621861764716,0.8424550843383879,0.7137951777318692,40.55811342792786,0.8861964615500355,1.0,2.027973906142265,95.0,3.5953307482762975,14.612727022185778,2.574348592736827,2.310177482634867,1.437679917679839,0.5552085828211957,0.7809876797284959,1.0,0.7284738000627303,20891.024193675024,211.37854719440665,government_led,1.0,0.7121214294591227,0.6793691320767463,0.6557231453992567,0.16774271081946185,0.4878367184465196
QZSTM_058,Quzhou Shuitingmen Historical District,Quzhou,Control Fringe,118.86102178364888,28.970474898877395,tourism_core,0,2020,2024,1,historic_district,0.775928802636193,555.564002853451,0.43402543302744345,0.40422486410998865,34.69266200578782,50.521467072769404,10.171928172436154,0.7862470053916975,27.893083551946695,360.0,0.5846542119249274,0.5580687276796288,0.649108464689424,1399.9728980740306,3271.52843095706,220.0,42.0,0.7600476014095038,0.7276648035316188,0.6963989479098227,0.3644247303642427,0.5908536425866976,0.6280640842355201,0.6159088700292734,0.8496758445653947,0.3895245481026129,0.6565617589089511,180.0,0.41661226481541797,0.826296982236461,0.5062060490802258,27.97410033635763,0.6974517673827773,0.6888980277968637,3.7364737068579723,58.30941253280662,9.5,6.661867899531548,3.5471701750048075,0.8886649809496304,0.38473559396368495,4.2716383695049025,0.07533355973511345,0.3595065693684814,0.528865275140191,24017.094707305972,210.01641464330345,government_led,0.689657545762427,0.6885457085805665,0.5246617033664659,0.04850721208652929,0.18774246984661389,0.2812381135818728
QZSTM_059,Quzhou Shuitingmen Historical District,Quzhou,Control Fringe,118.87738811768381,28.972403811803925,local_life_area,0,2020,2024,1,historic_district,0.4763306880832793,580.6182302156801,0.6084717901674787,0.3671092746624488,30.434369298115836,38.615755537742274,9.300989452822467,0.6650211596701967,26.168894914466083,206.74460811507822,0.6907115131842659,0.9002152807377115,0.8660822216975238,1442.2237309913928,3711.2832165268296,118.42557037457448,42.0,0.6833838767809856,0.6314057775409843,0.6667393133657218,0.49851222004560847,0.6734903414877494,0.5837114635297138,0.7976950242077,0.9364200050148196,0.4990828388893638,0.25198369123810194,171.54546828627863,0.39421320698208223,0.4227201290822511,0.4261674110657003,45.368383634919645,0.8257571111097142,0.8876491509760023,3.8126599677788047,73.11413021799356,6.966774993842592,7.164175481580919,2.9702353521037246,1.5969174704425644,0.6301712946118883,2.704697257406581,0.39618008018205014,0.49500717072082373,0.0,31607.559882314574,10.0,government_led,0.9540992767660136,0.11299729410460074,0.3107816385510964,0.41355380245410556,0.04965543428267577,0.6439537426726227
QZSTM_060,Quzhou Shuitingmen Historical District,Quzhou,Core,118.84286659934864,28.97657863575285,tourism_core,1,2020,2024,1,historic_district,0.5648973429114714,427.77038776537836,0.8485094006511734,0.5424363839985661,29.33012690362678,74.57408964569721,7.50268456926114,0.6661148817884799,27.2539986537749,360.0,0.8729830876049438,0.767624813873733,0.6892891645848875,1800.0,4500.0,220.0,42.0,0.7407178129647227,0.5932751914699198,0.6244411039974658,0.3801326092508922,0.8700637614295749,0.8922468456427904,0.7309194489583904,0.913592542345801,0.6769142993242596,0.8698387233533229,180.0,0.5399223333819545,0.8493072095947801,0.5758998841586691,33.74631831513572,0.6331191595836205,0.868292422447976,2.351887445322114,64.93586818624217,5.7388350555284475,8.372260148643097,3.1992114702370418,1.7848476362287726,0.9580580788000881,1.4914506156395257,0.6437321002528398,0.4247193005573797,0.521296397179672,21168.656903902047,207.14545630196096,government_led,0.7890019571007778,0.8134331232914421,0.6256616533907019,0.689384121066512,0.11384442610564241,0.7109930086017346
QZSTM_061,Quzhou Shuitingmen Historical District,Quzhou,Control Fringe,118.86950651209402,28.9709039051509,tourism_core,0,2020,2024,1,historic_district,0.5728758385706068,644.9062725179368,0.6532102310322746,0.4204422554355847,32.48026168326402,53.30381304801148,9.346202295493335,0.662189240342393,29.347931149347776,360.0,0.642082478292805,0.7422578020009297,0.8358009356193352,1701.4744357134691,4500.0,220.0,42.0,0.7905624152006858,0.6934100602432854,0.832543751140139,0.5705081418012737,0.7190448555048838,0.6529539868931677,0.5722485883273744,1.0,0.46109895246224303,0.6659047416338882,180.0,0.43284999834485466,0.6635718322827066,0.6731477985932434,39.432651948681006,0.718638965970338,0.7632524452757253,3.8310735192072656,53.48846113591957,6.395901763516461,6.840000956160125,2.4102341516194388,1.2117839379689308,0.6361379239698682,3.1422952706829452,0.35919896753031866,0.492669944922328,0.5351515222398228,27778.52125069013,258.65161328073845,public_private_partnership,0.6889082628664147,0.8984596738402788,0.43393977435774206,0.3483022900405784,0.12905107058367532,0.13755472761238222
QZSTM_062,Quzhou Shuitingmen Historical District,Quzhou,Core,118.84273321332277,28.98455474065132,tourism_core,1,2020,2024,1,historic_district,0.848160349578655,512.2624110269435,0.8102326189953897,0.6069357712707593,30.08719105045684,68.83522282042952,8.316107225426778,0.5920310648728271,31.486443175541112,360.0,0.8314632509835261,0.935537944390814,1.0,1800.0,4500.0,220.0,42.0,0.711163178858754,0.5894557560283141,0.785904249542914,0.43539053409195216,0.9732411702015701,0.9116988973411334,1.0,1.0,0.8953532670720215,0.9195097774251524,180.0,0.6996443015251856,0.794420827373605,0.7712946087198527,48.0,0.8680451047866793,1.0,3.4629917731048483,51.4010160445395,2.717305002778013,11.349917847848488,4.050774716605971,1.4618307064321867,0.8040420418880759,0.9904482783962751,0.7451104860653833,0.7290459843722924,0.6366322976090159,21145.585673489986,280.0,government_led,0.9471662033884876,0.8580574402876827,0.4015091915384924,0.6799543578481272,0.010084992876535128,0.2835371712352602
QZSTM_063,Quzhou Shuitingmen Historical District,Quzhou,Core,118.86254154331559,28.97158128287749,local_life_area,1,2020,2024,1,historic_district,0.9681302274286153,650.0,0.7018968207451425,0.5721941477426644,30.335669251511582,69.59948960625549,11.632238694609942,0.8015717260199268,29.733922470302975,360.0,0.9032378084938866,0.7728256392712648,0.960081216687145,1800.0,4500.0,220.0,42.0,0.8884025206673253,0.7222256513622266,0.9889378635562107,0.21002361086822463,1.0,0.9016370757936524,1.0,1.0,0.7515225785443574,0.6510608792393884,180.0,0.5408606888688908,0.822624871488751,0.6551187813492101,41.819799177721066,0.7771919898955617,0.9462277185244018,4.227058857575554,37.61411983464959,3.689115492218936,3.4192264163194603,4.9499141842770715,0.3209437654018401,0.09604793474031965,2.129015695788787,0.6722504553653789,0.8034936735043816,0.7710474123009364,30013.084728588314,211.6357326519054,public_private_partnership,0.7154298089167114,0.779621546506611,0.46877043701315035,0.639947984319055,0.27177577299120387,0.6150679707496269
QZSTM_064,Quzhou Shuitingmen Historical District,Quzhou,Control Fringe,118.84092175756761,28.964217761247752,tourism_core,0,2020,2024,1,historic_district,0.5144426157019345,477.33234717174497,0.786098412209967,0.6168442040908089,31.819958476139202,52.707217062729626,6.88398058966138,0.6180110546308432,25.18993023121702,360.0,0.6707879341318581,0.8434922139142427,0.9509195618748987,1771.7760968202401,4500.0,220.0,42.0,0.7433421977754728,0.6684951094364597,0.7285497138297549,0.24272088478976742,0.8413848926107399,0.7566887149778987,0.9218300884352417,0.8694568437764721,0.7560371862408453,0.7026650231671842,180.0,0.514396623627191,0.660807933115647,0.5837613727748794,38.866784545767175,0.7236035181420426,0.9648326989354262,2.572718255007403,71.9705775859774,5.478253574299968,8.984522033069894,3.0358987712182444,2.163256455253671,1.098841397079603,2.466310760272682,0.5724265535372759,0.40022718918147693,0.3920873779448758,18048.058876842657,204.72924188697436,government_led,0.8755038619496018,0.7345140825780052,0.32773815303597886,0.48068027678995656,0.08999810216221994,0.01954539749851
QZSTM_065,Quzhou Shuitingmen Historical District,Quzhou,Control Fringe,118.84381606097752,28.98570242801308,cultural_core,0,2020,2024,1,historic_district,0.3287209354522811,418.8425570867141,0.7242346806607611,0.5843000909358761,30.854552741865103,41.03781301603847,6.3001640659557765,0.5240849179218438,28.576987616003983,303.17809782696304,0.7459102707922187,1.0,0.9124005762903761,1479.525442110458,3592.656246079829,168.2201034256183,37.862033167113474,0.6235385044037054,0.5966187263681049,0.7830371279989876,0.3791257366162182,0.8283605164599034,0.804122151215146,1.0,0.943365003858119,0.6724468634829501,0.6140862952835758,180.0,0.30235252090461384,0.43275042885001813,0.5931295373040251,48.0,0.8619803174504952,0.9046390375459183,1.95567083997981,78.29146461469712,4.788632948416471,12.969609125074479,3.3643013555609733,2.667501987868946,1.5165842354963974,2.248538711765379,0.6009643468139474,0.3272984172221882,0.2037981379353831,10833.015194757136,146.48647976033155,government_led,1.0,0.5173728135807742,0.11538269883519439,0.5532803822793855,0.39822279968178126,0.3792364766503342
QZSTM_066,Quzhou Shuitingmen Historical District,Quzhou,Core,118.88276410749955,28.97642283936095,cultural_core,1,2020,2024,1,historic_district,0.7352245001755213,546.0505647289017,0.7779423661978224,0.5758077325880419,29.71406188816455,70.65665043946717,7.234319885234211,0.7127541581862069,35.0,360.0,0.9705275913868225,0.9977891577432305,1.0,1800.0,4500.0,220.0,42.0,0.8391461846153067,0.6233600037655918,0.9181643419460289,0.39216195889892247,0.9292147261616771,0.953153421935529,1.0,1.0,0.8299963722847472,0.8268617978000898,180.0,0.6615968347732983,0.8621613907009231,0.6879808657515667,48.0,0.8498759387649939,1.0,3.0608473765740936,88.01884620675402,3.5857992198742497,6.493344072236503,3.281505957921425,1.3902381505917534,0.9759073042612976,1.7888915557466565,0.7184107691083713,0.7064454187781333,0.39428141218569246,22979.569055711414,161.81212060490367,government_led,0.9689431425917947,0.6113676196152843,0.5094638407323863,0.8135090464242161,0.1913206053494239,0.5637816229470622
QZSTM_067,Quzhou Shuitingmen Historical District,Quzhou,Core,118.87453891755848,28.977629261160807,local_life_area,1,2020,2024,1,historic_district,0.9290031272834856,567.558955269822,0.6267890693501406,0.6365311072590528,29.703822762510065,73.22685773492702,6.014065952573855,0.65882969786468,23.028610769884445,360.0,0.9221582300342313,0.7770872067264741,0.9822590975296711,1800.0,4500.0,220.0,42.0,0.7867795805677767,0.5055119474695183,0.797060912215005,0.4133142746855136,0.9129237669995005,0.7913289992327303,0.9743040044533707,0.8360409315574584,0.738780343442136,0.6561211527209881,180.0,0.3685766742081089,0.8618657379129696,0.6644057023652996,38.0206712307421,0.6930475293373515,0.8427209014174483,2.442118924199054,70.40833735075184,3.834809388399255,9.232203665716417,3.4396173254168967,1.6280911851336586,0.9400454892640984,0.9147138532830191,0.7738326515109623,0.7351312889143925,0.5830056043469284,20562.67078334093,193.85297948151498,government_led,0.7365047018084695,0.6375738430680781,0.6612410123012739,0.881636780545829,0.35005241200388565,0.537827673252594
QZSTM_068,Quzhou Shuitingmen Historical District,Quzhou,Core,118.83932547917333,28.96499050999849,heritage_core,1,2020,2024,1,historic_district,0.6592689416639715,650.0,0.8190218009243163,0.5930893921904556,29.513250010914145,87.46920400021394,11.304339178541296,0.6924068607651878,32.78538322555455,360.0,0.8400572515759517,0.8509025764573658,0.9967608049283151,1800.0,4500.0,220.0,42.0,1.0,0.792975544685942,1.0,0.5967097414632974,0.9215971157158982,0.8011432184878821,0.978988881020478,1.0,0.7184998771852721,0.853814377827611,180.0,0.5452295498653983,0.8840111423627318,0.6804264458197855,45.09374681425006,0.7112984557750202,1.0,4.23752728410596,46.86209891585373,5.675575945791971,8.598836556582508,2.6314462203615294,0.6664166440500136,0.4762073296141819,2.765969055826151,0.394124859333712,0.5512442988861285,0.44898345574221077,26656.18854633064,270.21613905951574,government_led,0.817611641255718,0.6595654976183892,0.6964923546805776,0.3908208140621822,0.3956907109789345,0.5405281363341126
QZSTM_069,Quzhou Shuitingmen Historical District,Quzhou,Core,118.86236371483125,28.95468571966017,heritage_core,1,2020,2024,1,historic_district,0.483170833412235,466.30288112351354,0.8326343825983579,0.6362830753441218,30.320754561333572,90.0,4.650051415975817,0.4671946701750717,29.43973815700588,360.0,0.8578285404608769,0.838708938565975,0.9564220252011559,1800.0,4500.0,220.0,42.0,0.8143196076499389,0.7212103541469361,0.7454582115983442,0.5944512827632658,0.9416082693142777,0.9108516873414015,1.0,1.0,0.7540886584088282,0.9785044889931728,180.0,0.6432849202191552,1.0,0.7094314643854652,40.890169081465864,0.808815089921106,0.9901696251785891,2.3625628502847364,78.48505612075834,6.3223332230802365,11.077407873891348,2.611897280826138,2.255841336194912,1.2863048641442347,2.166218470358394,0.5202119205349144,0.3537780977163362,0.28118144612183493,17425.013159036607,181.33619142685046,government_led,0.7937782889536419,0.6655166331405198,0.9669271036753191,0.4915787301659985,0.0,0.38317410694351295
QZSTM_070,Quzhou Shuitingmen Historical District,Quzhou,Core,118.87120626408793,28.97310225754994,cultural_core,1,2020,2024,1,historic_district,0.43413280622177963,574.5060541352065,0.8127925042618724,0.5138038832756588,30.483739541984143,71.31545100083949,6.656385032647299,0.5972416493580633,35.0,360.0,0.9579562639769493,1.0,0.9654604568850966,1800.0,4500.0,220.0,42.0,0.8221972212618549,0.6834755293751822,0.817112175866938,0.4561261676712246,0.8824355600322629,0.7047902706023832,1.0,1.0,0.8379827736758267,0.7128307465897968,180.0,0.6964690798660836,0.8112613774669419,0.7678111184436767,46.77926337107174,0.8719997704568323,1.0,2.063589935065827,81.68333299003056,7.716405127151897,11.161675052817856,3.196021323967864,1.9782955986052455,1.4347845595555797,3.331380692944865,0.31140879529328763,0.4507979179813516,0.2800531477788347,19949.903070342043,162.62291333465382,government_led,1.0,0.5023070906853367,0.44380397100238,0.3915821903905667,0.05261527660679096,0.46953794913855856
QZSTM_071,Quzhou Shuitingmen Historical District,Quzhou,Core,118.84266535163358,28.971125529498977,heritage_core,1,2020,2024,1,historic_district,1.0,624.6108211411873,0.7420397129801873,0.5506327329539488,29.1929125769275,90.0,9.615468092984162,0.621117881686889,20.316802435380694,360.0,0.7525606162896739,0.6698735710688617,0.9699308997348637,1800.0,4500.0,220.0,42.0,0.8520838503516456,0.8056910640427566,0.8183858399179149,0.5944554674640041,1.0,0.7600293240344335,0.9100234389934817,0.8930995475726187,0.7626357330763539,0.7655401582456993,180.0,0.4453836002211621,1.0,0.5741312587612039,39.36492021804193,0.6601001591694923,0.9504978161477499,2.5947862387011003,56.975868164928215,4.70598699308574,6.75982090221465,3.0736972761539327,0.458849566500211,0.39741824446755314,1.8034945676241672,0.5408423729663214,0.5667652940630571,0.7798648828684078,23193.531338206605,238.20728961536923,public_private_partnership,0.8886831852262288,0.742337447629343,0.9355798223632608,0.7335716259347154,0.18311646263908507,0.4125156642245868
QZSTM_072,Quzhou Shuitingmen Historical District,Quzhou,Core,118.87169076085002,28.971018239399275,cultural_core,1,2020,2024,1,historic_district,0.8643272118947337,504.8861004696672,0.8067590939649923,0.5676444984716752,30.758378205822243,56.45246915916382,6.000255965364413,0.6013625624204179,32.91122008170575,360.0,0.8943407857063164,0.9705986281619143,0.9289427428675443,1800.0,4500.0,220.0,42.0,0.752737355735309,0.622876042994788,0.9388255725747022,0.1742610961633077,0.907436907055384,0.8679926687821606,1.0,1.0,0.7698687545709264,0.834196554319751,180.0,0.5364073719254869,0.7166486680541668,0.5979655788140337,44.88958158921765,0.8213005177275129,1.0,2.6252981723704103,63.3079268536264,5.8241085777678885,10.676282901236108,4.96780066735616,2.13471831588583,1.1649413870654775,2.344780891794815,0.513801803479977,0.7260421561719772,0.6875599149184424,20097.9253794448,171.11452850058058,government_led,0.9809037652976004,0.7335588746977838,0.337328230992789,0.485309130707357,0.006362756228311553,0.5438047131621411
QZSTM_073,Quzhou Shuitingmen Historical District,Quzhou,Core,118.86727391389064,28.974923816699828,cultural_core,1,2020,2024,1,historic_district,0.5154047658489922,589.4600874708017,0.7304731781088285,0.5604335089141965,30.61287261710259,90.0,6.026290954337128,0.6833100531932563,29.47518965575109,360.0,0.9448288557070951,0.9513029771302548,0.9748742459367861,1800.0,4500.0,220.0,42.0,0.8103174175505911,0.6939620365595955,0.8018430196647482,0.5228489820594986,0.7681762248294497,0.95848587142376,0.8983099872714086,1.0,0.7034249785666751,0.8663044058843786,180.0,0.5957877047333007,1.0,0.5562930048747515,45.95797018743094,0.9411502821448076,1.0,2.7800578255152093,67.1771486271759,6.051095226093012,16.308322700684748,2.831345344451255,1.7900243987085398,0.7504257321132956,3.4363488973456233,0.41856620333730515,0.43020144177382086,0.45818382572154226,25454.744328015557,265.29018786372563,government_led,0.9766509552482555,0.7752928354586205,0.9800801764455734,0.26170773974043704,0.0,0.45375209232571023
QZSTM_074,Quzhou Shuitingmen Historical District,Quzhou,Control Fringe,118.88290148350532,28.96030654442257,heritage_core,0,2020,2024,1,historic_district,0.8331755144288635,347.0899096771633,0.5354567263907581,0.4329242848884615,32.80984196523215,43.64868526303839,5.610107783388696,0.4523002569964829,21.763786364240257,332.30481443521643,0.3686203194626462,0.6401868150709797,0.6270882236396599,1464.6981697308968,2777.310450181957,209.09960613219758,39.366998031495044,0.6243524119944961,0.5457350072832345,0.6783780988142241,0.23395414480535515,0.6075127848693007,0.4955340486109079,0.7915401630710374,0.7016218945563791,0.4906433243501748,0.5977613833541578,180.0,0.32279498702923765,0.5477310563553632,0.34907666452411845,33.682231381930315,0.64102523490544,0.5611395552854234,2.45015287582389,92.7349945660125,5.693305565309804,12.243944239975594,4.8050005767420565,1.7745902215206693,1.0863847707609575,2.9008669616589287,0.41305126182218277,0.6501523355532317,0.526156075284678,16893.363066379017,197.6077923678591,public_private_partnership,0.4787933000211519,0.5815594003132333,0.29084422646685854,0.3215594904801228,0.0655041680704104,0.15827956902110782
QZSTM_075,Quzhou Shuitingmen Historical District,Quzhou,Core,118.88889839443416,28.97640649985153,local_life_area,1,2020,2024,1,historic_district,0.4294785262003742,579.9311402510366,0.7434912876450153,0.4442088521555158,30.71966486749279,90.0,7.388233192558249,0.6203521786020585,34.53865811988242,360.0,0.8593842606182605,1.0,1.0,1800.0,4500.0,220.0,42.0,0.7977025797516758,0.7543995394783036,0.9180722465318404,0.3697487302013287,0.9304444815155517,0.8914116544021615,1.0,1.0,0.8605760144709477,1.0,180.0,0.7310747551917718,1.0,0.684078110645632,48.0,0.9451413516068995,1.0,3.605516483687393,76.03606784675696,7.094175882144776,6.044616724576099,3.336690568167334,1.557654602751696,0.7919769223629329,3.30758519550277,0.282421769073329,0.5336735753735908,0.36081391824166187,25832.737385145254,211.02437721360656,public_private_partnership,0.9707685746672341,0.7446642108012993,0.8635377600915013,0.14581011728677243,0.0,0.25785140501599246
QZSTM_076,Quzhou Shuitingmen Historical District,Quzhou,Control Fringe,118.86983227544229,28.971634131489242,tourism_core,0,2020,2024,1,historic_district,0.5854179077327176,500.4314727486314,0.5899389277077556,0.3897270963289284,32.18324822634943,55.49871863470937,7.881026506362423,0.6109955961162244,13.681292765438089,303.83142656256365,0.7179963546223547,0.6951195980269618,0.7597681330746029,1643.7048951950592,3279.823601562701,210.70346609791696,32.40372644815996,0.6309832728495401,0.6179813716746454,0.7606040206605995,0.302474004323453,0.6998985551243989,0.5882492685438643,0.7366427876539278,0.7837992978748483,0.5591681632243738,0.6435336580955661,180.0,0.4169675085668291,0.6493071642348066,0.4718510816918922,24.796280638845776,0.5885816590942811,0.8115394441172029,2.35909405543578,65.35376738151749,6.713571165974691,8.255923840397728,3.7702398501653267,1.9667924294332444,0.7081068412031322,2.906057335803462,0.2874209686556219,0.36796272902043925,0.2768053298706626,18108.697957922075,82.12533570968947,public_private_partnership,0.6091168091238606,0.46073865091218397,0.30968961300904335,0.4018594387140376,0.1665898733230206,0.24756872801473934
QZSTM_077,Quzhou Shuitingmen Historical District,Quzhou,Core,118.86462949395589,28.96470655782852,heritage_core,1,2020,2024,1,historic_district,0.9305731106260405,643.6562225668062,0.7484509316353918,0.633083651799567,29.254178407038985,72.12114309432408,9.646807800926483,0.5563537314232573,31.925298765610375,360.0,1.0,0.8254028854405102,1.0,1800.0,4500.0,220.0,42.0,0.8599427883636478,0.7557820309532298,1.0,0.4178997635651661,1.0,0.9105168661327946,0.9694149900481368,0.9993916123913325,0.8306157092059866,0.9603176196564247,180.0,0.6034588658390735,0.8608628968458183,0.699789852018261,40.11190736965598,0.7328750049076804,0.9370735282642074,4.227719207207776,49.2042146948991,1.6060114602799447,7.025333393358228,2.6514516654228464,0.8072546438091877,0.4118982302744885,0.8081886187092584,0.8098617942838466,0.8653744425180523,0.7612523592924124,27330.10304748037,210.54187880326762,government_led,0.7948081880922534,0.883852141164294,0.3866258653737462,0.8398835322468942,0.06533719472219558,0.3424222851573434
QZSTM_078,Quzhou Shuitingmen Historical District,Quzhou,Core,118.8613213753605,28.95632486886131,cultural_core,1,2020,2024,1,historic_district,0.42920146186855823,529.080834566515,0.957525519142832,0.7614251171841582,29.052515585173087,90.0,4.111334665025393,0.5280074112563912,30.900568897540982,360.0,0.8538223293476377,0.8978346626346623,1.0,1800.0,4500.0,220.0,42.0,0.7058709553459286,0.5496537030422475,0.6617423544750596,0.4677543133922124,1.0,0.9879025506818238,1.0,1.0,0.9870907842389052,0.8383004069617487,180.0,0.6000915720614569,1.0,0.5225682769862423,48.0,0.7537500107864259,0.9679882084002692,2.1038992679866784,87.26807157353194,2.3965617308573384,12.645158434496109,2.650091336890615,2.0286741306923055,1.2944508966280297,0.5700508077397721,1.0,0.4549759320330496,0.23137396197952517,6231.842200133802,183.7240375370881,government_led,0.912212462530831,0.5855845243152087,0.7905750912599877,0.9945165115234019,0.2954346414163982,0.637566921511437
QZSTM_079,Quzhou Shuitingmen Historical District,Quzhou,Core,118.87726049341012,28.984689236024636,tourism_core,1,2020,2024,1,historic_district,0.9515493167616629,301.33049704936127,0.7644394530256732,0.5297361472120015,29.965202181237267,85.55323130647903,4.314425507559001,0.5331008267360849,35.0,360.0,0.90582349634489,0.8148281826522059,1.0,1800.0,4500.0,220.0,42.0,0.6391406242003638,0.4868615414968934,0.6573066126184208,0.5058769956682486,0.8527424802074248,0.8624607150070878,0.9965451001830002,0.9417788189502496,0.7592342836420507,0.7883530997263798,156.9616751705214,0.5850195359635343,0.9318801138588535,0.5189480471129682,41.48494708808487,0.754243714929795,0.8693600057382518,1.1986446968775468,95.0,6.470205281006076,13.779889473197276,2.5165892418466203,3.131827185574428,1.758489582498022,2.5887019989197495,0.4418236161375466,0.730554906346054,0.3335750818805187,7488.702244443064,122.41576161016985,public_private_partnership,0.7339248833553413,0.4028259098205944,0.6233387691540786,0.4691389601613636,0.11233982371458111,0.28457351510855794
QZSTM_080,Quzhou Shuitingmen Historical District,Quzhou,Core,118.86707431650916,28.981289890752322,heritage_core,1,2020,2024,1,historic_district,0.9472763093310564,605.7412258421465,0.990006042529276,0.7331138410524426,28.937766667287526,74.4566652148667,10.175293097004278,0.6770990386306005,31.858669580755716,360.0,0.8758855025082354,1.0,1.0,1800.0,4500.0,220.0,42.0,1.0,0.8326683575317121,0.9140547628410916,0.429971120718331,1.0,0.9285598578359399,1.0,1.0,0.9436667097250748,0.8709037995016286,180.0,0.8273604348450911,0.9690249275949611,0.9517222729312945,47.452299878923995,0.9150873998654588,1.0,3.7305162204459137,36.53795664244606,1.5,4.229443654732183,3.3571474101270002,0.9424845401046431,0.6691338623054542,0.05,0.934589072329831,0.8236546159637262,0.8833335495253463,26417.183872223908,205.10031929433956,government_led,1.0,0.8541750082671443,0.5447055988707007,0.8368267255223052,0.1656860081923327,0.303005001124695
QZSTM_081,Quzhou Shuitingmen Historical District,Quzhou,Core,118.8430404897261,28.970632044431166,heritage_core,1,2020,2024,1,historic_district,0.7057569723987115,521.6415546313333,0.90625908059577,0.8508708553269076,27.23483004141494,90.0,7.28305392896617,0.6817957085855282,31.00042070931122,360.0,1.0,0.7054314800848335,1.0,1800.0,4500.0,220.0,42.0,0.8678303768835771,0.7535639461985478,0.8481285115149236,0.6064113334456923,1.0,0.9222754064192312,1.0,1.0,1.0,0.8851870079677471,180.0,0.5980754150366078,1.0,0.5783181429533071,35.385293125468955,0.7038300111061547,0.9963020088365153,2.585872938689967,76.5192647692643,2.0113531060593033,8.663052976249265,2.0759898457235475,1.4875083623945802,0.822365424870779,0.05,0.9520681644852962,0.4987860424930984,0.34887657698720603,15430.87862859492,162.18321933377035,government_led,0.6474756897189065,0.4758561097369589,0.9046992862956331,1.0,0.0,0.5668538675209183
QZSTM_082,Quzhou Shuitingmen Historical District,Quzhou,Core,118.85539386330402,28.96403658237283,tourism_core,1,2020,2024,1,historic_district,0.5773150533421028,413.3854562488063,0.88226534093087,0.5505862404555076,28.9446488373745,90.0,4.803211971628674,0.4401670268041503,35.0,360.0,1.0,0.9665096689790785,1.0,1800.0,4500.0,220.0,42.0,0.742967870996857,0.5229449759998196,0.8302162798603814,0.3561929466684095,1.0,0.9114169470401815,1.0,1.0,0.8481107246167212,0.7291041232338912,180.0,0.5367446939393,0.9493151760456777,0.6342186343936854,43.25958602658267,0.8732103410688997,1.0,1.1847166108435194,91.15198545211976,4.326505918961626,12.79280421744313,3.4175850619277908,1.9326576953880918,1.5354867452680758,1.450411119414377,0.6795093206022742,0.5161577558585716,0.32195803042310595,16043.19182913847,158.09832711907234,government_led,0.9730511230478884,0.5176182622815585,0.7080519371034892,0.553206760389056,0.1531026628404446,0.5683337225934626
QZSTM_083,Quzhou Shuitingmen Historical District,Quzhou,Core,118.87589547294778,28.98757597382908,cultural_core,1,2020,2024,1,historic_district,1.0,585.8938887641964,0.5594388793706179,0.5685218371687482,30.70551473025047,82.55424941422146,10.513733341592927,0.8807230112029725,34.22735397725081,360.0,0.8641687708055925,0.9311832930830497,0.8102691482678857,1800.0,4500.0,220.0,42.0,0.7586966218569852,0.8560079521558772,0.7903815610841282,0.1656015187723594,0.7667269996416758,0.7791903361533252,0.7779732104639117,0.9916559449091894,0.5159640463682292,0.7474036298932086,180.0,0.4652705444020219,0.7732600103075961,0.4543015213525763,48.0,0.8760621392104488,0.8120681550631029,3.708748243577504,43.99425413188405,5.950879864125349,3.5300707825223303,4.470792130501305,0.7671142106329716,0.31799473234952397,2.4671141960458596,0.3834509551073921,0.9429067517345316,0.5511113954426189,32433.89757226056,183.17121564543538,government_led,0.9634887786062151,0.5669110647938189,0.7098977779782092,0.26796954989830324,0.2700508164412708,0.6570224691903603
QZSTM_084,Quzhou Shuitingmen Historical District,Quzhou,Core,118.85562291480397,28.96717939740997,heritage_core,1,2020,2024,1,historic_district,0.8539067551379507,500.8852107980763,0.8050229187163943,0.6404600651334256,27.827334006612034,55.86738719174903,7.4651631980349205,0.7849007484942712,23.809546613295986,360.0,0.7899902002436552,1.0,1.0,1800.0,4500.0,220.0,42.0,0.5832267037183592,0.5559971679279337,0.8094513407895754,0.5594920390844828,0.8944740840314567,0.883014004861599,1.0,1.0,0.9305133373878256,0.6713952611997237,180.0,0.7342672941834201,0.7063712003321319,0.462187328899724,46.786273133632825,0.8438327811089665,1.0,3.0352847687237867,72.67037872444607,3.062620470245583,11.766468605667846,2.798274146499262,1.6629286982807723,1.2018926257707923,1.0439744260534503,0.7717208506936324,0.9537849520412477,0.5651850423558259,26381.19656134037,193.91548541855434,government_led,1.0,0.6596953418430282,0.45812582923388,0.7794556120288729,0.2618535964754191,0.4613313270453957
QZSTM_085,Quzhou Shuitingmen Historical District,Quzhou,Core,118.89051954792086,28.99907737967255,cultural_core,1,2020,2024,1,historic_district,1.0,439.5205938807068,0.8951086380381347,0.7499172630088495,27.922866323402587,90.0,4.56405549327589,0.5217041305254686,35.0,360.0,1.0,0.8985382046903397,1.0,1800.0,4500.0,220.0,42.0,0.9020693447425968,0.6709774449987888,0.8054809113043775,0.5095109380343562,0.9130991393213664,0.9682225690651164,0.9616242681831646,1.0,0.8901640043805319,0.9390089651527038,180.0,0.6303007477164515,0.986164281932861,0.7633237144115617,47.18517336001151,0.7584859850516471,1.0,1.3227791358424685,95.0,3.9605638447765052,13.425053020301203,2.5278996483903224,2.5735648580516592,1.3024400276682873,0.7889669395140609,0.6986115008507428,0.9113986959981702,0.9111805957466941,13943.40134307284,205.11413689458843,public_private_partnership,0.8175897404659055,0.795716572398958,0.6977931508440124,0.6305258697975933,0.585440896890205,0.2183479644765973
QZSTM_086,Quzhou Shuitingmen Historical District,Quzhou,Core,118.87097369790283,28.978017347903656,heritage_core,1,2020,2024,1,historic_district,1.0,478.202257629069,0.6416045655979375,0.5196588094397409,31.44009402933119,58.72386613746737,7.335434106065977,0.6002554879242099,35.0,360.0,0.6854689589330977,1.0,0.9900621596349151,1800.0,4500.0,220.0,42.0,0.7610855912201346,0.6938111251295289,0.7509897860242187,0.417509389396986,0.7353750308408562,0.6571304234557878,0.9086681930021739,0.9288588739082974,0.6966290099390515,0.7747820235872052,180.0,0.5380525423837734,0.8950072596738363,0.6196545836642211,48.0,0.8755702641828997,1.0,2.6406608001765224,92.57988882179802,5.577919540464008,10.220809738950702,2.6096935371376326,1.8247644903882096,0.9116552964686281,2.411548128029165,0.49277227912611654,0.9410909684203265,0.9220482895333714,15641.16716101773,203.44914190330985,public_private_partnership,1.0,0.916370295614002,0.4427125205846144,0.5128353729490204,0.2859149110661313,0.3842767392043215
QZSTM_087,Quzhou Shuitingmen Historical District,Quzhou,Core,118.85104322714555,28.97524512749521,heritage_core,1,2020,2024,1,historic_district,0.7842017773781466,534.2660626521272,0.8882820908582019,0.6511144095699256,26.84403365856766,90.0,7.78998704278586,0.6581083117763001,35.0,360.0,1.0,0.823441934594819,1.0,1800.0,4500.0,220.0,42.0,1.0,0.7207623422749074,0.8663988737089757,0.2717285599533049,1.0,0.98331136503989,1.0,1.0,0.9188632530515104,0.9068859955476192,180.0,0.6531931755707446,1.0,0.597115899909744,38.95772125360335,0.768020015506855,1.0,2.8598100425390305,79.61519441515705,1.5,4.645188122956921,4.267279604281342,1.2783611917037703,0.6268646250832857,0.5479077702392521,1.0,0.618678602688242,0.43117774016266647,22977.374630776743,176.14874707168968,public_private_partnership,0.7964222405502788,0.6299248497313711,0.9274230021864532,0.9276871110861236,0.22805049209496986,0.6004663329024215
QZSTM_088,Quzhou Shuitingmen Historical District,Quzhou,Core,118.8628365492349,28.985747185103207,local_life_area,1,2020,2024,1,historic_district,0.7780003200349237,639.2590622619484,0.8639697398029387,0.5630362157324831,30.860806700856163,74.21066294512539,9.000904594461419,0.723640606935245,19.12782358549075,360.0,0.7221972667978939,0.7187838050932607,0.9703319934000754,1800.0,4500.0,220.0,42.0,0.969539695152875,0.7807670450136335,0.7986551832744316,0.5333439761854211,0.9328980001244781,0.8038149666027429,0.9839122303022076,0.962807223432021,0.6234896171083953,0.756080407077929,180.0,0.5958532520922369,0.8475982364280679,0.6116156997099192,31.527613606816377,0.7349051326173276,0.9895194082056016,3.594550949387444,64.7827814031006,4.25016479251329,6.594284761381212,2.4367739448363044,1.4998016455373198,0.6094154928909938,1.3521044340354718,0.6076806811397707,0.5541658049604156,0.4224605127151432,29348.008747354903,237.8800035224256,public_private_partnership,0.7382577552503543,0.6315177435702111,0.6379684645305284,0.6292087726487816,0.0,0.4879738183527871
QZSTM_089,Quzhou Shuitingmen Historical District,Quzhou,Core,118.86742749776745,28.968718318103747,heritage_core,1,2020,2024,1,historic_district,0.8588839060594778,489.63203383031583,0.8361085655917323,0.6241451589438385,30.090131261344506,90.0,7.524312026165733,0.8300877293900448,25.470492750851385,360.0,0.8209896832662694,0.7570675960152197,0.9003456991941707,1800.0,4500.0,220.0,42.0,0.8096022420822792,0.75849098663244,0.8344686119166537,0.6515633630822215,0.8328462220703708,0.7794082920405068,0.9864900230236751,0.7999354374526811,0.646519682154945,0.7914479331062098,180.0,0.5455632472434067,1.0,0.6927274018238383,30.630849509712295,0.6718428317752928,0.9762157968951802,2.7592341131747604,75.26964833289053,6.006627884009183,12.100627309575401,2.6721315700921235,1.6618695643386723,1.074550998322835,2.506007407800802,0.5609107858125024,0.6511118268940836,0.6898300407105716,13367.804619801802,228.7033582753614,public_private_partnership,0.7504732603519247,0.7341983102857899,0.8433743347613901,0.5407516425449147,0.1069640211900387,0.37826371874840037
QZSTM_090,Quzhou Shuitingmen Historical District,Quzhou,Core,118.85935920778066,28.976441152634177,tourism_core,1,2020,2024,1,historic_district,0.905362561540269,559.2730018252836,0.8293399029883431,0.5087819628302446,29.454595387762453,83.49867504341312,6.456747294906174,0.7130307660114921,35.0,360.0,0.9651542115196349,0.9607843462610671,1.0,1800.0,4500.0,220.0,42.0,0.7219594731063492,0.7808405666870459,0.8248176744011012,0.2374028722072939,0.9064899852587893,0.9405909631664152,1.0,1.0,0.8869115681615546,0.8343550984348305,180.0,0.6822823857038631,0.8875903675190923,0.6426503992113212,40.6542549945736,0.7172730617480159,0.9614927520891556,3.1333517183940556,67.45521375650446,4.849021129804935,7.295050617642101,4.0149769246371685,1.3195492963674702,0.9113977189570192,1.6704022495058681,0.5446686511516318,0.8595292921837152,0.7009385383964499,21241.438416076486,280.0,government_led,0.9275102444655757,0.8407835731338876,0.561002446641397,0.5544255153009351,0.11391674160275002,0.5300107604416968
QZSTM_091,Quzhou Shuitingmen Historical District,Quzhou,Control Fringe,118.86654112490545,28.982108541694704,heritage_core,0,2020,2024,1,historic_district,0.7474150283632311,353.99942887472156,0.6631908146654945,0.5315832109171544,30.373645578306448,44.002149271633655,4.049927314182916,0.6177890225181761,14.952550015552063,333.8477547480016,0.7589410297547999,0.6967813651914958,0.8133555927400167,1800.0,4500.0,205.9246282605932,35.859928603248584,0.47383625553213005,0.585991801579472,0.5464337760189224,0.4123786234063679,0.6884519658860658,0.7581011403755437,0.873001955994702,0.7710949153727223,0.6350078723354282,0.6170921574378955,180.0,0.3588286001685039,0.5917867057017553,0.552234827708703,31.312650093974252,0.5875125009731722,0.8093558046090602,1.8234479527396183,83.84288160830472,4.9920121033758305,14.175505210055217,3.492997304174217,2.033076041271462,1.159834599890082,1.5559485849423005,0.6339806657156852,0.5135161454202407,0.3922284458217667,20022.55681550203,173.13746107217605,government_led,0.6819860508759199,0.540982033571582,0.24939908479109807,0.7014281179459684,0.0,0.08235866563964538
QZSTM_092,Quzhou Shuitingmen Historical District,Quzhou,Core,118.86104311514441,28.976360110193053,tourism_core,1,2020,2024,1,historic_district,0.41314363946622124,585.4428700200901,0.9519622494833927,0.6896647664252119,28.933411367200183,90.0,9.417883812797205,0.6972793827995837,35.0,360.0,1.0,0.9420031148809237,1.0,1800.0,4500.0,220.0,42.0,0.9597172884317143,0.7041723001426113,0.8507495759765211,0.4497237192939063,1.0,1.0,1.0,1.0,0.9276018312199465,0.8972748112927074,180.0,0.5579916215945053,1.0,0.6827791644169053,45.66051598078797,0.8569023520322174,1.0,3.529302144986276,58.17013954604383,2.505926906831312,5.8088654989238995,2.991848914563396,1.4669611188944702,0.8973273448121615,0.2942181039109958,0.8762469303295447,0.3226393702762303,0.15075114701849193,24035.09238193175,159.53777123394087,government_led,1.0,0.567647134679469,0.7053690368770397,0.9276029359971109,0.0,0.26651070158476015
QZSTM_093,Quzhou Shuitingmen Historical District,Quzhou,Core,118.85650007583646,28.97205153896073,cultural_core,1,2020,2024,1,historic_district,0.8999197591390143,371.2614475602932,0.7995736486475967,0.6046696372404495,28.93696826620119,90.0,6.6251762084175825,0.5379599078177458,19.212248470838784,360.0,0.9418808633695905,0.8517521509908559,1.0,1800.0,4500.0,220.0,41.49391705415374,0.6569330804060503,0.6497102485340893,0.5615637162195863,0.3009154201025631,0.9196745483871099,0.869147586712552,1.0,0.9692445359287392,0.9953611458432696,0.8975256386166787,180.0,0.49909126750132354,0.975769168140144,0.6400650054260533,37.08087052536795,0.753737912045114,1.0,1.452549558758771,80.54032161757361,3.328970265951112,17.103794278527996,3.6622128617943415,2.91403191176996,1.7346655578530132,1.1549310542493731,0.8194738091770264,0.7808906267478986,0.7033779889770254,12875.170779461518,166.83936299042995,government_led,1.0,0.6610317966740955,0.6837522743129852,0.8912029883567911,0.011840142167866876,0.7202708710888808
QZSTM_094,Quzhou Shuitingmen Historical District,Quzhou,Control Fringe,118.85016438968854,28.975062489451656,tourism_core,0,2020,2024,1,historic_district,0.5649089540178999,375.13691036217017,0.7995101406867072,0.5013724794383863,29.885481794212208,52.46607727659955,6.583988271937422,0.5612558486983767,21.1550991412967,360.0,0.7896906786569382,0.7894013469187834,0.9307632919041581,1800.0,4500.0,213.70968519869078,42.0,0.5698423773817914,0.5541964646102017,0.5690442413850861,0.503398776739773,0.8585135351074269,0.8170949842227917,0.9870672760464465,0.6832308691917325,0.7607790607059753,0.542371970069832,177.02631605880035,0.5453296892568169,0.6072772170909224,0.3759808852822716,38.24393117339031,0.7276208495998597,0.7465519378266534,2.0065848828172297,79.55536113254696,3.2487743691378848,8.98027698298359,2.794725908203009,1.7459463009014,1.0128271910501963,1.2752540489748132,0.791186336987165,0.35169948807161017,0.31352521939418354,14052.314297211244,143.86952157720992,public_private_partnership,0.56207015953125,0.5545711492629407,0.2695929249748843,0.6968013502605429,0.335254901203225,0.33858339400885434
QZSTM_095,Quzhou Shuitingmen Historical District,Quzhou,Core,118.85335096811575,28.962144605389387,heritage_core,1,2020,2024,1,historic_district,0.8587370042318249,650.0,0.5878765804170102,0.47829443523730497,31.66274119650358,56.3372300675705,9.253913509661015,0.7373358434604045,24.44420860514201,360.0,0.8292847798549862,1.0,0.8847929393148903,1714.974955638478,4192.235578871216,220.0,42.0,0.8026183308345978,0.9111715155580952,0.867561284909266,0.2365665474158233,0.9763950561939425,0.8143477269438324,0.9213158974610296,1.0,0.6232267612740379,0.6142888732806121,180.0,0.4933779566479716,0.6852198666655847,0.33401169530381547,42.228744008874564,0.9239470760810474,1.0,3.763597038691171,57.243636932067815,8.020927977342215,5.542695803746931,4.177641236178988,0.46301162537500107,0.5910156269063221,3.475029521152099,0.2784792765386233,0.836435551578113,0.4082207892435205,27995.18559299993,150.23017174123538,government_led,1.0,0.4374010140947956,0.31369511738488554,0.34946493324785305,0.10432726213730605,0.5271534256225271
QZSTM_096,Quzhou Shuitingmen Historical District,Quzhou,Control Fringe,118.8829957699622,28.98014782723733,local_life_area,0,2020,2024,1,historic_district,0.870054968852009,480.97535676257155,0.6733261601959625,0.5497516941765855,28.819089253557593,52.98274814097731,8.005068478048289,0.49106506355274465,32.868479203750425,316.9138121492057,0.8893303473227436,0.7641126076900936,0.8429826357456122,1800.0,4500.0,218.95273429868453,42.0,0.7767163623378881,0.7697001240545269,0.7967267378721256,0.457001273362529,0.8582751449469265,0.732730150302453,0.833958601354219,0.8861325250860564,0.7253111404988812,0.670420681733644,180.0,0.47039752810245117,0.6003648580666076,0.38336709299521976,44.078118380825046,0.6417350719438089,0.8121232047298684,2.9614348588750072,71.31197268468537,4.178236264258869,8.191545936935285,3.3719625178981794,1.2555015189739371,0.8812573155787539,1.5813300199662876,0.6353803006107188,0.7463624363721214,0.3821470649001395,22757.980189906095,153.6192481563694,public_private_partnership,0.6518194045927627,0.5042187304120863,0.23060271021219209,0.6193386832121238,0.26345246112048065,0.021655367195091497
QZSTM_097,Quzhou Shuitingmen Historical District,Quzhou,Core,118.87444020979697,28.967097355349516,local_life_area,1,2020,2024,1,historic_district,1.0,634.7003602289809,0.7340483860168435,0.7789566658453209,29.83305022061438,72.61781531644405,11.043527853289085,0.7732618597287612,17.35264996704949,360.0,0.8006444700650699,0.5583495697845657,1.0,1800.0,4500.0,220.0,42.0,1.0,0.7787571612435126,0.8796048262081586,0.5720552143761253,0.9198298863486567,0.6693417592202766,1.0,0.8335619057770877,0.8389544495229637,0.5885446349717378,180.0,0.5485991772697681,0.7562256125161182,0.5849134956986517,33.016350369103414,0.6637002364544449,0.8393060134664261,4.021370991566218,59.64198859797686,3.5399557022773105,4.640484766903626,2.4398017155417477,0.508313613002668,0.3242245779821406,1.8710770519457558,0.6687770343834601,0.5342356073160365,0.4143322386542433,28804.707245225556,94.45920733612735,public_private_partnership,0.5617092196977336,0.4286276821967465,0.44105939500059216,0.750609280915516,0.3398393954129647,0.3634033425840834
QZSTM_098,Quzhou Shuitingmen Historical District,Quzhou,Core,118.84768641033187,28.966370216330503,cultural_core,1,2020,2024,1,historic_district,0.599622898319839,412.20213910377447,0.6135040408992052,0.4993565715642461,30.35771623597687,90.0,6.443572561474438,0.723551659087703,28.715841329514163,360.0,0.8927940030106001,1.0,0.9769992199208034,1800.0,4500.0,220.0,42.0,0.7996842826219511,0.6125451947515214,0.6690440542949266,0.2491482115401624,0.8998222032673899,0.8141721621423291,1.0,0.9210123275880155,0.7399029248043786,0.8133465645716551,180.0,0.4367295053768676,0.8435251617018562,0.6380286426288422,47.60542166786083,0.8037733180768677,1.0,2.305359230169429,91.25021795448065,4.2279119764551885,14.01213655140262,4.514452177987716,1.4471365228102067,1.0506129527586399,1.164775621902157,0.591903018386474,0.526460583124949,0.26740901463911954,18712.611351329164,100.91966876765316,government_led,1.0,0.43682544669755463,0.7377998710494643,0.5585325702534671,0.43159934473944583,0.4087544805536407
QZSTM_099,Quzhou Shuitingmen Historical District,Quzhou,Core,118.86072187188196,28.952695173962404,local_life_area,1,2020,2024,1,historic_district,0.9253032657752227,650.0,0.8928297648082583,0.7718949789051939,27.447302190478304,90.0,8.81005686806251,0.7918552660488536,35.0,360.0,1.0,0.9429613119337295,1.0,1800.0,4500.0,220.0,42.0,0.8741829498461223,0.8196454471003178,0.9271350680534444,0.42872688555312344,1.0,1.0,1.0,1.0,0.9527408230821004,0.8691706467022208,180.0,0.6611481014313393,1.0,0.5380324180598123,43.473505470687414,0.7562359928953225,1.0,3.2428341529503912,78.95496935500664,3.394390169027308,5.115594322580782,2.7757051269562822,1.475402890939166,0.6988916395961083,0.27534437763798914,0.773802510569294,0.8537032102689562,0.3837579624326459,25098.348835510376,127.57937034113273,government_led,0.9309796065032345,0.3818348212004016,0.6634040921037374,0.8525311442750938,0.2561267476215184,0.391984903024586
QZSTM_100,Quzhou Shuitingmen Historical District,Quzhou,Core,118.87995305859927,28.964813361152387,tourism_core,1,2020,2024,1,historic_district,0.8504324167812641,401.447624877413,0.8853768450397116,0.6696591008546057,28.3295094165534,75.11064904553547,3.6957520531198362,0.4997317101462021,32.974907239172026,360.0,1.0,0.9510032224206446,1.0,1800.0,4500.0,220.0,42.0,0.7744815228345938,0.5860806900877475,0.895846876685543,0.4003586019822123,0.9445089870733296,0.9554390482839158,1.0,1.0,0.928084749878436,0.8549777132641859,180.0,0.5817963563400873,0.9384104218670579,0.5969657939684327,47.686711959298925,0.8391821779828823,1.0,1.9379214519214834,92.58154018556448,1.5439433203131734,16.935787711906244,3.0441381071233846,2.814185178065204,1.3215694889039904,0.6042803126087509,0.9732454763169626,0.8079364501161359,0.6533273552180163,6873.352654732451,237.06718221564762,public_private_partnership,0.8847505627867059,0.7339871840104085,0.5169003525144753,0.8898443786917691,0.28124253252440734,0.47369549489132695
QZSTM_101,Quzhou Shuitingmen Historical District,Quzhou,Core,118.85838748711579,28.98419474283745,heritage_core,1,2020,2024,1,historic_district,0.8014681678679975,577.754288024666,0.90132864787716,0.6275935528146501,30.131738821486252,90.0,7.163514665901762,0.758713300295269,35.0,360.0,1.0,0.679532579144411,1.0,1800.0,4500.0,220.0,42.0,0.8450704393292215,0.9060739719849024,0.9620905493554753,0.3255390895347118,1.0,0.8974749461559277,1.0,1.0,0.7833519833177002,1.0,180.0,0.7938717654592893,1.0,0.8016817923013583,36.63337510843961,0.7649670168262508,1.0,2.819102392007382,59.516107023931546,5.1285120758242675,9.605905886020379,3.6771755502629584,1.4533438201014468,0.9105251738225904,1.672292527615811,0.6559912580852401,0.4163738725454364,0.5273545159311415,30759.984032007676,182.48203832745656,public_private_partnership,0.7178803922629788,0.6586647936785227,0.9901962709098413,0.5300105254808902,0.27084717047569873,0.8566590479375091
QZSTM_102,Quzhou Shuitingmen Historical District,Quzhou,Control Fringe,118.87784745059474,28.987135532953708,heritage_core,0,2020,2024,1,historic_district,0.8229874666373496,603.6113146959796,0.7347158259930495,0.5480888058024116,31.500279759063943,42.26333975493862,10.521779791561109,0.6816230068216074,22.405911101863268,352.88275249791826,0.8732409025797246,0.8168467567177489,0.9811079772776771,1777.132906935887,4099.487195824839,171.51096955942228,42.0,0.8076313733105378,0.8067015107105912,0.8496780408214417,0.34524707908692803,0.8955484569833952,0.8598708490678215,0.964958080564249,1.0,0.7180994742231536,0.6884722235781116,180.0,0.47426288216014184,0.7074261204914016,0.476783975546205,36.80714029869134,0.757571953392164,0.9490965444532385,2.9603157872002663,53.41788331145209,3.286232429953177,8.531925091359192,3.9679813476355625,0.8496107049976299,0.49270224791535505,1.9962527313252763,0.5849341840683273,0.7723480221561523,0.40280280374567534,25063.37456284022,153.48842806216408,public_private_partnership,0.6968568406413237,0.5619067403478215,0.11535924390521093,0.5682055808630126,0.4539105574953988,0.4182983539680615
QZSTM_103,Quzhou Shuitingmen Historical District,Quzhou,Core,118.85557333076585,28.960996983487334,heritage_core,1,2020,2024,1,historic_district,0.8766527111329745,518.9092388634679,0.9260653465537946,0.612224846388906,27.791910370549104,84.23193267349747,4.662990569819674,0.6032035941356075,35.0,360.0,1.0,0.9722189065690829,1.0,1800.0,4500.0,220.0,42.0,0.8540264034076109,0.6706215222644117,0.9108182015581026,0.41095633795557174,1.0,0.8618988876306359,0.93681218069235,1.0,0.8258540836762457,0.8904836251153114,180.0,0.31786833541729326,0.9638656299214758,0.6640654464567419,45.87848594820987,0.9165001309537671,1.0,2.4137669587700366,82.59504903402407,4.614481731477185,12.490515002402436,3.340725054107965,2.2880274680112986,1.0115668510229145,1.9084666538467394,0.6065725002438895,0.9112686325353676,0.43349924096334225,16595.84891067216,174.62214054923618,public_private_partnership,1.0,0.5247935467194889,0.6624717287897487,0.6812818577486195,0.017751704027897962,0.3653580172427904
QZSTM_104,Quzhou Shuitingmen Historical District,Quzhou,Control Fringe,118.85631730651262,28.968105397444038,tourism_core,0,2020,2024,1,historic_district,0.5834347580129132,585.1916944100573,0.7965631142396231,0.6133283628883984,31.3094005052323,61.95040218951485,10.348066647391786,0.7042857907765837,11.00531792229736,291.39507730207316,0.733183925825402,0.8046554690927853,0.9859546755840467,1800.0,4500.0,220.0,41.20431464270649,0.7814705728017337,0.6058767376700367,0.8751374597022942,0.38537198880985285,0.9275894793733781,0.612418897303887,0.8818809027077216,0.869063852477299,0.6165697200106718,0.429007809418274,165.04554667292658,0.11217309817846005,0.6960596457973771,0.3549820588606693,42.46939089994121,0.6738338124544889,0.8963204724320023,3.8099513072931614,54.239396642978086,2.890956077071259,4.664069927373372,3.8507214130183702,0.8812204145155879,0.8224660484470536,0.5593846751696734,0.840778916062813,0.42240084935575056,0.13572210242560215,28292.456796495986,81.62012894066223,public_private_partnership,0.7184936168641539,0.201968714679216,0.5378556159639563,0.9447825215096176,0.1915379814744084,0.3044183718557477
QZSTM_105,Quzhou Shuitingmen Historical District,Quzhou,Core,118.87261486702654,28.963029992618143,tourism_core,1,2020,2024,1,historic_district,1.0,635.7021307816884,0.8494814746585277,0.6395125214652557,28.640659749728695,78.41302990400803,8.178155109903924,0.7404334182901187,26.62219568228651,360.0,0.9461155991364427,0.8952927449147511,1.0,1800.0,4500.0,220.0,42.0,0.7542222913211765,0.735811912367053,0.6654807987940426,0.33974263800214344,0.9139845802264748,0.9528285852018571,1.0,1.0,0.7394851922296907,0.7766545752892169,180.0,0.6087642769786867,0.9862473235161012,0.5520250284518777,41.575702649674994,0.789690180289741,0.9431273276343178,3.6688594124280627,57.146565960956515,4.401948070125728,7.417850166174053,4.200323851000002,1.1457451915333003,0.31008161325789424,0.7216712607011493,0.8605933220761804,0.9352035813832563,0.7831681218882913,29455.12830423436,254.10066812066364,government_led,0.9160695548354623,0.7630757043998915,0.6637485153931219,0.9312442684225685,0.19861301840520923,0.4673348570696229
QZSTM_106,Quzhou Shuitingmen Historical District,Quzhou,Control Fringe,118.87389734320176,28.968620925052335,local_life_area,0,2020,2024,1,historic_district,0.6524471549912245,292.7937306105252,0.8233566785678945,0.5705377291801197,29.691302071923953,71.8764021322034,3.9853975887010447,0.36138353242062127,33.279973302523935,360.0,0.7664201281352875,0.6048588219281823,0.8508793622702692,1800.0,4500.0,220.0,40.527293138974855,0.6297206046420545,0.49167360470798077,0.5431106333790033,0.4153065935624949,0.8333945165588388,0.7658532260607441,0.9039766104032215,0.9321543858352417,0.5901672636989141,0.4444605782855017,125.91917474086038,0.3699210441491917,0.7340954800124371,0.4557737835276431,28.37502321873967,0.5859390273309095,0.8379275396082522,0.838992426094862,95.0,6.770392958759235,14.89784973517195,3.5429172348718163,3.0219420678548286,1.5317360727473004,2.889191380271055,0.42124724985185524,0.2691472860098174,0.18729199221537207,4000.0,90.86636176786874,government_led,0.57069526284835,0.26573327050714163,0.5591537838399484,0.5067662350012649,0.2352442028861324,0.15089395316440565
QZSTM_107,Quzhou Shuitingmen Historical District,Quzhou,Core,118.85229561860795,28.974512334789516,tourism_core,1,2020,2024,1,historic_district,1.0,650.0,0.7803587434555326,0.6565191307590219,30.60144611370415,86.10592777561243,8.867754343353617,0.7292341255089141,35.0,360.0,0.9274609191960634,1.0,1.0,1800.0,4500.0,220.0,42.0,0.8419354713431423,0.8522755818836335,0.9542916707042371,0.40893561901399134,1.0,0.9895571083905871,1.0,1.0,0.7809757422138708,0.8930576830808195,180.0,0.7385708465853721,0.9013472132673543,0.6861337268720545,44.85075402614731,0.7901105367032482,1.0,2.901224226153878,45.62838650161337,4.876443695824428,5.953858036220021,3.640749123860969,1.300061075106233,0.4824082264940864,1.1551108074827547,0.6359284744883303,0.9221269799599853,0.653238476547884,26936.482513460483,226.4925923877307,government_led,0.9628796395533622,0.7909326933011799,0.6814170855368972,0.828974377223604,0.34621140083234214,0.7056795319024369
QZSTM_108,Quzhou Shuitingmen Historical District,Quzhou,Core,118.85047844155247,28.97192147828029,tourism_core,1,2020,2024,1,historic_district,0.8428778070220612,444.61186537213473,0.737569518020765,0.5882321514565421,32.36721806919434,56.870530514016416,6.052967734809824,0.46008670564967713,32.4204496508946,360.0,0.8936625793046653,0.7820759623267172,0.8301120420282221,1650.2100269511893,4500.0,220.0,42.0,0.748265641985364,0.7097608295934122,0.8305688092241845,0.47734391041125035,0.8416951559383309,0.7504579148607788,0.9285420261484859,0.9814245903050028,0.6287970084824088,0.9162191611598525,180.0,0.784287291074583,0.8097637230517746,0.7170809734252815,39.23477698174414,0.7814771954589048,0.9937817214299213,2.6334763670056356,71.3498666741386,6.595173879190704,11.658748722529772,2.584423572887509,1.9850779918016033,0.8906453567510502,2.35147913600006,0.3872041812766622,0.6613114453613069,0.8262789691797616,16180.491433259256,219.1382267242998,public_private_partnership,0.8737447889486119,1.0,0.34130546476520196,0.31688933952328646,0.018472489346537967,0.30144846254517366
QZSTM_109,Quzhou Shuitingmen Historical District,Quzhou,Core,118.8667694350577,28.975224515956782,local_life_area,1,2020,2024,1,historic_district,0.9898491668911424,650.0,0.7661463262736881,0.5798390312181868,29.16171217406163,59.61497125579424,7.150998495018261,0.6352382743631809,35.0,360.0,0.8753162381219144,1.0,0.948480285475569,1800.0,4500.0,220.0,42.0,0.8414314503434775,0.7621868849040767,0.8422259480011071,0.42927382909337275,0.915523978373856,0.9196575337963581,0.9055129199229187,1.0,0.6876931361454348,0.6138811063069086,180.0,0.4734346451929274,0.6831390312662894,0.6441290845604238,48.0,0.8631886569704292,1.0,4.019434772950592,75.167482120292,5.982142398603738,10.61621783891397,3.265923494849877,1.5177510544749806,0.5736805431958433,1.8343659889659822,0.4967261272820328,0.9417193229835448,0.3535588925249621,18575.18376373271,131.7399199230079,public_private_partnership,0.9310950761833903,0.4518734550367852,0.4049846067288196,0.5770777541832589,0.31141771348401215,0.338255082012331
QZSTM_110,Quzhou Shuitingmen Historical District,Quzhou,Core,118.86100436931376,28.97326006314779,heritage_core,1,2020,2024,1,historic_district,0.7740660247522857,469.3249653169888,0.7810822758724332,0.5170169343807115,33.050788403519036,89.38291096469446,6.621759505867329,0.7616994296445894,17.754772066152377,360.0,0.7447507041663752,0.9979620539680998,0.8173438786729575,1800.0,4500.0,220.0,42.0,0.8470242249474731,0.6570338539558186,0.8024196319009622,0.3859161115099965,0.7861627404243292,0.711937285249956,0.9884641935117142,1.0,0.5446794267947096,0.934658051943919,180.0,0.5361755032918453,0.8960839028589203,0.6412189894826543,41.68663417517577,0.8739517669601122,1.0,2.8384101172976894,57.2514573020136,6.6648025109489675,7.540031431335951,2.880734217696039,1.3418731303402736,0.7462453571396744,2.4374131478250116,0.40589515984996605,0.7739136261234121,0.8058262926906842,19579.242741953552,254.0974785837072,government_led,0.975349323923683,0.9590897766346201,0.7103980869832475,0.4004831832925813,0.09561246090116146,0.40543194075493993
QZSTM_111,Quzhou Shuitingmen Historical District,Quzhou,Core,118.86598563266362,28.95131788699541,tourism_core,1,2020,2024,1,historic_district,1.0,435.4399412792153,0.8391909542538911,0.6404344803221397,27.175785857227,69.67986989003825,6.3651310221627195,0.6077653801532875,26.03486328493244,360.0,0.8293589507211324,0.8895370526280406,0.9490416478852621,1800.0,4500.0,220.0,42.0,0.7465161419252244,0.7152810825024468,0.6714280862484178,0.4894373550392239,0.9375049152068979,0.7690327066980095,0.8810292493559163,1.0,0.6562603888449989,0.8952596050796062,180.0,0.6634008112223964,0.9062671596431958,0.6764823143642933,40.732961301792926,0.803694804245956,1.0,2.50872881772509,95.0,4.53877386248937,14.132631145204277,3.074072697696493,1.7205251351132216,1.3691313884033385,1.5667652989755025,0.6866212949364557,0.9451098178762674,1.0,20373.296108911964,247.0975176818725,government_led,0.9443549637003659,0.9826411754894034,0.5907560800818883,0.6648466388286501,0.0,0.2698340026669099
QZSTM_112,Quzhou Shuitingmen Historical District,Quzhou,Core,118.8678140661817,28.962247650533858,cultural_core,1,2020,2024,1,historic_district,0.7006398216423697,650.0,1.0,0.6293857168730689,26.20932177673233,87.59074585265056,10.517414886694677,0.6059112939554763,33.59758430423522,360.0,1.0,1.0,1.0,1800.0,4500.0,220.0,42.0,0.8655437700579973,0.8350429212392145,1.0,0.4068406418096532,1.0,0.9373375894075209,1.0,1.0,0.842334118652071,0.9356533672676252,180.0,0.8101144939912264,0.9365513987923364,0.8445726600668085,47.40912586333877,0.9308466018653255,1.0,3.3521183075955454,66.99096477628328,1.9499578735739886,5.8905514446074765,3.8558900422410023,1.0431979847157982,0.9528180677413876,0.3989716553592167,0.8847234638116631,0.7078627873305532,0.5954290298161327,29237.461774840416,274.557712759665,public_private_partnership,1.0,0.9653732725917447,0.6071482858797783,0.7742124313724894,0.10820270204936622,0.6018877362367658
QZSTM_113,Quzhou Shuitingmen Historical District,Quzhou,Core,118.87601687991736,28.969277244515606,heritage_core,1,2020,2024,1,historic_district,1.0,327.4632409097345,0.8159313608849296,0.6237969911150629,30.643664698060352,90.0,5.413583478339155,0.569184565381306,22.627274122848092,360.0,0.75555866366812,0.9236122325576194,1.0,1800.0,4500.0,220.0,42.0,0.8874540642783428,0.5810059057122334,0.6875214232141159,0.502390059255752,0.92792948192924,0.7783478918258239,0.8917290210954413,1.0,0.7370322810183607,0.8489778118237923,180.0,0.46608296658698406,0.9359296120430931,0.5232924227786416,45.810385591670766,0.7766797463168067,0.956896126833892,1.2241750893356635,95.0,4.8218194770543015,10.98927242043259,2.4779176497525253,2.390667454724829,1.3108149167104288,1.0902455955471473,0.7200654834856025,0.9150748209570027,0.6665118405662461,13749.62586167459,199.4243431624096,public_private_partnership,0.9683290575799447,0.6049572812094688,0.8303765310353196,0.8057774999209729,0.38824279092811825,0.633108727135121
QZSTM_114,Quzhou Shuitingmen Historical District,Quzhou,Control Fringe,118.84304235057498,28.96817980364457,heritage_core,0,2020,2024,1,historic_district,0.5821462045462215,547.74137145711,0.716122457386935,0.6076493482671457,31.873519509204314,75.92929439287788,9.537592797915291,0.6828201927120523,16.82227163664456,360.0,0.7139615326797364,0.7750405137678709,0.9008862995686978,1800.0,4500.0,220.0,41.94123925766407,0.7235905272055371,0.6895475430730257,0.7740989258504506,0.5178471200860462,0.862874742169319,0.7106068099850023,0.8635959121883992,0.8637474603312786,0.5240915290038337,0.787355562565458,180.0,0.7812530973148355,0.7110196923614607,0.5948706313959147,36.10498327948356,0.7023044686040764,0.987047863919266,3.1750132217589275,71.51563864613004,5.663987244347176,10.436264024010054,3.4333756123814823,1.7429505710784052,0.93717780941531,2.2507803255834458,0.4730656001089906,0.4575958834090644,0.4424393994937114,13406.507836555136,215.67401624252759,public_private_partnership,0.754494485707574,0.8012212930100153,0.4506717146365861,0.5483889915140883,0.17262257364800676,0.3862097076643589
QZSTM_115,Quzhou Shuitingmen Historical District,Quzhou,Core,118.87449505456577,28.96395069762644,tourism_core,1,2020,2024,1,historic_district,1.0,472.32088455349333,0.8057411650593519,0.6313809641971847,29.260972671755294,57.059171833951964,4.7313030472823225,0.5342316373458146,35.0,360.0,0.9903714556839162,0.6859116460843807,1.0,1800.0,4500.0,220.0,42.0,0.743819049243883,0.5471624796404355,0.8319476873159067,0.3022176249161943,0.9258982018238957,0.9343464686163966,1.0,1.0,0.892977798172714,0.8199174951190966,180.0,0.4548163141891011,0.8146359937219236,0.6295129341069048,32.37536475275704,0.7682798442180425,0.9876077424568983,1.8694972571950166,95.0,2.3762915768408117,14.626920249839516,3.7573309966045967,2.6117813377663643,1.3039761009758342,1.2314825055252052,0.8384756869156836,0.7260301009792062,0.7689278519641187,15850.404942694835,219.46607910388127,government_led,0.7650638015068418,0.771045261172569,0.48896564283082244,0.7505096237014767,0.03240108093204718,0.25759325558492563
QZSTM_116,Quzhou Shuitingmen Historical District,Quzhou,Core,118.84524354099321,28.962291179721994,cultural_core,1,2020,2024,1,historic_district,0.9422232405773459,622.3316263939728,0.8293576340093516,0.6520779982867626,29.52175400107647,90.0,7.595601336360165,0.6182663843438303,29.031340978485193,360.0,0.7923124450369097,0.8892607098308187,1.0,1800.0,4500.0,220.0,42.0,0.8521976734808572,0.8191080906205478,0.8352966728809567,0.3094702854155502,1.0,0.9554163440258118,1.0,1.0,0.7625832429974053,0.985903111361363,180.0,0.5985930661561063,1.0,0.6169003388228482,42.473198063538334,0.7822687723946548,0.9277507966518839,3.674166005991765,49.947160262127674,3.3023954744693835,4.608037037899707,4.040773206597129,1.089884788577498,0.5678731566853182,1.3833876149460318,0.7751379797081183,0.8897595311049378,0.5587234612158566,30673.092381279734,177.0816388123355,government_led,0.7896525232872001,0.6261831162821045,0.95813910987885,0.7038759302054043,0.0613826047087575,0.40853584346077376
QZSTM_117,Quzhou Shuitingmen Historical District,Quzhou,Core,118.85847187848401,28.97569872284611,tourism_core,1,2020,2024,1,historic_district,1.0,541.529918928228,0.7775309963738961,0.539180346467383,28.66708549478169,88.90124255565665,9.490474050396138,0.6656425677694766,21.10047763023102,360.0,0.9835739572534278,0.8205327110373326,1.0,1800.0,4500.0,220.0,42.0,0.7426113281485455,0.7352268347617101,0.96487719660006,0.5351644746910973,1.0,0.8925903827377984,1.0,0.9692756319973334,0.712699459212214,0.794055475206038,180.0,0.6221125048452644,0.9875150813830378,0.564250323623706,33.78772064328187,0.8584940832793854,0.9624737458734314,3.800034058917796,51.24752226158486,5.24631078884019,6.227768401843069,1.9125362492229234,0.1,0.2903264779546086,1.9221227786601918,0.6070259676725995,0.8038188309651436,0.7593302761213295,30067.267064926484,215.0810098050854,public_private_partnership,0.9180890598097472,0.7678549790444857,0.5780405725206457,0.5393919313689504,0.0,0.3239002972722522
QZSTM_118,Quzhou Shuitingmen Historical District,Quzhou,Core,118.86649267908447,28.98187387198655,tourism_core,1,2020,2024,1,historic_district,0.8081820469910179,624.3052542041061,0.9157324112432468,0.648023477336995,29.313324804188138,90.0,8.20064655890709,0.7155125115811235,35.0,360.0,1.0,0.7998231461174372,1.0,1800.0,4500.0,220.0,42.0,0.872544509946529,0.8330414555286739,0.8468995555567009,0.5407783773858943,1.0,0.8911851129745796,1.0,1.0,0.991413076950307,1.0,180.0,0.7978458368102475,0.9316411429582223,0.7171990474272957,37.206815457880204,0.7695684000406543,1.0,2.444425802047834,60.28648206085443,5.180992896495296,7.030159074377576,1.6004223896032852,1.3828195443359197,1.0672907091110748,1.7515647832528562,0.6530192637048298,0.679176144302592,0.8130745525836687,21060.518333602813,268.02319044091735,public_private_partnership,0.8415530605608685,1.0,0.7434805383431978,0.7087491171734794,0.24048330569612278,0.405369143505157
QZSTM_119,Quzhou Shuitingmen Historical District,Quzhou,Control Fringe,118.85547905245723,28.96969670426141,tourism_core,0,2020,2024,1,historic_district,0.4305700443613222,623.2634498143319,0.6541249436637097,0.49418874241105265,31.15295891010545,35.76612219068462,11.710257285899006,0.7288880901861815,32.423228560725,254.88425323554583,0.7837828472174138,0.8737876176466062,0.7875871371618071,1800.0,3903.5656872550035,148.40219261373625,42.0,0.871571148133927,0.7475848119652946,0.7548642399035324,0.26425565448070143,0.8581403949452073,0.7080914478234743,0.7636844330842285,0.9299549475509329,0.7674183005601011,0.4422387646663991,180.0,0.3376599545889294,0.4434808296059244,0.4473299795656256,48.0,0.7566603278112216,0.8977972850696193,4.141585248796061,48.39575232801612,3.827611752754677,1.9061387860835128,3.595027736058982,1.7904023373327218,0.30015579678072796,2.101971451541377,0.4879914615482835,0.3068324595184281,0.15673550291927194,24211.11079367304,134.47722377427152,public_private_partnership,0.8330658119397556,0.3363094837133942,0.23881254843541144,0.46457501477689317,0.2696096334163507,0.1908051161163619
QZSTM_120,Quzhou Shuitingmen Historical District,Quzhou,Core,118.85248427202751,28.964123628126053,heritage_core,1,2020,2024,1,historic_district,0.5904496484315569,630.5969935065369,0.9146647221071984,0.6443449341194645,29.016102013453736,88.49116154085871,9.190680149151689,0.7158390598564006,25.494883126419577,360.0,0.9913940375061464,0.8506342303318633,1.0,1800.0,4500.0,220.0,42.0,0.9299045823055738,0.6795020221457672,0.8436345728334451,0.5840444971058905,0.972892519973537,0.9147470741338448,0.9385954723007822,1.0,0.6850621521345764,0.8472734178217737,180.0,0.6486286075795573,0.978373555694222,0.40202309378170986,42.1350936262221,0.713993293557534,1.0,4.0918625887547915,77.57060625115383,4.612105732380513,9.184512239878172,2.9511651356264443,0.943590799004387,0.80693019701447,1.3784320173076934,0.6418716569976685,0.4728757245962366,0.344816000020757,25360.12551802281,113.25915350493003,public_private_partnership,0.9222777104092714,0.6044319741330093,0.714539858828337,0.7453427571257021,0.20857532108363772,0.3324994117783736
QZSTM_121,Quzhou Shuitingmen Historical District,Quzhou,Core,118.86249990603187,28.986249733100568,heritage_core,1,2020,2024,1,historic_district,1.0,517.0690283340173,0.870728005820145,0.6657527243089435,27.53087042679287,65.83858316090598,8.897385758847868,0.5889329357778854,33.07468246411109,360.0,0.9480253251161322,0.9977281495502208,1.0,1800.0,4500.0,220.0,42.0,0.9088348618275365,0.6874625116166392,0.7414143616102626,0.2968415992622233,0.9870217741076758,0.9254820018544003,1.0,1.0,0.7806971319785632,0.8126010917119246,180.0,0.496009093756151,0.8067615984900013,0.6792723159991124,42.562993552022014,0.8896993121141855,1.0,2.724769701929043,67.39897314553463,3.1348192281647522,8.263401879203062,2.9940672660370016,1.3468968606395015,0.9862026711706944,0.9598495447551989,0.8091696779073307,0.9689785509375656,0.6041812957501251,20209.74828496083,174.02162468514285,public_private_partnership,1.0,0.6874354191377414,0.4950974607482601,0.707719645164275,0.1579834844757521,0.5990277036616649
QZSTM_122,Quzhou Shuitingmen Historical District,Quzhou,Core,118.85607622878663,28.969319620932,local_life_area,1,2020,2024,1,historic_district,1.0,600.1301627123789,0.7886348016972737,0.6297889184734571,30.815566720373685,90.0,10.39435373044907,0.7474259135280247,33.203297695601805,360.0,0.9328103382885888,1.0,1.0,1800.0,4500.0,220.0,42.0,0.8958981580559859,0.8794563398056683,0.9745621325842436,0.36698886538819475,0.942225841524036,0.9890196747210196,1.0,1.0,0.7929584751641626,0.87554130664778,180.0,0.569556725740205,1.0,0.7862843739213909,46.07728018365047,0.8298746048623106,1.0,3.3779234817173647,59.95722125577117,6.628286413932581,8.734569829653278,3.5816656214472924,1.15424557208432,0.48860141178063304,2.610940670990914,0.3934205251104307,0.9934721878522035,0.5337972083713536,27325.746147791582,128.0629492090502,government_led,1.0,0.5226871490827536,0.8384959928014163,0.46069155336902917,0.08903388222863033,0.4463112361708934
QZSTM_123,Quzhou Shuitingmen Historical District,Quzhou,Control Fringe,118.85756240437321,28.975508142292394,heritage_core,0,2020,2024,1,historic_district,0.7933236985865464,253.44198747107205,0.6691444024486976,0.5017688166124132,31.047393303906116,74.98336484946215,4.807507299242985,0.4390153630695031,35.0,360.0,0.8801950268609597,0.7286798608577003,0.8546796836659522,1800.0,4500.0,220.0,42.0,0.5928091273199623,0.29961117353400424,0.6650157015533746,0.23030149362738275,0.7944343869723043,0.8423361124169251,0.8192716933105155,0.9279524488185857,0.7254472280571719,0.5093071643521391,113.48870016059743,0.31184678030476226,0.6457264307523244,0.3213721061228033,32.59887098963491,0.7427885845507711,0.7646064975374688,1.3895355589557086,95.0,4.439399063457779,14.401583103273909,3.6188358289982876,2.294758961729666,1.6008254182323178,2.097557061326725,0.6547619873508226,0.5839263809841867,0.2285862423388901,9234.462512893231,117.30102099930653,public_private_partnership,0.7774656792135938,0.2724891448342582,0.6383783162005188,0.6056132564275565,0.3464981805242526,0.23622813588713426
QZSTM_124,Quzhou Shuitingmen Historical District,Quzhou,Core,118.86440870155018,28.97100923711496,tourism_core,1,2020,2024,1,historic_district,0.8896199620421684,393.7955868903543,0.7465236459434853,0.55452369772431,30.789660491339927,70.95080584722962,6.142062770815155,0.6974972096449035,25.79333026702243,360.0,0.7742479379639708,0.8455383478991835,0.940826041344753,1800.0,4500.0,220.0,42.0,0.5990541668034309,0.6623847729460428,0.7118131107073891,0.5669450698550733,0.6966853805240285,0.9079688393933005,0.8046075790616976,1.0,0.6380308446329229,0.8004909745228982,180.0,0.6002816535909778,0.8636758352812978,0.832564244948625,35.19770619822871,0.7418701308824914,1.0,2.388513282326282,84.70487390066893,5.702977433975041,12.124527254906104,2.4360271955956043,1.8092316946894538,1.085455549756833,3.570540860624678,0.34112158942888643,0.7102628950725021,0.7232829172863221,12659.454563367903,237.36042310246037,government_led,0.9480260039514916,0.8544273557736731,0.406145891445502,0.33307805797514317,0.2850554213987627,0.7229770283988992
QZSTM_125,Quzhou Shuitingmen Historical District,Quzhou,Control Fringe,118.86495968886447,28.944650951064354,tourism_core,0,2020,2024,1,historic_district,0.6371102165644603,283.88386248507186,0.7852934918175083,0.6394705190234702,30.071153520278074,41.123186387314206,4.254307752796205,0.47647025482652594,21.202667095526394,360.0,0.9017104703236746,0.9883295443995924,0.9923459135441072,1800.0,4426.3313286351795,220.0,35.99809274863606,0.6442968948002201,0.48277989894903556,0.5347402420893153,0.7351724449598981,0.7436106973974367,0.790003133237008,1.0,1.0,0.599496099201574,0.6317624366848837,180.0,0.2571103021083312,0.6873146436574138,0.42218972184947395,48.0,0.8974401384134227,0.977634560991585,2.7296372197189953,95.0,2.924250820410941,15.59721936898171,1.8052361856914105,2.8715422168053673,1.1161401501290549,1.9933929203679048,0.6645629574197258,0.5753095658439822,0.39399200774037185,9459.544006409586,157.31135939294353,public_private_partnership,0.9266383539113123,0.651183301502281,0.24617054629968124,0.7149602050424871,0.11595983400462404,0.14052177888660472
QZSTM_126,Quzhou Shuitingmen Historical District,Quzhou,Core,118.84732099028271,28.971387231244996,local_life_area,1,2020,2024,1,historic_district,0.7668073217262588,280.0019438344647,0.6856125064050462,0.5160230256025486,31.350514317577158,50.757265088708074,3.3487977182809594,0.4481654997158168,34.63741650309666,360.0,0.9519188552039577,0.8645741654348625,0.9354071572908688,1764.0858220792281,4322.316732430727,220.0,42.0,0.6567768379649424,0.5880633404266286,0.7062011413886435,0.5057303427101063,0.7578835545811423,0.8683790367242552,0.9987737626677224,1.0,0.7024094524277763,0.7988889672779138,180.0,0.836574938120983,0.7159199652051472,0.7186949625016623,39.006604304616,0.8261151344645675,1.0,2.0538146944887847,95.0,6.184169307189802,13.260451105403627,3.276364289397799,2.1310201983922017,1.5796359423330004,3.116130362749699,0.33136290889580833,0.6525382626223498,0.5902083904874926,12341.889148930135,280.0,public_private_partnership,0.7607553747397959,0.8198174490502671,0.25885721402566975,0.4360222607083618,0.07558214590792159,0.27383801299142674
QZSTM_127,Quzhou Shuitingmen Historical District,Quzhou,Core,118.86496512625666,28.95429175558621,tourism_core,1,2020,2024,1,historic_district,0.4541552220384609,481.7987610839213,0.8804702993727418,0.5993353338914177,28.759443551339217,68.76186078529626,4.280205853847399,0.6531326391310054,35.0,360.0,0.7213237915363964,0.6250132155338757,0.8475449052347258,1800.0,4500.0,220.0,42.0,0.7435005957905592,0.5444731960809867,0.7393087762827701,0.4999857441032074,0.8589087328222063,0.7907211121578772,0.8742209243039778,0.9684716757764094,0.6545241370494816,1.0,180.0,0.6992426367237754,0.8938516119928657,0.5598886506142876,34.084538159337555,0.7178240880557163,0.9891294957184104,1.449610454841636,89.24966484854465,6.060864177839619,15.303143526618967,2.5631265356335335,2.422737638195391,1.1900721542385837,2.5625775334093093,0.5860233456666065,0.20981598190997564,0.2914383708932661,13771.030211502508,210.55627914427416,government_led,0.5687453990362971,0.7842598650618079,0.5258849186298187,0.5109552377321208,0.021223246315451742,0.343950065288273
QZSTM_128,Quzhou Shuitingmen Historical District,Quzhou,Core,118.85751946324486,28.966726722172314,tourism_core,1,2020,2024,1,historic_district,1.0,566.7309700402859,0.9531295940677422,0.6297406294164706,29.23563147306491,90.0,8.137155424523385,0.6423653423328205,35.0,360.0,0.9997338962542998,0.9503684325953918,1.0,1800.0,4500.0,220.0,42.0,0.8677861330119042,0.8276317545604492,0.793428557908729,0.36952243870252977,0.9528727821170511,0.8976627681389433,1.0,1.0,0.7160676956150868,0.8207265184069253,180.0,0.5199025725936348,0.9424264058121029,0.6858580857970917,44.79761804100618,0.6603964084505736,1.0,3.0162287402363326,58.49401406395842,4.509813962259358,10.047483631145562,3.796157468308105,1.0995614305293306,1.1171856944225913,0.8282319430664047,0.6938530112118264,1.0,0.7618558588031273,17088.57600993834,151.56180622893558,government_led,0.9842542109204777,0.7091034231414379,0.8433100927682907,0.7790387243897982,0.09785988360944738,0.2482037654611206
QZSTM_129,Quzhou Shuitingmen Historical District,Quzhou,Core,118.86735506842116,28.967621174831258,local_life_area,1,2020,2024,1,historic_district,0.9489199626680148,506.1129239866103,0.636765030646172,0.4904943626608563,31.99245937036987,73.07334796770505,6.39030508559572,0.646331333217091,33.36395480665109,360.0,0.6166307968035571,0.99172853864534,0.8996395307119707,1800.0,4500.0,220.0,42.0,0.980222838649935,0.7602637328181143,0.6984871067177146,0.4474025642192,0.6875880175273859,0.7760758128431148,1.0,1.0,0.5521999185445071,0.7356834656473474,180.0,0.4381242521949771,0.8217892342849468,0.6967301390921284,46.281415697295635,0.8045049979650226,1.0,3.494795384468172,72.1024569043875,7.296094079269438,6.90703484626088,3.005412834977237,1.4222979882462394,0.8884565133354895,3.6913116743374403,0.3357345680541034,1.0,0.8700615715748519,19235.91398572885,222.19057588179825,public_private_partnership,1.0,0.8155599336013133,0.6103231840390987,0.211448625382712,0.4503496649407352,0.4573318419609878
QZSTM_130,Quzhou Shuitingmen Historical District,Quzhou,Control Fringe,118.86313471242033,28.978925543145085,heritage_core,0,2020,2024,1,historic_district,0.8846391939525852,238.72595748077822,0.6624658539130531,0.6057348757334038,30.226006819790513,47.79596756796678,5.097781450405997,0.603460882614631,23.69049130155308,360.0,0.7743421642683053,0.9000624525096048,0.8696873918301824,1800.0,4331.912700127916,220.0,42.0,0.6036489243807875,0.5063259863625516,0.7232613996397969,0.3224584078817451,0.6614042444775524,0.6765416119612854,0.7991299921572068,0.9121740368564402,0.463096600949138,0.6985946625841569,180.0,0.6297712116062204,0.670974334177135,0.5621517841672038,38.432667286578265,0.8495557799533745,0.904175536472256,1.5409838134197444,95.0,3.904085465831316,11.385611245676664,4.109670570322349,2.6418245437864583,1.1761297213938595,1.768356732259035,0.6192033397967784,0.8490746229964828,0.47398926059098956,8247.001431889876,203.31972974405124,government_led,0.928640792259365,0.6109094134953095,0.39449304622881776,0.6554927274991184,0.1975138466825092,0.05897255122088026
QZSTM_131,Quzhou Shuitingmen Historical District,Quzhou,Control Fringe,118.87611421451113,28.96750205007377,local_life_area,0,2020,2024,1,historic_district,0.5867032699625604,542.013087733124,0.6308881039444623,0.5187556301402335,32.24107388842581,75.04191257714176,6.48005933990874,0.6423229046709761,35.0,360.0,0.8500024639078907,0.5751609607997289,0.96986227770226,1800.0,4500.0,220.0,42.0,0.813973038902928,0.5537572837646517,0.657128023018302,0.1680761515308161,0.9902376915769486,0.9006689576744326,0.8654035105254467,0.9149980137624262,0.5084053698265838,0.7992533731595844,180.0,0.4466731295815044,0.7591408123436689,0.5958489058577082,18.656558102095087,0.5612093342437585,0.8750031715564811,3.1272116844689366,75.90601112351814,5.985807412968939,11.005634664190296,4.513480443791148,2.0635802321837358,0.8960742213091695,2.5819692535618533,0.4814894394836848,0.35401219117358806,0.2760770006699132,25866.85933963563,165.61621393614575,government_led,0.4452818353331215,0.5602574842904496,0.4873575128360803,0.5658728464139771,0.08186345797725962,0.42130823519967486
QZSTM_132,Quzhou Shuitingmen Historical District,Quzhou,Core,118.84748048448493,28.9663011175165,tourism_core,1,2020,2024,1,historic_district,0.8284173430500611,500.5698407884676,0.9380990594706227,0.7307447403897509,30.141256160276985,90.0,7.684529634197655,0.6713718607265128,35.0,360.0,1.0,0.974272586532604,1.0,1800.0,4500.0,220.0,42.0,0.9057420551425462,0.73801093485623,1.0,0.51312282473907,1.0,0.9244839257268355,1.0,1.0,1.0,0.8209131838874678,180.0,0.535112571643774,1.0,0.5704041745044313,48.0,0.8988816936330137,1.0,3.1484315306115818,62.26486064229781,3.381448145796596,10.823076235869152,3.0332913689252523,2.041416892532306,0.3525444932496126,1.8195302914520015,0.7117401578296033,0.8534438137428748,0.37941505217236554,24787.7859087334,131.53674383745926,public_private_partnership,0.9404181426399026,0.3956843519413539,0.6700214169536907,0.694908964087482,0.041537244910451764,0.5452625502782591
QZSTM_133,Quzhou Shuitingmen Historical District,Quzhou,Core,118.86880905107341,28.978865907264872,local_life_area,1,2020,2024,1,historic_district,0.8741399679346783,605.3155271184495,0.9023257862069632,0.7189754460503184,28.642827392435695,90.0,7.266449483554693,0.804834970403017,21.278959036650903,360.0,1.0,0.7845681675681214,1.0,1800.0,4500.0,220.0,42.0,0.9437996913236454,0.6779666413500448,0.8558445496819198,0.27115279657120506,1.0,1.0,1.0,0.9740148206951258,1.0,0.7588781747516715,180.0,0.774588085526277,0.9788624678987073,0.6737488723281279,35.83523480982908,0.8122939512432409,0.9132610566874582,2.5540670087713284,72.60746892658837,3.30500638651257,8.304597263902892,3.4582372828536663,1.7258955674080259,0.995866132490912,0.2435765785565575,0.8993499648836585,0.7565162114471446,0.6571145629279312,16403.62823351105,194.13392234994538,public_private_partnership,0.8848324257167783,0.6305921115607455,0.7364715029798585,0.8054173748855952,0.29999283524068276,0.23190685881390355
QZSTM_134,Quzhou Shuitingmen Historical District,Quzhou,Core,118.85465644053602,28.977746007011802,heritage_core,1,2020,2024,1,historic_district,0.4880363916640482,650.0,0.9417833859817982,0.5872896288113945,29.65570727227825,90.0,10.491985730691638,0.841179101163547,35.0,360.0,1.0,0.8353843781202677,1.0,1800.0,4500.0,220.0,42.0,0.95198952392325,0.7706189853388659,0.8592246805953659,0.45705271848044093,1.0,0.8531375348983663,1.0,1.0,0.8213416550954566,0.8431952830464995,180.0,0.762264182947907,1.0,0.6960938228642617,46.521396242727015,0.8242653320338121,0.984574334681715,4.15199430160276,42.0787432253249,3.2427651116540224,1.8814922732752677,3.9251711967495275,0.6507211160816605,0.2737156410323883,0.9902270561967084,0.7659368239535255,0.4304205245564213,0.40678801429100325,28472.194375774245,280.0,public_private_partnership,0.858241879489033,0.7996973973701341,0.6532607524031201,0.8126157773217675,0.09850865106863957,0.38526337619372947
QZSTM_135,Quzhou Shuitingmen Historical District,Quzhou,Core,118.8569318062575,28.99313472628356,local_life_area,1,2020,2024,1,historic_district,0.48535734150702825,490.08048917020346,0.9148688140590757,0.7281378709915108,28.71921329353365,90.0,5.222762644143042,0.5679289804557592,35.0,360.0,0.9678180132490026,1.0,1.0,1800.0,4500.0,220.0,42.0,0.8088616277702781,0.6028572483975749,0.8877414646914008,0.7344145286061172,0.9538008871258243,0.8396663487006266,1.0,1.0,0.900100671564682,0.937287591129357,180.0,0.43748182295896765,0.8553228195623745,0.5989286083226592,48.0,0.7891413408255727,0.9117717916976884,1.80280128382354,91.6855905648225,5.467209870004888,15.195172943997145,0.5768721908701854,1.8326274719423004,1.158961115040831,1.8951584871472376,0.592692475621565,0.3969974509112121,0.20625526493265114,17763.92416141469,157.9068647157051,public_private_partnership,1.0,0.42056822905471175,0.7216699628053942,0.6889508603649749,0.13848057585533846,0.459380711478688
QZSTM_136,Quzhou Shuitingmen Historical District,Quzhou,Core,118.8692964548678,28.978753643145165,heritage_core,1,2020,2024,1,historic_district,0.6529621012056759,503.16465395282256,1.0,0.7934699619925972,26.828759685432598,88.13819143501962,7.524811972318918,0.8058431338838767,27.93816282580082,360.0,0.9982610409692884,0.9741500518614202,1.0,1800.0,4500.0,220.0,42.0,0.6800449861960494,0.7203821474055869,0.8390426835685831,0.5575338892575198,1.0,0.9121801613239995,1.0,1.0,0.9688573887031108,0.9098795080007419,180.0,0.6129999694973561,0.945972773417009,0.5728019868010168,48.0,0.8508664252537546,1.0,2.716618594538157,66.35805958458175,1.610234261262817,7.997439613605794,2.2381846016838116,1.733616834661332,1.0833263417336922,0.14257051508533142,0.986503952925161,0.6255776077371182,0.3813244597132313,18327.468222432348,225.85587348497134,government_led,1.0,0.6771252517550467,0.6423939862940395,0.8956042798676844,0.211254929842149,0.38892740144376603
QZSTM_137,Quzhou Shuitingmen Historical District,Quzhou,Core,118.8501494659255,28.970669119167784,local_life_area,1,2020,2024,1,historic_district,0.811693839878709,635.8183902505192,0.7500597530381674,0.4851795549485731,31.687472625331328,81.31232883831633,8.464089718451483,0.600842443396766,35.0,360.0,0.8532666411556569,0.7027061214726521,0.8802842431411344,1800.0,4500.0,220.0,42.0,0.9330207586568502,0.7150931818517245,0.9146237114300286,0.3875115175892564,0.9070141969349502,0.7751367152319176,0.8328347548683082,1.0,0.6044131066404729,0.8491527112790794,180.0,0.5041462581061908,1.0,0.5851125669604528,33.70219214443321,0.7117008102494262,0.8524628990433467,3.5087347318603683,57.943996088332305,7.37623975995471,6.41697095823244,3.409502372368922,1.1633041671069175,0.7056295747332701,3.257899295142922,0.3680272111854627,0.49651191680800677,0.47151446059452223,24966.114217904014,163.30741139190823,public_private_partnership,0.7136113345921826,0.4424849501663203,0.7320549568062081,0.3177151741340903,0.28090075328666564,0.4067030558627315
QZSTM_138,Quzhou Shuitingmen Historical District,Quzhou,Core,118.85140200098964,28.974697342181774,heritage_core,1,2020,2024,1,historic_district,0.7742719736525169,650.0,0.9618576691094628,0.7448750380918998,29.2761373150838,90.0,9.185349247795862,0.7675683916927722,27.077401098943533,360.0,0.8298887858850574,0.6672793170826534,1.0,1800.0,4500.0,220.0,42.0,1.0,0.7174473754867055,1.0,0.27113916745863764,1.0,1.0,1.0,0.9239488402406397,0.8676650257746379,0.8627624720663202,180.0,0.5089701899236191,0.9537067667729879,0.7607884601504671,28.52915858626684,0.6520057730260063,0.9801597936910993,3.7848988695315633,42.78966161183252,2.1012006115129047,6.720775412177449,4.184034928575993,1.1743003661104987,0.6894362643239105,1.131413536164663,0.834886555948044,0.5150140268922975,0.5839101652598871,25042.686487176077,192.53049529804082,public_private_partnership,0.7068822806724363,0.5773618518423319,0.6395255045085919,0.8591983157382401,0.23222143811287727,0.40282258009233063
QZSTM_139,Quzhou Shuitingmen Historical District,Quzhou,Control Fringe,118.85381900443662,28.98670691419897,local_life_area,0,2020,2024,1,historic_district,0.6477255194779311,343.1938098528157,0.6229048641425334,0.4107107235686279,29.238078601180355,62.683582506841006,3.9398871355781386,0.4911718353719497,25.58761799148442,360.0,0.619398308377636,0.9492166118717006,0.9306203102256411,1800.0,4233.41960212661,220.0,34.30079130200099,0.662223618583934,0.4659574992171869,0.6283071334308981,0.4952627106428215,0.7376855285249823,0.6920719118224574,0.743963732384171,1.0,0.5559305372215535,0.7282048713466929,180.0,0.4612616520267037,0.65804591873511,0.4805290458142259,38.60886539748589,0.7152029964389433,0.876649466818071,2.434445950658814,95.0,7.608089301886699,15.431699537555113,2.787650458045971,2.264225960963859,1.533639996559064,3.681239925358126,0.24966839144444955,0.615291126523304,0.29386175156116123,6517.179077016478,155.09303384191747,public_private_partnership,0.8574187671252598,0.5916505782433721,0.5518438743568675,0.1823616900370359,0.4054625505520662,0.17569085675713367
QZSTM_140,Quzhou Shuitingmen Historical District,Quzhou,Control Fringe,118.86536691626128,28.96721440025021,tourism_core,0,2020,2024,1,historic_district,0.5630699164638437,283.69535025699184,0.675636988894848,0.5022731267216471,30.00113851533931,73.17418296360697,3.592915234276012,0.463942347972515,35.0,360.0,0.7041795862340624,0.6828755781828312,0.8128118723466604,1800.0,4500.0,220.0,42.0,0.7056376517657424,0.444147636328964,0.68788155025514,0.5114738851180194,0.680270792154348,0.781114984354164,0.9421576262564069,0.8855732595809936,0.5696476131861768,0.6027125990853226,160.40703510011045,0.5049717094595403,0.7695971096729494,0.5536597403350896,35.185178217248094,0.763065336784696,0.8087809899956241,1.4188336885543247,95.0,4.1577160804459705,18.0,3.4549087649330517,3.106430095022795,1.5883610303627616,2.2796013735343155,0.5347840469223933,0.33831478526257847,0.3612835490374172,6127.040489465746,169.31155449787093,government_led,0.5929531943933262,0.5659623775511138,0.5559128867287717,0.5605923206573256,0.0,0.26423096034679927
QZSTM_141,Quzhou Shuitingmen Historical District,Quzhou,Core,118.85178652354377,28.977052153233437,tourism_core,1,2020,2024,1,historic_district,0.37695745628264493,585.2125404419169,0.7781513643095833,0.6192337616831532,30.5768360855012,76.15048957367718,9.981974887277111,0.7531300070528595,33.12701655585226,360.0,0.9033794694035032,0.892656965248766,0.9558554639682768,1800.0,4500.0,220.0,42.0,0.8144753878178314,0.9107397570571999,0.7132903597234913,0.5468683092287692,0.9457862429561317,0.8450751419372048,0.942105187285417,1.0,0.7313735285311025,0.9515652979182858,180.0,0.6399373710811009,1.0,0.8124383467996851,35.061900046499105,0.720974861706413,0.9863173489875422,3.264983598626758,68.94038280616014,4.792890850609462,5.093425705500843,3.110524936143382,1.349035316394567,0.8652531430952991,2.3880782070036877,0.5687488910765485,0.30406902569717054,0.27503973513070773,30247.822100387857,278.7642358666765,public_private_partnership,0.8689153937258045,0.7581690017770745,0.45987673756503433,0.6157017797171455,0.23570609225374298,0.776555473902137
QZSTM_142,Quzhou Shuitingmen Historical District,Quzhou,Control Fringe,118.87234618583123,28.9578747314391,heritage_core,0,2020,2024,1,historic_district,0.3004738980810195,516.2250881789021,0.780842780979442,0.6488489321677634,29.657404774368086,81.99331460092755,7.028528363949877,0.688296464247951,14.351820176010586,360.0,0.6946660391194308,0.8150983518546565,0.8581016562766468,1800.0,4500.0,220.0,42.0,0.5670794801345104,0.6101758038101889,0.745247211226046,0.5007291972492565,0.8175556480992476,0.8610504849359946,0.9679512132356598,0.8995795593638667,0.48122024349543846,0.890547566827147,180.0,0.5320729274687255,0.8223025208042561,0.4992530040372051,44.27275018242942,0.7979148462034555,0.8629695696062865,3.4029174322541342,76.42863243795387,3.821841415432475,4.941273035507367,1.864554896970151,1.7301734631958454,0.5531903714351727,2.4868554390643673,0.5879046365590976,0.2489848910526194,0.17800013858703867,23055.952073145065,135.48146254639653,government_led,0.8003282254437271,0.4755897309990016,0.710057928596369,0.5989091454452717,0.12744513089422776,0.2585886812945608
QZSTM_143,Quzhou Shuitingmen Historical District,Quzhou,Core,118.87631434135864,28.97921941201769,cultural_core,1,2020,2024,1,historic_district,0.5808793348645646,541.2028805544878,0.8922274865227195,0.6964085064517461,30.410312500400803,90.0,5.768531482924761,0.6132720220256123,35.0,360.0,1.0,0.8513197986915678,1.0,1800.0,4500.0,220.0,42.0,0.9524950061994994,0.6998713162832119,0.8681296942162313,0.3649306520660598,1.0,0.9832442780416705,1.0,1.0,0.7987146518196437,1.0,180.0,0.6415456129294164,0.9459535145047318,0.825274671538151,39.651086309868845,0.8493531482398742,0.99698280447661,3.191017868386189,88.41659225796096,3.7233506830218728,14.119275480949833,3.8536878038335676,1.9827769610748716,1.232302505754737,0.8653180831846506,0.7118940734796816,0.5312401250869605,0.4071138656720045,14060.113699768364,185.43110992553812,government_led,0.8752739183889561,0.7766786902486583,0.6817751699053403,0.6026971290576406,0.41035349708918134,0.47847935695713184
QZSTM_144,Quzhou Shuitingmen Historical District,Quzhou,Core,118.86912686084234,28.974968120912504,local_life_area,1,2020,2024,1,historic_district,0.6687948853119381,528.6602265701506,0.8109907414777836,0.5336165189852151,31.95169391699791,90.0,7.306924652521118,0.6584870104545124,35.0,360.0,0.9944069153124675,1.0,0.9732086806819302,1800.0,4500.0,220.0,42.0,0.963997602481301,0.69756069359984,0.893519028703117,0.44598322869463924,0.8550774252397229,0.9696676646107577,1.0,1.0,0.7470451357596087,1.0,180.0,0.7744102667513919,1.0,0.6829613994967989,48.0,0.9114369736252177,1.0,2.042503354211953,86.80981342401513,7.375478015236311,10.452182183882336,3.227314265120943,2.116627003613887,1.3325086083223585,3.5539594953675864,0.23346765328731586,0.6406668564099149,0.5443716760010865,18934.467535832046,197.13082852794193,public_private_partnership,1.0,0.898813701646017,1.0,0.21430496773194804,0.3939115110817028,0.4695777591074887
QZSTM_145,Quzhou Shuitingmen Historical District,Quzhou,Control Fringe,118.85982503919347,28.965100997782045,heritage_core,0,2020,2024,1,historic_district,0.5197313772882602,481.7981896682231,0.5591484881663316,0.41658816267888565,32.03200821755947,71.07702382173656,5.781109129762429,0.5141389923742665,15.463479745528568,360.0,0.8008679103311246,0.3819411164641761,0.6242221114854453,1782.4061951215617,4500.0,220.0,36.27283109016106,0.6660237307778557,0.5960394722463128,0.6857826021278413,0.336526032438397,0.5252491495861814,0.6591122270010525,0.6301616605077884,0.6147160170149782,0.4104787214954956,0.6746542677723851,180.0,0.5999451736134149,0.6104625768922017,0.4364795790092778,21.914505870626222,0.4679136794057484,0.6042357873811768,2.321526692008181,79.12584319222697,6.7140381685105694,10.046547004973581,3.2161130026803693,2.0685722850481625,0.9576743185588582,3.269554430260754,0.28664426312434016,0.269881186776236,0.2768819325416136,16137.343458366311,162.10753376109955,government_led,0.30925788399754356,0.5416232970121873,0.5646726230359268,0.4065727168263492,0.12455778266112061,0.5207105812042755
QZSTM_146,Quzhou Shuitingmen Historical District,Quzhou,Control Fringe,118.85037252779208,28.97566630247272,heritage_core,0,2020,2024,1,historic_district,0.4604593245584196,587.9642143614203,0.5120888784295715,0.5589759699157205,34.12058055928536,56.49341879058264,6.701827260326494,0.6974775064458909,31.976213159177725,360.0,0.6618578174069887,0.630183660623244,0.7847722232456755,1314.7840298619979,2564.4780420306183,192.22640383828244,42.0,0.7504513931293124,0.5693453192600888,0.7425339457029396,0.2833482469724392,0.7635537166635524,0.7124879833641335,0.8448884027032831,0.8463508912500745,0.5590521093460369,0.5834706056118986,180.0,0.5371711722548727,0.5729489581373365,0.3200077779197915,32.59720215230192,0.7428302940260642,0.8812337478378924,3.203930868279433,57.908739169989346,8.850773185000865,8.236459245609861,3.1545385389483167,1.448629531872631,0.5748536136818706,4.6,0.11770223388188653,0.22323285102666654,0.16330876321039905,23832.81724465433,72.44902216897354,government_led,0.5594821951887137,0.42184969078441104,0.32425186390523497,0.0881391157432867,0.08089454874501942,0.5564624440150207
QZSTM_147,Quzhou Shuitingmen Historical District,Quzhou,Control Fringe,118.87590882194066,28.972350270048928,tourism_core,0,2020,2024,1,historic_district,0.531027704142433,537.415938310526,0.6466160416302116,0.5620542817037751,29.45808483260807,61.79473146945891,7.426408930640486,0.49212992500818703,14.583614903747232,360.0,0.6941668664868476,0.9000094186330392,0.8585786083112412,1653.546345963832,4500.0,220.0,42.0,0.7955523970351664,0.6883145380224281,0.6729456327613135,0.4816819479029075,0.7826055204636677,0.6854803434830514,0.8645329216127003,0.9942484018752576,0.6585376588125942,0.5676483154153977,180.0,0.5900151409384882,0.593333923547804,0.47851316707443553,46.23652848801854,0.7454153525918509,0.9618392331390125,3.191386205894962,59.5951600214452,4.808877150910387,11.38832802463565,3.0564366163448393,0.8417124343300895,0.9050304637948617,2.807253731600862,0.4557191577419381,0.5295240307439686,0.25726776176115906,28769.02050460862,169.27415547082356,public_private_partnership,0.9381777205892328,0.5682141674600876,0.3306461594685624,0.35848067436750286,0.21557182593338825,0.1531413672845116
QZSTM_148,Quzhou Shuitingmen Historical District,Quzhou,Control Fringe,118.85824424609442,28.979595318948817,tourism_core,0,2020,2024,1,historic_district,0.8281627621499237,389.9744551395443,0.511732736779306,0.40663112464378426,31.200174990412986,59.60207176599291,6.516395674079821,0.6241669330380634,29.857766647197497,360.0,0.7724849763291352,0.7667945735326963,0.8584000302559575,1736.687656009918,4490.124590135505,220.0,42.0,0.6015797293299004,0.44447756285752904,0.7111876469250791,0.5247994861288091,0.619733589941305,0.7125525666713366,0.8165875061985791,0.8415745066931197,0.509958811765931,0.7587148712931605,180.0,0.49928653592660754,0.77634207801632,0.6680733900400138,38.65885263821415,0.8034320898328433,0.956772500988129,2.067453750632903,87.41179982668524,6.8526406943960705,9.808453325393648,2.814473935052558,1.954424826835474,1.2036694293123646,3.478922362877637,0.32440008213174215,0.6884361039589695,0.7032909863341018,13228.193354865556,175.08188438520486,government_led,0.7115631202475922,0.7582057197002067,0.44057371151990826,0.378018010509392,0.417091851987737,0.33530809621145546
QZSTM_149,Quzhou Shuitingmen Historical District,Quzhou,Core,118.86547420482857,28.965840970893975,tourism_core,1,2020,2024,1,historic_district,0.5964610846308197,509.3462814532737,0.6429943420826129,0.4547863162406093,31.832486204020544,54.4652220142528,5.847714275449416,0.7830943768715362,35.0,360.0,0.8281198065280615,0.8698770366682379,0.8877765749600727,1579.833912476271,4083.9694991744595,220.0,42.0,0.7806184588755223,0.608638141613158,0.6582167604069574,0.36045178070392536,0.7015197246804901,0.8218494035807784,0.8861666800885875,1.0,0.6070318753470334,0.6812389858776655,180.0,0.613864672776377,0.7667033024758845,0.512708925234363,39.724690435283236,0.7916091085506151,0.9269567301525188,2.829418027169006,60.40362131012907,5.464158807824783,9.72684575484931,3.931319300088938,1.3181108884949682,1.026140238298577,2.734585587291435,0.3881230280184847,0.5153665306413819,0.3954810966665135,29165.654839256313,181.16838163954273,government_led,0.8799392692622242,0.636632858467667,0.32152331662830147,0.3905170913361359,0.2268843668532391,0.7012023785278789
QZSTM_150,Quzhou Shuitingmen Historical District,Quzhou,Core,118.85865468725689,28.946687673011084,heritage_core,1,2020,2024,1,historic_district,0.9012007191659219,401.5566182424653,0.8194744640791806,0.528723559868156,30.80634172596765,90.0,8.305369057689358,0.569796262515468,23.06145768674009,360.0,0.7439829659404814,0.9142154566441999,0.9962304111394291,1800.0,4500.0,220.0,39.15113946316589,0.7718434526087394,0.4059368413502813,0.731889188529827,0.25767836767488816,0.9704607914002692,0.812932468829866,1.0,1.0,0.7017524523685514,0.739174270664831,180.0,0.4286613169930664,0.9870062630722808,0.4603656714606852,39.75316589533103,0.7724451613888798,1.0,2.432100692214,90.91450975164938,4.3964311776757405,13.593425150953825,4.397205570207638,2.385294952677051,1.3235725433810568,1.9397111786072923,0.5460398505314721,0.8522758548039936,0.49606722281681115,13017.72287329825,112.61413849923179,public_private_partnership,0.9692426082708231,0.5505645053824544,0.9862452513780946,0.5082688304856364,0.13785839941899286,0.6275891191412843
QZSTM_151,Quzhou Shuitingmen Historical District,Quzhou,Control Fringe,118.8415856100886,28.968135091029225,local_life_area,0,2020,2024,1,historic_district,0.7147402870095676,447.3882344569094,0.7967637307495022,0.4970986017929878,32.4595950162182,65.92914878554397,7.459393453522259,0.48748158676090364,17.813652719036973,360.0,0.88747893028118,0.8246264059846323,0.9360601151323988,1800.0,4500.0,220.0,41.63495276556328,0.8281298042060433,0.61854417540331,0.7192749188660414,0.34570253925592387,0.813607564156643,0.7727161788593148,0.9167308019219906,0.9091917672030815,0.640303648034687,0.6085021431698705,180.0,0.3636606287290085,0.8695819551649409,0.5079739980718111,44.41743350563057,0.7391841929848099,0.929008483387327,3.2227651157259096,81.49901026834097,6.29148238316343,12.243771672366318,3.4813171728025663,2.2091412765238494,1.0355722857457654,3.5123215867196373,0.3514931646510106,0.6474018935201263,0.3406313227720535,15702.751691141579,153.48699050127,public_private_partnership,0.8334784173855678,0.4586746725761624,0.4386366923344929,0.40446381352268646,0.16882851868803797,0.3519003374085066
QZSTM_152,Quzhou Shuitingmen Historical District,Quzhou,Core,118.87988599924833,28.96880276323195,local_life_area,1,2020,2024,1,historic_district,0.9026230789409609,629.7036011045709,0.8085347912550754,0.6530233318728781,29.87108145199995,86.69491967621353,8.801195191860826,0.7895352192159317,27.861490954993624,360.0,0.8284974505869055,1.0,1.0,1800.0,4500.0,220.0,42.0,0.8754473061472942,0.7171649568099624,0.9827074351935728,0.32644875735684054,0.8741722564726967,0.9570708321849626,1.0,1.0,0.7917222153956276,0.7610744290973214,180.0,0.46244305258779095,0.9512392506849414,0.6430163404270425,48.0,0.8433853823742267,1.0,4.242176866228248,57.417373838113065,2.853661021224991,3.3358871300480217,4.013034396657129,1.1942123891842744,0.4160681208629504,1.3295342747664882,0.7454644733213708,0.8848800000449958,0.5921385545102551,30781.904942254463,166.08773328018628,public_private_partnership,1.0,0.6888143240655692,0.8002095538120076,0.7045938707121954,0.18424775771517607,0.3558539214906239
QZSTM_153,Quzhou Shuitingmen Historical District,Quzhou,Control Fringe,118.8664408255116,28.989574021566597,heritage_core,0,2020,2024,1,historic_district,0.6795274118893289,276.6196724053001,0.5264213731713414,0.4251589650687307,31.51424193611928,32.67591220488888,5.7705152241393405,0.4071806071045168,35.0,287.66641820917573,0.7427564859183529,0.7781695153819147,0.848755709549559,1065.109950225241,3221.642303943753,165.97685651450132,42.0,0.6124589758781432,0.4172879724027838,0.48395298906837886,0.2932497058628139,0.5229422221220356,0.5957011244909292,0.8028396414005837,0.827285208551493,0.47484579788085474,0.5804199838015625,133.8504915958176,0.4306695994091068,0.4776403477310132,0.43143870814766927,34.235729117281174,0.604430625473134,0.7504772875786627,1.3640775847997721,92.19569618211219,7.343389819451356,11.630684935690619,4.183568876282378,2.796401102596773,1.2689465002558664,3.243877049537195,0.28490902595912426,0.6379051812941857,0.24920562114405287,5734.9698881656395,169.2182263845212,government_led,0.6538123876023066,0.4722276976406916,0.14157803966078517,0.1731700509088726,0.2480621475617924,0.11855438940379726
QZSTM_154,Quzhou Shuitingmen Historical District,Quzhou,Control Fringe,118.86063262045425,28.964865677423408,cultural_core,0,2020,2024,1,historic_district,0.7664171442496834,514.6671429825645,0.5611449705808566,0.4331875622993362,31.604796056282968,55.97294259814818,8.857041873563157,0.6326214017207026,20.930588574586775,360.0,0.7783802598890297,0.7494339667260934,0.7616246247735825,1800.0,4184.359253239047,220.0,42.0,0.6267100759060746,0.6601087718883057,0.6870280927288548,0.5167348661562037,0.6710320987180337,0.5722996446317217,0.8298884789183038,0.8573950115710325,0.46784520235355487,0.6791835382475324,180.0,0.5841403767077737,0.7012632016044436,0.46940292881830753,38.820261962277556,0.6108399437912589,0.8519030994179156,3.4702367994987977,61.6848323991597,6.5446560901023245,7.05617881469903,2.9026893044462065,1.8607812005952455,0.7391738756441232,2.8685737056507987,0.33003151847725687,0.7480094060918855,0.7302202764961706,22667.487044047037,257.77749822882834,government_led,0.8023563609461947,0.8484861580155314,0.4706149676275735,0.37498069778075394,0.12024068610604302,0.23375484692310933
QZSTM_155,Quzhou Shuitingmen Historical District,Quzhou,Control Fringe,118.85872650583266,28.964806341338356,local_life_area,0,2020,2024,1,historic_district,0.698527773415998,650.0,0.46560680355183703,0.42204292055200526,30.962762773432562,48.28142133930183,10.787125239164363,0.7715196739469693,22.139456871391225,360.0,0.7722802657346367,0.925099247572679,0.8706165043997073,1344.885829848891,3588.3741402497885,220.0,42.0,0.8108903247005241,0.7511332939271188,0.7742615266595482,0.3466857032483926,0.6681376131387068,0.568247801488566,0.778136289157423,0.9126608780873047,0.41954887728470935,0.5869162300511471,180.0,0.4349770361811276,0.4532598014993502,0.542130606574867,45.46685136399044,0.7976033469915692,0.8319916640812397,4.0930458070619435,54.793559237019004,6.330523736371514,4.084956109129445,3.4077166201769282,1.123662921435765,0.37777398004940077,2.8415896958606077,0.35884006542773766,0.6376715493855019,0.517229512999538,31365.38186632378,211.48508208812225,public_private_partnership,1.0,0.7246488889439062,0.22534019423080726,0.4078044842830974,0.0,0.23569443405071486
QZSTM_156,Quzhou Shuitingmen Historical District,Quzhou,Core,118.8564556392882,28.966215795272372,heritage_core,1,2020,2024,1,historic_district,0.7074277531042948,522.2305176200603,0.8042074904331568,0.5976125726750477,28.51666400781373,79.90192536452174,6.761607057259913,0.8041468963043666,26.571753721903665,360.0,0.9210831599786616,0.983017011947143,1.0,1800.0,4500.0,220.0,42.0,0.8915010736251237,0.642500043407865,0.8378142776581613,0.5358312925081578,1.0,0.8421529000911726,1.0,1.0,0.8033969684900566,0.7625517715744886,180.0,0.5793732505538804,0.8363219664601065,0.47367817929485767,44.22085810851205,0.9139672207732711,1.0,2.732749117544822,66.04936868355573,4.885557721398081,9.1460666384222,2.9755330010893255,1.2963350386979948,0.8849735840528234,1.6354877635394927,0.5490359581552571,0.6330024030777281,0.23648928776383116,28351.671279772178,157.9069598318797,government_led,0.9190318998085584,0.45278653428697396,0.4284431379394962,0.5479703203166045,0.1724346686030623,0.33498915729793316
QZSTM_157,Quzhou Shuitingmen Historical District,Quzhou,Core,118.85931643769361,28.966057155589137,tourism_core,1,2020,2024,1,historic_district,0.7711077490939552,353.6231356485239,0.6024273157321517,0.5085099826817111,31.162009242637254,56.9481695569506,6.671357616158292,0.4648486759271929,35.0,360.0,0.8700837608442159,0.9203674006199,1.0,1800.0,4500.0,220.0,42.0,0.8220660409485605,0.4517345969350434,0.6804970828686667,0.2914694493463946,0.8709550488634789,0.7746213914687838,1.0,1.0,0.5722173418613041,0.7681214112440389,180.0,0.616108092178444,0.8294174588674991,0.6179892076412676,46.67315781682074,0.8389996372049587,0.9932107024462821,1.683985938094,88.18764786620552,4.887851075379791,13.799995981882326,4.463707126042154,2.73446210739864,1.2242753195770886,1.971301549477326,0.5409947522389977,0.6936991199871241,0.5730819804175088,8820.721412913106,255.93848866175261,government_led,1.0,0.7202466317962869,0.30356616298574723,0.46548674828619757,0.2454515521023793,0.37426747416667855
QZSTM_158,Quzhou Shuitingmen Historical District,Quzhou,Core,118.86852314878908,28.971010002844462,tourism_core,1,2020,2024,1,historic_district,0.6923506217470901,387.95753074431843,0.945764257652191,0.5517954430741869,28.162988823738416,90.0,5.135217796272645,0.4932169319241749,25.353272506429622,360.0,0.922300196563757,0.8165062381146236,1.0,1800.0,4500.0,220.0,35.217717410528095,0.6067895495434742,0.4461002937600029,0.8342431481080199,0.495983648206334,0.9840643675165882,0.964172937726083,0.9112223531425151,0.870607298315786,0.8194339322001458,0.6711011479400274,154.66522005365258,0.4747502193642303,0.7927116699005887,0.6937174653754153,40.729499144189894,0.7409512130561424,0.8802725269191322,1.6104697846702951,95.0,3.8385707494628414,13.57893417647674,2.945865196529268,2.447570603038918,1.331687535136743,0.7833219077362618,0.7794735655659711,0.6398547461723578,0.19426787289924885,6534.689154720514,124.56450298670889,government_led,0.950925825872288,0.3694419770283673,0.8802837028292607,0.7223840634473639,0.1837480059931433,0.4229744322503304
QZSTM_159,Quzhou Shuitingmen Historical District,Quzhou,Core,118.85580276519319,28.97525080086166,heritage_core,1,2020,2024,1,historic_district,0.6525945927041037,639.8984568879496,0.7645429820640389,0.5066223487475989,32.29899796386509,90.0,8.665162675612777,0.7087058712152033,35.0,360.0,1.0,0.9315359336484565,0.9692864732166001,1800.0,4500.0,220.0,42.0,1.0,0.6910859039410038,0.9490845856268213,0.40932282398675657,0.8616261682798536,1.0,0.991765677295471,1.0,0.7641216012988385,0.85000937129154,180.0,0.635988607942284,1.0,0.7906887951074363,41.929230927953085,0.8735347231805121,1.0,3.279057718927965,63.00741178284743,6.693372198716441,7.154169612332893,3.496278125177967,1.6709028907651142,0.2264954389629768,3.0299912025946303,0.30899665739843163,0.5521102093344076,0.40048094643490906,28122.992455903768,174.29334149108743,public_private_partnership,1.0,0.4830971948351598,0.9759145716166764,0.16421074977645755,0.3343024188073468,0.22107314143215032
QZSTM_160,Quzhou Shuitingmen Historical District,Quzhou,Control Fringe,118.88095226718725,28.98560178606908,local_life_area,0,2020,2024,1,historic_district,0.7211800269339073,239.77237066389452,0.6452590869900758,0.5446681431318012,30.64846757639919,44.89689290098047,5.779216335849357,0.3021148806946333,14.941625945942324,303.1823126562358,0.7022236189040542,0.6770142506090864,0.7277341056304735,1617.8328120610888,3598.0771247417197,196.37607537967983,33.837092342706654,0.4755356126071693,0.419964652533946,0.5484912125231761,0.5388868709697582,0.7346938728735312,0.5283799978056674,0.8044258565312049,0.6822879189374492,0.41297810550401026,0.5913034868148928,140.10928432627423,0.37729524163544714,0.5748694443331386,0.3134555519793628,37.688651109776934,0.6690799053989082,0.7684789434343827,2.0446217459619733,92.90365477376541,5.515781069576016,13.517137298329173,2.9439267944000203,2.616480291421235,1.4680771745778334,2.162498129551137,0.48876258737726835,0.439351647961069,0.2020059625455746,10462.89934556394,146.32968724899726,public_private_partnership,0.6529023787208464,0.45883596691134976,0.32315220480623813,0.5236745078220982,0.5431248897517454,0.014787088039634546
QZSTM_161,Quzhou Shuitingmen Historical District,Quzhou,Core,118.87141241380502,28.977258113251885,local_life_area,1,2020,2024,1,historic_district,0.6602050857973497,629.4279392676334,0.7796319014685623,0.616090719155271,29.69640135379827,90.0,5.462249362448887,0.6467578341327732,25.38624610819675,360.0,0.8515897964197241,0.7117602413454278,1.0,1800.0,4500.0,220.0,42.0,0.7633876115623696,0.6781224379103251,0.8381268909861739,0.3329761785739227,1.0,0.9376149315397696,0.9541803900374904,1.0,1.0,1.0,180.0,0.8195388776396619,1.0,0.7809888656602626,37.57125135790427,0.7459910715986525,1.0,2.3108622875363745,91.19263576455262,4.420318148359899,11.817216800614935,4.012439685345075,2.554329307186126,1.1618419313748913,0.7952122974021038,0.6996014142559803,0.5774936656202909,0.5435628671286379,23462.37316435904,254.1072918227148,government_led,0.6980271652954144,0.8254947616974878,0.8718754514163674,0.6136275503571451,0.10622877945454283,0.40627282543863297
QZSTM_162,Quzhou Shuitingmen Historical District,Quzhou,Core,118.88397153626781,28.975570536445698,tourism_core,1,2020,2024,1,historic_district,0.631070624435671,650.0,0.7011180903580826,0.5833564398686911,31.787577661197286,90.0,10.768037418904484,0.6790304960816482,24.540280433644856,360.0,0.9357449314567814,0.9015034182697182,0.8507856282288179,1800.0,4500.0,220.0,42.0,1.0,0.5663693240975626,0.8913575037468596,0.5036700271752272,0.962358414040604,0.7427464867138985,1.0,1.0,0.6734743890558441,0.9074134238569285,180.0,0.4341174807185192,0.8492430164338618,0.5666367356615223,48.0,0.9025445128626896,1.0,4.112527568753754,64.92996954087175,7.75921809781744,6.490421843386638,1.6676800896120756,1.2546756310526384,0.6197890466003455,2.9615460062832044,0.31987656164934297,0.4604787173323962,0.20117732163638546,30364.787418897264,133.866890137454,government_led,1.0,0.3632211583881577,0.6612619751398502,0.19994830814047715,0.031320681169716334,0.4652081147442972
QZSTM_163,Quzhou Shuitingmen Historical District,Quzhou,Core,118.85012409323295,28.979590473389607,tourism_core,1,2020,2024,1,historic_district,0.9743162138820758,650.0,0.6417262014237559,0.7658887321578415,30.564169592503006,85.21292349807784,9.017536122455875,0.6512664627093663,35.0,360.0,1.0,1.0,1.0,1800.0,4500.0,220.0,42.0,1.0,0.7634874945218014,0.9991176785758895,0.48551257817533244,1.0,0.9791995868916186,1.0,1.0,0.8115469022499686,0.9005233791236665,180.0,0.6564689775031267,0.7775990336772971,0.6744977799774258,46.42352726627503,0.7701046041512486,1.0,3.8403214139007087,39.935603706962006,4.454144607702988,8.964880607004709,3.110251384956471,0.7533882915563407,0.19125876375301437,2.25266963765652,0.5953488702277692,0.952771286228271,0.7689535600334695,25597.77690269837,205.16043543428512,public_private_partnership,0.9631381515785218,0.774283898809261,0.5048736659086837,0.5199395361148933,0.2421954160043388,0.26446423614880155
QZSTM_164,Quzhou Shuitingmen Historical District,Quzhou,Control Fringe,118.85999752248178,28.975389898992788,tourism_core,0,2020,2024,1,historic_district,0.786062662522339,342.6851202688521,0.525677518961319,0.35647801567883247,31.251370471616696,88.39452230054151,6.870304857548198,0.5995118090771462,8.959351633562385,360.0,0.5053414720427097,0.7229350122977808,0.8467664279966023,1800.0,4500.0,220.0,37.27072879965931,0.7199143577754926,0.6184229132707803,0.8122685590730266,0.33734921487046227,0.7203730039858728,0.651893404254608,0.7590656232908798,0.7745743645478841,0.41832133422517154,0.433825495317937,165.1091798812116,0.3142628996106393,0.709179776333381,0.23862673211796137,30.655514816849053,0.6555459449521398,0.5944722562902445,2.4312401997048827,74.01565519486596,6.463941562220878,8.334616912139627,3.973866980107636,0.9139108409285321,0.5401440448211687,2.4535086499131387,0.40465311474533394,0.5117356379286605,0.1648768682203809,18640.780867317677,43.11581745414394,public_private_partnership,0.7921931690675651,0.1701606920385817,0.762963056602945,0.3944566460552116,0.34592063495440106,0.22348484817926229
QZSTM_165,Quzhou Shuitingmen Historical District,Quzhou,Core,118.85807599731989,28.96195909235802,tourism_core,1,2020,2024,1,historic_district,1.0,596.0027391731647,0.8622354059635691,0.5529847890257735,29.698219219444038,90.0,8.457605501556067,0.5915690033387939,35.0,360.0,1.0,0.8969543169922358,1.0,1800.0,4500.0,220.0,42.0,0.850462267047735,0.7989710523837568,0.8104016442862385,0.29573750401420107,1.0,0.8236317766121654,1.0,1.0,0.8092952008879419,0.8344987188266295,180.0,0.4178816637060858,1.0,0.6987861954377549,47.705845722870805,0.907938064051687,1.0,3.5792023829263213,59.2863100745844,4.3524202862893,8.396620867807913,3.5443033729330398,1.389660284452158,0.5117019765220701,1.7034687345784356,0.7269491137124766,0.8755925826049278,0.42237230953076615,24347.125351953284,101.13272840305423,public_private_partnership,0.6143154544554847,0.4823103578577115,0.7468085836769812,0.6740277404461611,0.2144335749308161,0.20328433146392477
QZSTM_166,Quzhou Shuitingmen Historical District,Quzhou,Control Fringe,118.8615805883875,28.96241170137809,cultural_core,0,2020,2024,1,historic_district,0.6227187777967271,551.8711745709669,0.8330065779660683,0.5298435605369513,30.571427675239047,43.90865296892419,10.152941653519493,0.6271251012747897,16.764935734617683,360.0,0.7693727583867939,0.7647578844598858,0.9563112341451113,1800.0,4500.0,169.52983102665888,42.0,0.9195810743576859,0.6303453331295987,0.8644966413993093,0.3019363916048816,0.8720981795903805,0.9076678526059184,0.8856868388179633,0.951365473873954,0.642338266758979,0.832268205103039,180.0,0.5148181909896007,0.6113129300767953,0.6059991837339788,39.03802593278398,0.763857503071742,0.9299939038291639,3.6847888913074813,42.76762375414603,4.784678842171219,2.150432668281468,4.309611056958264,1.2584159141061844,0.5362290322706323,1.678395935762129,0.6180617990424061,0.5294055185370454,0.4433842137241511,24827.212087795695,166.50662249919804,government_led,0.7408583448004804,0.5266195926707344,0.2774870002565773,0.6768547286151774,0.16824801912661172,0.4515892739238453
QZSTM_167,Quzhou Shuitingmen Historical District,Quzhou,Control Fringe,118.8612628664034,28.97285635932746,heritage_core,0,2020,2024,1,historic_district,0.317743945676845,650.0,0.5340594369845157,0.47464666129088495,30.580800009958235,46.45331706121377,9.453782928426152,0.7083922313295845,25.975098833907374,303.2573722785193,0.7050274963903373,0.696174510057775,0.8463908100654406,1800.0,4500.0,194.3173673012959,42.0,0.7259921286167449,0.7488351819801682,0.663584007707044,0.2585573455384971,0.7795206609864204,0.6235492642794348,0.8895712171636153,0.6602396581407294,0.6630404079464755,0.5376732135371809,180.0,0.5193888533834013,0.6437253139625032,0.3188901932978601,35.75609965871557,0.5742822601169865,0.6678147655550956,4.3307313426089475,34.36924977310481,4.892156351291167,1.7708615147482432,4.717566728593636,0.6237925109871125,0.4616272210039665,1.7601113754045559,0.6115606187732106,0.2703682994061379,0.14112438480367792,30499.52916625748,76.23322705793423,public_private_partnership,0.7687196499644078,0.3521021479813426,0.37475197991554365,0.63682538524435,0.0,0.2636413085597272
QZSTM_168,Quzhou Shuitingmen Historical District,Quzhou,Core,118.874721842912,28.961903691603528,cultural_core,1,2020,2024,1,historic_district,0.763286384596711,650.0,0.7025286352705576,0.4991738254351622,31.248152497276468,90.0,10.678267838089964,0.77835414614952,29.304303794298942,360.0,0.8235416808403905,0.9203405544851013,0.9462161903785349,1800.0,4500.0,220.0,42.0,0.9818607190397736,0.8059062764491018,0.8022080830283963,0.32275069090399433,0.8695278565184233,0.852631194800918,0.968586129710125,1.0,0.6768551025986026,0.9055680009572649,180.0,0.585683181024567,0.9485524506707406,0.5640692953735487,44.604674534126815,0.8500901729580533,0.9174199359487569,3.8350174607013585,43.01070853828723,5.858520104598699,5.935967502607515,3.765227346175181,0.6818384005046709,0.54023174973125,2.4296491830939786,0.4177522127638237,0.5906564817087402,0.4637857392295241,31353.730652350263,155.77636154693397,public_private_partnership,0.7835103334440521,0.6954712385472765,0.8733781651119142,0.40904685614331515,0.0,0.25075707888861
QZSTM_169,Quzhou Shuitingmen Historical District,Quzhou,Control Fringe,118.84731548642807,28.97083839646487,tourism_core,0,2020,2024,1,historic_district,0.20950323098312854,620.8633249285251,0.5758306522681176,0.4772358318615874,30.553448925839227,45.35628517877406,8.895253401353434,0.6095541011683664,8.148263554824641,348.89420333166356,0.6030076907065391,0.755982648450493,0.8113933166258562,1484.4376202079372,3464.2662045479624,220.0,42.0,0.750874893266408,0.7232633053712965,0.7701725250247025,0.4193248677584088,0.6085741865994685,0.7102658911011099,0.6825910043705934,0.7648973626582395,0.5775587728642879,0.5187915107629474,180.0,0.36819477751813645,0.4829300431918353,0.48161440388079546,29.38253543729172,0.7085025705521659,0.8017864332325122,4.062958161513671,43.3843878073122,6.403599620309867,7.257953657158253,3.5737589465515636,0.2954968479882145,0.6345019047762768,2.6336608060582147,0.5239130191259055,0.14520905969588976,0.2495249417974437,28830.491686631805,198.5294309387862,government_led,0.7673467002050175,0.6922759196644359,0.25749267970356715,0.5071250208304608,0.026744377406330455,0.10463508700381902
QZSTM_170,Quzhou Shuitingmen Historical District,Quzhou,Control Fringe,118.8652855468566,28.983326721656308,heritage_core,0,2020,2024,1,historic_district,0.7137616372663725,321.05080358202576,0.622823954050658,0.4402181613692648,31.32204135660256,57.727408285392336,5.206270208854658,0.3417892469303422,8.083855444677882,360.0,0.6027695469480167,0.6499556688651988,0.8225346939763588,1791.55553972748,4500.0,220.0,24.318501605908587,0.5720515141904409,0.5616409974098078,0.6362047900921692,0.33388620893541016,0.7205191021261657,0.6074067133153395,0.8114655117758776,0.7589802839880124,0.4167279033607839,0.6620107754508802,180.0,0.47731503995312424,0.7839394578618936,0.5237357203993012,36.63623965407746,0.753704938430963,0.8028553139132067,1.853353254298498,82.61701191112712,6.054287405531946,14.331480901378571,3.5984181733489167,2.6204443508873427,1.1541532075808103,3.083018000015351,0.3615105234427311,0.42316487444755035,0.4520187361235627,12876.702133245184,167.30981297924123,government_led,0.676646644298617,0.6604955557187996,0.44483680919315993,0.43257938415609337,0.0824635445528403,0.2621650205178506
QZSTM_171,Quzhou Shuitingmen Historical District,Quzhou,Control Fringe,118.85995608097241,28.952904337917747,heritage_core,0,2020,2024,1,historic_district,0.43446685471768476,366.11021285193516,0.6646969525749713,0.5254687618865967,29.41470006052005,41.210394172990526,7.458044665532911,0.48509034232186193,25.404099168504082,290.0802881640777,0.8043493693119647,0.7102898225695602,0.8256256457934039,1800.0,4500.0,161.85042438487085,42.0,0.5619129516035659,0.464586893844797,0.6256974050664337,0.40546774274176667,0.8351511514393697,0.7804849019467817,0.7452106227475842,0.7866556208267897,0.7778537059345118,0.4536817953407892,143.77425843404558,0.32214982300756484,0.6037036973164445,0.3618648781300331,31.66351086045852,0.7047358431342343,0.7853234903941522,3.0825653788673106,76.26083830133568,2.3645493976697267,8.934104446107645,3.6195906392695654,1.532405254442498,1.0981579718495533,1.3178242722247056,0.7702602482390993,0.2523923028545409,0.21513474861217619,15391.114399619204,96.46367368668272,government_led,0.6711484342011588,0.3107018317220522,0.3502992759715505,0.8443981923074797,0.2926998500896194,0.2929087682463585
QZSTM_172,Quzhou Shuitingmen Historical District,Quzhou,Core,118.88543816583763,28.97022195979542,tourism_core,1,2020,2024,1,historic_district,0.7122083644303076,513.6897521027776,0.872115247667659,0.6186150952426732,29.538008827077086,88.27381344955079,5.42673331862869,0.7929011425693784,19.990222902150155,360.0,0.7481262612950803,0.8867353519904845,1.0,1800.0,4500.0,220.0,42.0,0.9206990512101669,0.6614965763320804,0.733247703089464,0.4210399558020661,0.9531812401659377,0.8718775097910275,1.0,0.9957210208929004,0.9594812913174057,0.9129723941955992,180.0,0.588005074406106,1.0,0.9159273698773761,46.558559945282106,0.6925676193260333,1.0,2.454588177447079,86.30940030188374,3.189634129699336,11.576467482764915,3.073751819655021,2.522737170086964,1.1242945115368694,1.506046298093321,0.6861027082506767,0.7034621240980178,0.5511321965908845,16478.53274741761,252.52494956969872,public_private_partnership,0.8978984069152274,0.8143098815232568,0.6224499014917142,0.813121986157598,0.2960533390327811,0.3397139941113596
QZSTM_173,Quzhou Shuitingmen Historical District,Quzhou,Core,118.86635331559442,28.969186945592547,tourism_core,1,2020,2024,1,historic_district,0.5540213897984607,510.437024643499,0.8144531292470102,0.6446040010486993,28.181650550246854,90.0,7.693841654661343,0.7505656211156762,27.822276833904326,360.0,0.9036439997579329,0.8533161150672233,1.0,1800.0,4500.0,220.0,42.0,0.850230279595416,0.6577763184372575,0.8484123090872038,0.4101256668583896,0.8399048556577331,1.0,1.0,1.0,0.8469875648020228,0.9169209709389826,180.0,0.7131209883545935,1.0,0.7497680093706861,44.25406417525361,0.8227873669905774,1.0,2.6902468436247076,67.70731893462408,3.699651361694488,10.729188567876587,3.8695315640886294,1.7581373109749903,1.2836483710341435,1.27098463275582,0.7099811386837259,0.33708902757447534,0.40568440053926647,16078.770025510908,186.61476819412093,public_private_partnership,0.7411982480476811,0.6797958828680096,0.8595489475910484,0.6685933613884143,0.20474168832458609,0.3454064000985174
QZSTM_174,Quzhou Shuitingmen Historical District,Quzhou,Core,118.84697270386215,28.968352537840406,local_life_area,1,2020,2024,1,historic_district,0.8876724894158687,519.2780061321403,0.7097536571413845,0.5063966500471465,30.419686367036036,61.697643487637805,7.278581136638354,0.6846927831241857,29.970167192630377,360.0,0.779014802443538,0.8949467254973832,0.9392971306866403,1758.7444370338296,4500.0,220.0,42.0,0.75721287300239,0.8216528515044352,0.7139568047936488,0.45520696642505654,0.8127597729904993,0.7940499147805586,0.8351863652840344,1.0,0.7419821628809756,0.6880063253346411,180.0,0.6620346679817913,0.8428504458202327,0.6851469578311087,37.52402241817651,0.6949967106301702,1.0,2.4151239744665096,59.69011317656411,6.055985174118235,8.506702854122349,3.4802382424618186,1.837276592657043,0.7935418442698671,2.618215306889128,0.42076076615323066,0.8238849852305793,0.8706215669553877,18896.66749802688,280.0,government_led,0.8359674908643864,1.0,0.4331082755947357,0.4851354896654747,0.180624604251431,0.6214479257655451
QZSTM_175,Quzhou Shuitingmen Historical District,Quzhou,Core,118.86394705815533,28.98128746109647,heritage_core,1,2020,2024,1,historic_district,1.0,650.0,0.9563458738702687,0.5894095920343053,28.362654167149962,90.0,9.349415670107547,0.8114673117930338,24.36062758089314,360.0,0.976515184238876,0.6614824325848677,1.0,1800.0,4500.0,220.0,42.0,0.940145281296626,0.7521532718646392,0.8188914595188179,0.5292234729552968,1.0,1.0,1.0,0.917756246469923,0.789725848647836,0.6097018143454213,180.0,0.6093754826325262,0.9538005536964658,0.5207769267587846,29.41090771183226,0.6840604828639794,0.817404558417338,3.777656364964698,51.23284354474487,4.068756011917898,5.198811794515639,2.137819035142389,0.8828134490378564,0.8223933977923246,0.758520571457233,0.7814000342902697,0.6708556685070834,0.39969684043020015,32715.794462269798,119.98311797689999,public_private_partnership,0.6480060402798523,0.4299839120888894,0.7798862462459928,0.8134593300295466,0.1277383963099897,0.3472543253722138
QZSTM_176,Quzhou Shuitingmen Historical District,Quzhou,Control Fringe,118.87078148427894,28.95452734549878,cultural_core,0,2020,2024,1,historic_district,0.5904042255630948,363.85820507611635,0.46732107856838495,0.30382348932833847,32.80599229182335,66.36494085387127,7.128413405911467,0.5810185762447515,22.78304899731631,360.0,0.6836643005051903,0.7984184303361759,0.7498636366265012,1446.1798353446784,2993.343870208068,220.0,42.0,0.6679670037086447,0.6504275732085641,0.5308978262471092,0.53669291830335,0.6009505374643952,0.5700533538893308,0.6623213684208336,0.8440499879383798,0.44884303195847186,0.713866065868361,180.0,0.35441487453898607,0.6091105165646125,0.6255416739137066,40.43641704315684,0.7130568710813354,0.9543324520916739,2.8023610578449274,60.379757855671066,8.960058031644756,10.175208719605777,2.684771726792111,1.6549608666400226,1.2099885762491824,4.6,0.1266570036777902,0.5250305607331404,0.5531629263611728,23788.81507321648,192.97118350327727,public_private_partnership,0.8549225464091714,0.7817980974336238,0.43267381474198785,0.03940762929104169,0.44346449624738604,0.21183800818321796
QZSTM_177,Quzhou Shuitingmen Historical District,Quzhou,Control Fringe,118.86741122282113,28.985085009139038,heritage_core,0,2020,2024,1,historic_district,0.839929216507179,650.0,0.5586329581607657,0.5199166176368085,30.237427198329907,86.72226859815486,10.041315145310655,0.7994235209844165,14.121474861093992,360.0,0.7810085812255054,0.7373276931500093,0.8761817454814956,1800.0,4500.0,220.0,42.0,0.7524355581111776,0.7063766329284024,0.9415113321298052,0.162476252876247,0.7324677537497425,0.7464877489964148,0.8103278131084176,0.7292234181712879,0.4865875021139132,0.6430051017603494,180.0,0.5128603962505431,0.9171055836748884,0.47842997034594736,38.578412890229835,0.6138358430939839,0.8708480055971272,4.177087413906866,41.04057418614371,6.894281284073783,5.078305393810485,4.260738193887297,0.7813451083107368,0.3514345838636788,3.3162373680133257,0.3296545584282287,0.677011779013398,0.5887678942860675,31386.022836107495,195.13251125179693,public_private_partnership,0.7902339702405824,0.7070210483783796,0.8004583960393169,0.4490454686798564,0.1707137048895931,0.24084854760216215
QZSTM_178,Quzhou Shuitingmen Historical District,Quzhou,Core,118.86135704916029,28.96396377088974,heritage_core,1,2020,2024,1,historic_district,0.575039384642428,519.8209289744082,0.8986972685310871,0.723044596206293,27.925449910143268,90.0,6.503168498640955,0.943298209157844,26.549498846981617,360.0,1.0,0.8580985974950748,1.0,1800.0,4500.0,220.0,42.0,0.8792875899490091,0.6765390148404646,0.7667198198475184,0.3085719310221481,1.0,0.9726085886036772,1.0,1.0,0.9067142152783711,1.0,180.0,0.7414193843721611,1.0,0.8245798665013113,45.879046323434565,0.8016424827909853,1.0,2.6286491687584927,67.08713795183598,1.6704243368084577,9.793405416451202,4.343720280401299,1.4741310121610014,0.8062513218097018,0.6876983290278567,0.8905166217279874,0.548352295476687,0.4402984947334595,18651.09264949985,243.77544731294202,government_led,1.0,0.8480003037421835,0.920272877723523,0.9165093533885984,0.0,0.8641802296653507
QZSTM_179,Quzhou Shuitingmen Historical District,Quzhou,Core,118.85957598388875,28.951321214306297,local_life_area,1,2020,2024,1,historic_district,1.0,435.11406326718543,0.6007776765164513,0.4758285503844365,29.500013350255173,81.30413175223227,5.667887505520442,0.6877930010376092,34.300919335958305,360.0,0.7775630491187868,0.7098025039518342,0.858306365312751,1786.670398789487,4500.0,220.0,42.0,0.9169710362634508,0.5914788722307381,0.7882760956695621,0.636508432889279,0.6513164757676135,0.75789307662548,0.8941728469857236,1.0,0.519264105578159,0.7256078372982673,180.0,0.41136694584844696,0.7476802645861808,0.5520232754510229,31.812005648702844,0.637501175999067,0.9232290234212709,2.2467293244670676,80.588604837673,7.0583033809611955,12.949661710461253,1.8378528279911137,1.7234551526258364,1.2854073699833757,3.900848378067786,0.25506135139213104,0.7273430678303017,0.4452191406736747,19731.291173901976,128.26737148478333,government_led,0.8122827990983741,0.49495555170622646,0.5035991654172493,0.3140943951671888,0.11544452156810649,0.3371304038763668
QZSTM_180,Quzhou Shuitingmen Historical District,Quzhou,Core,118.85079255950546,28.974272772439942,cultural_core,1,2020,2024,1,historic_district,0.6424221076692496,392.60403882340705,0.7451936818348074,0.5116049298388295,31.713771568287246,90.0,3.1228458808278003,0.4820442384042664,33.457620936141296,360.0,1.0,0.9980476201960836,1.0,1800.0,4500.0,220.0,36.67073834563654,0.7052925465920048,0.5021604865689148,0.8460300590102052,0.49192085076576453,0.7645743246789328,0.7992931511830054,0.9513633753387063,1.0,0.7558512511130029,0.8236556549516555,180.0,0.548405846668871,1.0,0.7816883284937154,42.76689644357899,0.9474828371493412,1.0,1.40731794119807,95.0,7.6260589865977035,12.913964395568899,2.6977428690174508,3.2,1.295105329188578,2.967607688409061,0.3317643793632978,0.5445273198422804,0.4200436526319512,4378.115708002956,191.4349749513969,government_led,1.0,0.6841806606356033,0.6586431725046015,0.34194263339507147,0.4425913578916058,0.24416191519269292
QZSTM_181,Quzhou Shuitingmen Historical District,Quzhou,Control Fringe,118.87339478527245,28.984013799289347,local_life_area,0,2020,2024,1,historic_district,0.2767621962615934,353.23122588950895,0.6564801693074657,0.3962282161929325,31.906779862364754,37.49787728430905,5.601882031407051,0.5498290617731074,14.863066361109416,328.30155568449874,0.6612972825892118,0.5935698900710198,0.7022190993088019,1654.4456535529532,3661.7344612164375,197.0171823015396,37.47642873989445,0.5502519279158379,0.4201228028125247,0.6122267886819533,0.34483125634982326,0.788474846995309,0.7421991707655744,0.8075763776374518,0.6858718544026566,0.446727531537365,0.4687019875154096,173.12456651112885,0.36250058802919816,0.5163566945788456,0.5901524341347582,28.13924786242771,0.5657132428868797,0.7610831160984627,1.5581261700320956,74.07086083228397,6.989482202050786,12.73685859325447,4.340615441236181,2.127243201107619,1.2124915368200897,2.6355475186220705,0.39174710233764465,0.17847275292914191,0.1854547325402721,10071.61468436221,144.13983872892527,public_private_partnership,0.5566553050039559,0.4865006533024482,0.2927411767302477,0.30437543216770213,0.12208517168653535,0.2406747330177744
QZSTM_182,Quzhou Shuitingmen Historical District,Quzhou,Core,118.86677362152342,28.97699428984098,local_life_area,1,2020,2024,1,historic_district,0.8356666275916624,411.87835359314727,0.9201028718173476,0.6302100775705666,30.168913369260775,90.0,2.9098066969894636,0.5542759566979687,32.84906633079002,360.0,0.980587545619074,0.9843427049742716,1.0,1800.0,4500.0,220.0,40.096161703940105,0.7834517347382609,0.5381581517968987,0.7847152221319473,0.2814181696918753,0.9885445149443444,0.9881694309972647,1.0,1.0,0.8266901856663673,0.7824308188117678,166.4889668613871,0.6897124084520654,0.9819950592862604,0.6735411212234672,48.0,0.9001165632111948,1.0,1.6324251645648826,95.0,4.104821144990708,18.0,3.996901375551322,3.1823102502873133,1.5766743714342797,1.618552498906947,0.769756030223549,0.8386636820373943,0.318445701877753,6274.814945842299,91.53663340295813,public_private_partnership,1.0,0.4175787567555302,0.8227234544448845,0.856793996629226,0.04813684935462153,0.6431472340537957
QZSTM_183,Quzhou Shuitingmen Historical District,Quzhou,Core,118.87719700470514,28.96351593844325,heritage_core,1,2020,2024,1,historic_district,0.4989190751407643,527.9913757202219,0.700195942042344,0.5235573343528152,30.99585222908584,85.18401972286819,6.265050828526396,0.663506882917416,35.0,360.0,0.9032631306865155,0.8205941567607712,0.9549453883726634,1800.0,4500.0,220.0,42.0,0.6429176656432729,0.6627210858466206,0.8420228808853838,0.16427177043038893,0.7654316095924901,0.8536141287398541,0.9286796396360351,1.0,0.5320805947297134,0.8973569134286381,180.0,0.49704438307945614,0.9719127469032113,0.6012999237503321,37.24139490947315,0.7473906171876987,0.9153443306917494,2.804896986114003,53.80930763173005,6.651557249528616,10.351710917860775,4.548355926504197,1.7066965049994878,0.7518650056391373,2.5145462186047425,0.38601068250993514,0.5063925064593222,0.35513847601823534,23098.301428833223,218.44133955465074,government_led,0.7554292278771467,0.6819262344823763,0.7991560885964036,0.4218735266879102,0.13967233797459447,0.4174900712383962
QZSTM_184,Quzhou Shuitingmen Historical District,Quzhou,Core,118.8528024783971,28.970871787668788,heritage_core,1,2020,2024,1,historic_district,1.0,337.2691155197905,0.8258297922677367,0.5913472537818155,29.04845438200118,73.04960523177742,4.012029684243463,0.4971176748663807,25.2369921143701,360.0,0.8996462093186769,1.0,0.9855195719772561,1800.0,4500.0,220.0,34.22279516217854,0.5975752173846959,0.5773570992866145,0.5579323294785157,0.554979178282367,0.8544699919739415,0.9224925130018542,1.0,0.9889232581998375,0.7848614131045369,0.8325584123495432,180.0,0.5217421212275463,0.8942906506399348,0.6586101347379631,48.0,0.783993431112468,1.0,1.2570289782228012,95.0,3.9250670879438765,18.0,1.8619473214657187,2.609190174839406,1.396476266686203,1.4761959807060308,0.6660903163003081,0.9429779746158273,0.7798748199698418,4000.0,276.85545248843624,public_private_partnership,1.0,0.7961261714276807,0.5697804495133653,0.5819175005587909,0.2717892482797352,0.2384581254995659
QZSTM_185,Quzhou Shuitingmen Historical District,Quzhou,Core,118.86626260447822,28.980466673552556,heritage_core,1,2020,2024,1,historic_district,1.0,451.32272940207446,0.8602000958594012,0.6170772591788501,29.172039203466895,90.0,8.583283015549064,0.5632208968565442,26.170409275662045,360.0,0.7460024873713456,0.9362926692331177,1.0,1800.0,4500.0,220.0,42.0,0.7942436561677422,0.770592413922464,0.8973053882294716,0.45984213583296996,0.9173425546520623,0.8598630871136737,1.0,0.9887326491993467,0.8163032082603676,0.8408489962107625,180.0,0.5966238285229335,0.8370082638149279,0.7488539037017968,41.38840175575056,0.853428527175173,1.0,2.447689224261656,85.66951914579445,3.6277637990076226,7.211603778416844,3.630648495722794,2.3532779293934607,0.7927095564734083,1.377652551678892,0.6241870607773066,0.7907640220269115,0.7032983395964356,14539.752541261565,201.86052435400822,government_led,0.8491191497145953,0.7371096390105797,0.6843940128977948,0.6169746322261627,0.041996736945250406,0.47536043794388805
QZSTM_186,Quzhou Shuitingmen Historical District,Quzhou,Core,118.84540418854114,28.96105963043973,local_life_area,1,2020,2024,1,historic_district,0.5269445810862243,599.2947015312785,0.7015762168939694,0.5703984372694737,31.188790315625106,90.0,9.594840844883347,0.8368949545101991,35.0,360.0,0.9040979492222091,0.9500036929670952,1.0,1800.0,4500.0,220.0,42.0,0.8994433295220694,0.7958754081284075,0.8872540647715008,0.4713105260786563,0.9940180789467012,0.807844376250067,0.989340114546543,1.0,0.8435867571180949,0.9495487627000937,180.0,0.4112415981441634,1.0,0.8047432159165904,38.017185758501356,0.8046916944009825,1.0,3.9979229626316704,54.774112105856226,4.416226483599818,5.098312700607716,2.0189256613109023,1.3537132708456994,0.6464834773016984,1.7438358391809035,0.5945530406515473,0.5217603062533003,0.469928921149183,31386.741512354693,233.91035543609806,government_led,0.9871790251875987,0.8981950852200445,0.9411715326287019,0.6953318559431799,0.18554830728491553,0.23334634950890512
QZSTM_187,Quzhou Shuitingmen Historical District,Quzhou,Control Fringe,118.8441800886921,28.979514705264975,heritage_core,0,2020,2024,1,historic_district,0.40359561396356863,556.5523941154042,0.7162780451266962,0.4893219834334521,32.02389975181243,70.37413606217832,6.413044234325328,0.4802785724585052,31.95638479945639,360.0,0.9267041938346595,0.8477513360975711,1.0,1800.0,4500.0,220.0,42.0,0.6962440954250674,0.611844633679928,0.8671079159305627,0.3494690777530222,0.8913979732634673,0.7381805146614507,0.9111922579212615,0.8754890586058985,0.6839273717920478,0.6666098386547974,180.0,0.5848003425149068,0.7156046263445995,0.39978306184519663,42.90762434212595,0.8172220904494163,0.9444441830548952,3.090904281952553,75.52530304317345,4.848282815774683,7.12295018177791,3.993674175892286,1.7605304350422901,0.74279543124978,2.2892287867901344,0.6078242883690669,0.36675285792139867,0.2552257454973043,19376.430036049856,129.01778613562826,government_led,0.9405701220467507,0.56732837625001,0.46807325064345684,0.5266798955555214,0.24569796187257348,0.18815224310057496
QZSTM_188,Quzhou Shuitingmen Historical District,Quzhou,Core,118.8706402450285,28.947170177461317,heritage_core,1,2020,2024,1,historic_district,1.0,513.86093115225,0.7275930312577276,0.5377802951999041,29.41921148420419,73.69620590061601,8.990608822763184,0.7113735357208675,27.44668286329675,360.0,0.8540640589272804,0.8341614969991454,1.0,1800.0,4500.0,220.0,42.0,0.8280213809345549,0.6737546757515336,0.7802168162937471,0.4958514183063515,0.8555762759206983,0.9124064550395636,0.8547822135944732,0.973343617307369,0.6489590190257144,0.74271611381984,180.0,0.5204174615872313,0.755297874586807,0.5128710825727225,38.44764296877914,0.8162561709700147,0.9030574951862176,2.6909113068205066,52.99895844603594,3.87413626219047,6.240525944743107,2.4240788715971187,0.643157989305923,0.6792481553112388,2.76835725756825,0.6217465532125666,0.899373133049907,0.6740102814234997,26046.415160830824,222.53556777712103,public_private_partnership,0.7510285237329325,0.667241226578313,0.5613237478834135,0.5512289200693492,0.3194671855492659,0.30617851226584225
QZSTM_189,Quzhou Shuitingmen Historical District,Quzhou,Core,118.86094289620057,28.974503792956646,local_life_area,1,2020,2024,1,historic_district,1.0,564.2124145760158,0.695915861407074,0.5736284135508832,31.091802657977183,90.0,8.467164313390747,0.7405721936933941,35.0,360.0,0.9689187740464625,0.9137362837374983,1.0,1800.0,4500.0,220.0,42.0,0.7450870066312592,0.665999145229978,0.7660535821819017,0.47307422193101867,0.8953595498635036,0.8851524523424338,0.972491869419706,1.0,0.7417356095571073,0.7706322870104841,180.0,0.5340934124989091,0.7641808779023802,0.6370179833727949,48.0,0.8349367260248668,0.9388820187149457,3.0028570238072154,61.8148250618105,6.842654945926069,7.844273867078399,3.3901536610510727,1.6972749460120364,1.1987350621973416,2.8447522082610184,0.4170437570918775,0.9393804245848294,0.38652177598244086,21196.403265598507,126.07844219564267,public_private_partnership,0.9145591685204305,0.45761484923425666,0.47486676796742455,0.27622562291590136,0.5689459342175762,0.31332502589648314
QZSTM_190,Quzhou Shuitingmen Historical District,Quzhou,Core,118.85907312940698,28.965618108247654,local_life_area,1,2020,2024,1,historic_district,0.9357639097240322,645.0564104223336,0.9005176185606443,0.6943152501935683,27.34949186124558,90.0,9.253365621216691,0.7046121742310093,35.0,360.0,1.0,0.943039722204248,1.0,1800.0,4500.0,220.0,42.0,0.9198367881836906,0.8022234454303183,0.7725873581827727,0.5403837902740705,1.0,1.0,1.0,1.0,0.9092804248257774,0.8653817647487144,180.0,0.7073020753738688,0.9636466056583678,0.6198712898394556,45.210112162625826,0.8978280835576373,1.0,3.2710397470257337,52.44455897520962,4.122563008738068,5.095784761002591,2.751268408988634,1.3014686704518792,1.0017630031552074,1.3823257303555418,0.7164600221623112,0.898146966072385,0.4519369456530428,26778.3557154037,185.83515819808972,public_private_partnership,0.9658549488229132,0.49970659010952395,0.7207183304731664,0.6724320787973121,0.0,0.45395128764444664
QZSTM_191,Quzhou Shuitingmen Historical District,Quzhou,Control Fringe,118.86452446171872,28.973798311902467,cultural_core,0,2020,2024,1,historic_district,0.3136640520281667,635.6386388908195,0.6571960393961143,0.5761321257611509,30.25209469693481,62.95400118580244,9.054045334859445,0.6925682861224508,35.0,326.31082281754453,0.7571555204873277,0.7785337327752946,0.8881285585019335,1800.0,4500.0,220.0,42.0,0.8205275203392304,0.7490856194006128,0.886942404213739,0.47713519112110603,0.8774021167497547,0.7780937313377785,0.8787025993446727,1.0,0.6095519436996705,0.5505637805282626,180.0,0.3650850001050806,0.7668951747097653,0.5333329147593265,41.070423175179194,0.6391386833112606,0.8427096489592562,4.2214762125884695,45.36538171958285,6.266022824793616,5.446912066485064,3.1258129543492856,1.2758914929596783,0.7969614612205366,2.7481964643995718,0.4254509377341925,0.18279777143132564,0.2176163229137015,29294.52133071888,34.48350612186654,public_private_partnership,0.7819904418907415,0.342075087399049,0.4071683110540131,0.4310406369117601,0.0,0.11981348599105436
QZSTM_192,Quzhou Shuitingmen Historical District,Quzhou,Control Fringe,118.85336223870922,28.96219604910237,tourism_core,0,2020,2024,1,historic_district,0.25887930362248074,332.18734343826077,0.7475554155922537,0.5160201891355295,30.591602320453642,68.88260927894393,3.778551582871602,0.4641907312894453,28.472175788084304,360.0,0.8064118714580032,0.7409471026694419,0.9805856575631626,1800.0,4500.0,220.0,42.0,0.7627530879379363,0.5268910390909948,0.7424033735279291,0.2408663169549627,0.927064014292395,0.7159215747994807,1.0,0.9882146719539698,0.8392339918778209,0.7970152250500239,180.0,0.5277561949732187,0.8273932719317035,0.5896883476149133,42.46979801884317,0.656039637629007,0.9042529339563764,2.0033590065789824,95.0,4.197229961554472,13.112208206050356,3.2850796601136327,2.8521507999135367,1.3643921935077992,1.0711852817352507,0.7288358243224968,0.22646787898955922,0.169290803027142,9394.500142808887,172.13521663712166,government_led,0.6937143794670682,0.5582260791368692,0.433220715472744,0.7477857025586776,0.09555324930319839,0.09600700140314924
QZSTM_193,Quzhou Shuitingmen Historical District,Quzhou,Core,118.8802267275747,28.952317203753196,heritage_core,1,2020,2024,1,historic_district,0.8260299575892656,368.98940503802936,0.9114325001431304,0.6840915187445594,28.892049593627625,41.95153760585745,5.037318439650722,0.5848244176129627,35.0,360.0,0.9833007952049528,0.7226059507666164,1.0,1800.0,4500.0,220.0,42.0,0.6823049467729393,0.5052939041256119,0.6317190426555112,0.4441833090367121,0.9665654165414389,0.9345685163662956,0.9047394472691279,1.0,0.786603617763535,0.8134486433983688,180.0,0.538510039947577,0.6879144741224493,0.5045526948842377,36.42351192962881,0.7902033072206203,0.9509475735572142,1.6949249688599253,95.0,2.8186365953851062,13.428744581421507,3.471868879442136,2.128317650049888,1.3055329060795422,0.6423189027096923,0.8582964619827612,0.5792275758629498,0.6492302546744985,4586.515132907515,262.6293719729469,government_led,0.7209156821641829,0.8160354094458822,0.2980158483522396,0.8103231623453426,0.0,0.295158866645363
QZSTM_194,Quzhou Shuitingmen Historical District,Quzhou,Control Fringe,118.84570552470203,28.961120997653854,cultural_core,0,2020,2024,1,historic_district,0.5627767465479175,583.9562120733258,0.6368370982591,0.4311980914905672,34.75289337362252,90.0,7.44113644718054,0.5097022635093585,12.807513684259817,360.0,0.6871340654820144,0.7992042841486989,0.8480504680130049,1800.0,4500.0,220.0,42.0,0.7138717806750682,0.6169864036190262,0.7791684572279792,0.25254792355790634,0.7850113360853105,0.6617968464420511,0.7976873658506946,0.6938683304938695,0.6006903699179688,0.8609541926842572,180.0,0.48618709520953857,0.8989631994744604,0.5843914207629477,40.43018193632107,0.7440902470037495,0.9584520175623336,3.461499576742326,80.17015823201284,6.030605197863133,10.48825083841072,4.134264571650495,1.3771913962052542,0.7646309713312929,2.4715981748684404,0.3589719301254033,0.44483304265348955,0.3717697541341204,20551.27384879339,183.97696749565557,government_led,0.813003487482723,0.6347015195197521,0.7402138553566773,0.48626077089890696,0.31781752595585944,0.13640975532336708
QZSTM_195,Quzhou Shuitingmen Historical District,Quzhou,Control Fringe,118.83791840082775,28.95673788324979,heritage_core,0,2020,2024,1,historic_district,0.4975218657261519,519.9057937239497,0.7422150401997414,0.45954037176464163,30.345661858358444,60.06364191865234,9.780209462101132,0.578196790695735,18.426225974820753,360.0,0.6396286473452378,0.8070663581265379,0.9569724565245971,1800.0,4500.0,220.0,42.0,0.7282967481121962,0.6427894866146674,0.7564599402182731,0.36259248515714576,0.9876687993173454,0.6679079027586037,0.9175085196660807,0.8679547885045572,0.6690347990947465,0.5242353221190771,180.0,0.36821170037347883,0.6283489315498256,0.3711430463260462,40.93513658663993,0.7510002052757322,0.8052230653621869,3.7377223065137644,62.84176605395494,4.687513058707995,7.766761060269719,4.187145820996324,0.75960265705814,0.6210087410604702,1.9894566176009751,0.6568322341405592,0.3668193690308261,0.24655078215315027,24376.757764102706,132.2978309955602,government_led,0.834709446648693,0.40882304954969767,0.47544085203525455,0.5970666028312444,0.25427785250662754,0.05365222590904772
QZSTM_196,Quzhou Shuitingmen Historical District,Quzhou,Control Fringe,118.84983566759443,28.97609868084212,local_life_area,0,2020,2024,1,historic_district,0.7553534054851078,465.71040106905525,0.5984316466783399,0.5914824035051347,32.86663082480131,66.66902882214488,6.763966477239752,0.5145825818584875,23.42009965152664,360.0,0.8416034421261571,0.7108288887561723,0.8119578124953934,1800.0,4500.0,220.0,38.065089556240515,0.6500900460192383,0.6904183189060473,0.58856322469547,0.3987657398581802,0.8701407339016192,0.7419737308713577,0.8716021931303333,0.7548443506566221,0.6253240211258552,0.7915332160855053,180.0,0.5526695782755584,0.6342791707733064,0.3697084286466037,35.736990047975574,0.5636854527383532,0.7827351024634733,2.339378552423219,87.99628473839351,6.426446201899668,12.519544988756023,2.9643400820879653,1.771677739336313,1.2756091378311212,3.3476130545950356,0.33790867383181994,0.541459210685896,0.3753680979786201,14175.61166556288,134.81904483114982,government_led,0.7422508664450139,0.6287149003405178,0.493897384689816,0.36390081076022246,0.0852061848448717,0.16832868792877081
QZSTM_197,Quzhou Shuitingmen Historical District,Quzhou,Core,118.87413324167053,28.97115163479151,local_life_area,1,2020,2024,1,historic_district,1.0,521.8122693045339,0.8270903053106522,0.6170579779423223,28.044244308603652,90.0,7.648807903196345,0.6303969049967252,35.0,360.0,0.8955045631215286,0.721353391695263,1.0,1800.0,4500.0,220.0,42.0,0.841107808265009,0.6337328053203715,0.8498675516759316,0.38408411865077074,0.896641863757417,0.8856115503223534,1.0,1.0,0.8188215741864588,0.8985674181540085,180.0,0.5667504801934989,0.9415298296682094,0.4803010109741518,36.73979441662564,0.738052841283244,0.954040951193239,2.2200018256871266,62.96719949250221,2.7665869179964604,7.876434557031341,2.5735706655299326,1.729060897354089,0.7683327743068763,0.4951078511989713,0.8011389496135354,0.6186996204199713,0.47260235344554286,19590.247408698826,149.90382289050802,public_private_partnership,0.9252393307429609,0.5399790413658809,0.702623690484115,0.8405268218834151,0.24893927660734563,0.5575491317765184
QZSTM_198,Quzhou Shuitingmen Historical District,Quzhou,Control Fringe,118.8677677061427,28.965276869616957,tourism_core,0,2020,2024,1,historic_district,0.13923105156196816,301.65681208516185,0.5228854144153937,0.4788827830684863,33.086557526485066,74.18404391774617,6.22347878316253,0.4294315058461149,21.601061084406776,360.0,0.6399230345781532,0.5128736995208385,0.7481389106499589,1800.0,4500.0,220.0,37.203087430712856,0.5148487031689558,0.5567066897048395,0.5700900142033374,0.19901134475518686,0.7443626865750513,0.5451265573967558,0.8678216919502098,0.7386001533232424,0.535166404756457,0.6689140410539263,180.0,0.4274916885595263,0.7402579156904489,0.5829456054452337,21.92723161207278,0.6177331353337628,0.5405754807501111,2.1812189417452883,95.0,5.484237193516043,14.418026533188389,4.561420816408746,2.5457133211563097,1.065954218988307,2.9523981058522244,0.4194939446206396,0.08715591689844496,0.094959909013825,12245.201888910813,198.602246605324,public_private_partnership,0.506374470758973,0.6392680785491947,0.7499997987902117,0.3731200299943044,0.08273771427468456,0.220455743031582
QZSTM_199,Quzhou Shuitingmen Historical District,Quzhou,Control Fringe,118.86297544082521,28.978791512476718,cultural_core,0,2020,2024,1,historic_district,0.8110026798787849,397.8004130330291,0.4489149799848434,0.46298703729644397,30.919395867478478,53.0740412147163,7.012271963211492,0.3860028544977724,17.408534561598564,360.0,0.6313303143775164,0.5908683315819458,0.7336340919837939,1579.7346309137456,4120.28369904619,220.0,39.11197894798574,0.7040487204206166,0.6211269514947977,0.7094545206584889,0.40823558636557544,0.5725808562821394,0.6359771508080653,0.6464225709923528,0.738407267113308,0.47483296523398055,0.5860302357482339,180.0,0.3755090634882495,0.6479698004078529,0.4748725267798941,23.111442517746802,0.5458624736586405,0.6932049746248073,3.0894720528526456,68.82096440007268,7.668187049047441,10.183086243546686,2.98256904079807,1.7932672900699311,0.7477232392761297,3.351337552523875,0.2695059339810918,0.5460983776020988,0.5132002631675925,19810.436291088314,161.61257715149733,government_led,0.5620055775068452,0.6391492541206971,0.3423811174003395,0.21218914824303878,0.3638645232905926,0.2898796589193261
QZSTM_200,Quzhou Shuitingmen Historical District,Quzhou,Control Fringe,118.86707522829552,28.982120477362688,local_life_area,0,2020,2024,1,historic_district,0.38150764403706017,452.06931486931904,0.6654350772629808,0.5991836822806491,31.850563255420298,44.670388663817,7.31471322771559,0.37105761565737094,35.0,360.0,0.7572952402673453,0.9469709795618045,0.8210426694508765,1734.2278918661461,3740.999475517107,220.0,42.0,0.5783465162600847,0.6716098085410834,0.7739799026889094,0.5736389787656984,0.6784247473791513,0.771324992883161,0.7187566641826004,0.9827670374138885,0.45756820578626567,0.6869712668074381,180.0,0.391365222611492,0.699065763292334,0.6956348860679055,41.71576824617801,0.8132437859039484,0.9500937040403451,2.170166816977631,68.23764080253103,8.126904601750002,11.263685632177282,2.9349999709555132,1.3688287174614437,1.010527842727074,3.55926604369277,0.29239736105895353,0.27263902479401037,0.45763809399186955,23005.46665409139,232.70450377268824,government_led,1.0,0.891593115370481,0.4051635987734868,0.3302185222755077,0.0025524819833854795,0.1851725229058261
