unit_id,case_name,city,district,longitude,latitude,space_type,treat,update_year,year,post,update_type,update_intensity,poi_density,green_view_index,ndvi,lst,night_light,road_density,transit_accessibility,cultural_facility_density,commercial_density,sentiment_score,heritage_integrity,pedestrian_accessibility,mobility_intensity,pedestrian_count,checkin_density,public_service_density,life_service_coverage,land_use_mix,fifteen_minute_life_circle,waterfront_accessibility,walkability,safety_score,aesthetic_score,cultural_identity_score,complaint_reduction,commercial_growth,enterprise_density,rent_growth,consumption_heat,store_opening_rate,historic_building_density,traditional_street_continuity,local_culture_keyword_score,building_density,building_age,block_size,distance_to_cbd,distance_to_waterfront,distance_to_metro,distance_to_bus,distance_to_park,public_space_improvement,heritage_renovation_intensity,commercial_upgrade_intensity,population_density,initial_commercial_density,governance_type,heritage_constraint,tourism_business_density,nighttime_consumption,public_space_node_density,industrial_reuse_intensity,office_poi_growth
SHWB_001,Shanghai West Bund,Shanghai,Control Fringe,121.46860633537496,31.190545633585568,waterfront_core,0,2020,2018,0,industrial_waterfront,0.2596432185310502,177.06853712028777,0.704407682990744,0.5822207983015278,30.224080815169255,87.12337632339134,4.057179774100581,0.385914713206288,30.694317639862888,360.0,0.8554536218328029,0.1439543800425897,0.8919975843085391,1800.0,4500.0,220.0,35.3999740851523,0.5170235114578619,0.3540076420748709,0.5181308566180828,0.8641492054645517,0.5955516812746616,0.6566129363846629,0.6906983600882866,0.6628735879550921,0.6522432187199467,0.6640022499347542,163.50231650158983,0.4841672512313583,0.7700325421251761,0.6218264451559071,11.077526263566007,0.2432943583332136,0.5350305067944677,1.2019755109777428,95.0,5.3567967738593545,15.837139302600866,0.3748966973343821,2.9026354004613575,1.710297446234228,2.110973035748916,0.5561223451434973,0.08776996064518652,0.22565604852149357,7132.368623122079,144.76464536031503,government_led,0.16348556385954466,0.5894285971727332,0.7351354331362293,0.5648844728128044,0.7070861077488334,0.41468781603303917
SHWB_002,Shanghai West Bund,Shanghai,Core,121.44632061888495,31.181577052649654,waterfront_core,1,2020,2018,0,industrial_waterfront,0.139942601448278,316.0380045334448,0.4566551079492836,0.4036935921354219,30.554340686526164,44.03822755984868,6.601671066235129,0.46314241752707014,4.0469002586740235,360.0,0.48922710979145656,0.20450621732472546,0.4804450470898691,1172.640682992443,3676.708769074061,220.0,30.204149086105073,0.5116888680928169,0.5320444202022098,0.6214031865187498,0.6198467304593634,0.5876430709238923,0.5550216059381317,0.6823965701081687,0.4659512738875622,0.5200953186089202,0.5168273883842371,180.0,0.3322192442599755,0.5273595266824094,0.3615080208529722,9.127150797210875,0.3279333140096872,0.5173158285778692,1.9546339866400155,66.14339125715932,8.418907855543903,11.178568711812995,2.1973437993098712,1.9373993974196393,0.9467468449111858,3.0531732110318646,0.34011564557553614,0.0,0.16321156772100764,18512.44980119542,229.920071177001,government_led,0.25529090491223644,0.684736691313958,0.3040347386541662,0.37165283739068444,0.7605522621728171,0.32561160636027264
SHWB_003,Shanghai West Bund,Shanghai,Core,121.45136310994634,31.180098740366994,cultural_core,1,2020,2018,0,industrial_waterfront,0.2380625283832039,509.0051910577938,0.7290057619509859,0.498068414483213,28.5917783944841,32.12521152232047,8.596145276950978,0.6003943412258632,10.758792621792752,84.00267450450289,0.8032835594609729,0.23455194122861114,0.7509042455158416,1774.9077072899465,4500.0,49.572653171876304,41.77538629376546,0.6544963623182188,0.48658856342143186,0.5369489247811503,0.8454930720243001,0.8651327041402306,0.7378015108544138,0.8312033299706896,0.493511733528901,0.644320991181625,0.19380989917411307,144.17338545369694,0.050265139037025314,0.2826926114396213,0.20144873837485994,9.433979104093256,0.34449096138862056,0.4222916176157177,3.39207483054813,25.99086194197213,3.197083150987205,8.500369985508154,0.9220827550278972,1.1245595984265753,0.6573674698486448,0.8894928366476829,0.795032481035358,0.03015960334442993,0.023599825098751376,23477.36508062346,10.0,government_led,0.21783365610500716,0.0,0.12727801737877362,0.7692598542125584,0.5845538187735411,0.2846112187741013
SHWB_004,Shanghai West Bund,Shanghai,Control Fringe,121.46117678921249,31.17338685378594,waterfront_core,0,2020,2018,0,industrial_waterfront,0.6109152136515863,366.61835450169576,0.7676735490280492,0.6110579034508808,28.11942560698158,82.87526690588014,6.7953631017189515,0.5925833873902004,34.379178893614935,360.0,0.6567662091617725,0.3502918885484405,0.8134259207534896,1800.0,4500.0,220.0,42.0,0.690712550646125,0.5940573186605822,0.6779723762932177,0.9832817229171886,0.8635447471494438,0.7174673724860237,0.8071372545509289,0.8012821116068507,0.5545186715397077,0.5485224335859556,132.66530832483323,0.4499648452258199,0.8419038967535689,0.5210940119158884,18.140472194312935,0.5130655876262321,0.5483133644930522,2.254095873206905,56.95866784252583,6.38396836695377,16.036512048835238,0.05,2.990121457088061,1.1760884400190557,2.3194634453586382,0.493474348132377,0.16491474136458883,0.08944611389873303,11998.248659182405,69.05184265013193,government_led,0.33109039937092594,0.19095521534686682,0.7342091632425829,0.46314987661379925,0.9225093805926063,0.38561974878374733
SHWB_005,Shanghai West Bund,Shanghai,Core,121.46113846149908,31.17380955376686,cultural_core,1,2020,2018,0,industrial_waterfront,0.6678993110283209,575.3245530151614,0.6842005299657276,0.4509901546299092,29.946491921143974,55.25393625167656,8.699368613971192,0.6777641267637176,11.892634618659995,360.0,0.5591679843819617,0.3296968860684835,0.6989017255633909,1351.613833797796,3324.5314634527763,220.0,42.0,0.7765286087420857,0.8067810107165102,0.8746737579479993,1.0,0.7109432053102386,0.5698332722684964,0.6843913582851117,0.5979504212960729,0.45201990146161,0.5486482751520315,180.0,0.5877315308546995,0.6340514989500828,0.43866581485127853,11.629778412061428,0.5215023892114712,0.5498743742529333,2.933794803735367,42.05729955494586,6.843729003104707,6.689037040552358,0.05,1.1731528808601985,0.5544502804549578,3.7783261818352547,0.2774378878877428,0.39193751820835654,0.49033263792598625,27208.47298837462,174.47282964288345,government_led,0.3174107534633691,0.638502310497204,0.24491833357254164,0.31452316361134586,0.7616570809175264,0.2171688323273739
SHWB_006,Shanghai West Bund,Shanghai,Core,121.4203532954944,31.189910878478052,industrial_reuse_area,1,2020,2018,0,industrial_waterfront,0.4374707686309755,487.1296853726029,0.8348754031267175,0.6121904245244663,27.641325869156354,48.46816358779415,6.90752221684131,0.5182694871587419,19.341587649881504,204.22303282243968,0.8016272558911512,0.23415185826276,0.7581622178041635,1794.5940169603489,4500.0,129.16056098001428,42.0,0.7667540255254179,0.5446991283753034,0.7888234745364238,0.7980824884513302,0.9371304364935393,0.8412114851869245,0.666330763126547,0.5707837773285354,0.743277476910972,0.5161234296266498,158.28661843690932,0.40245742375725513,0.5562513833005545,0.5089004681155783,15.981310477352427,0.37353431031326967,0.5952645654597846,2.8188016836489203,55.74282305452468,3.450698491008603,11.31069853572728,1.727204490786939,1.5198719132312681,0.9064860916388023,1.0444486812307956,0.726599128834577,0.10695010170127892,0.06567039565264708,24349.674283540255,10.0,public_private_partnership,0.23442324607428244,0.09259798031797956,0.2685672956971487,0.8695647941563813,0.8190801475895252,0.21629529230929617
SHWB_007,Shanghai West Bund,Shanghai,Control Fringe,121.45392251218642,31.199090409928406,residential_edge,0,2020,2018,0,industrial_waterfront,0.782201444426825,400.5430992154129,0.8583917249333908,0.573640859383747,29.604052660146948,83.65392493833849,7.309646886682913,0.5570867475396869,25.844633033543623,360.0,0.7490721395171358,0.26172304403726193,0.7309040592260362,1800.0,4500.0,220.0,42.0,0.6188698666888456,0.557252383290164,0.6425224906918939,0.9852504234300445,0.6910617065016083,0.6263002540293772,0.7750279988703771,0.6506976604858967,0.7399070297699636,0.7286536967864331,173.27327283840964,0.47127921378565135,0.6744981604793253,0.3174125331846159,14.613497957803416,0.3762877498958885,0.44386936937982846,3.100102247032714,62.03817431732276,6.010133710242135,9.33008186233338,0.40805898516679784,2.1652619335614136,0.9966127489695169,2.78545274948301,0.4637612202997131,0.2756678080947679,0.23929737932816614,11513.448014935144,68.40789956930644,government_led,0.22840406039896724,0.2840854365287705,0.6233107041973117,0.5432349085261028,0.529428542905291,0.3419126773748945
SHWB_008,Shanghai West Bund,Shanghai,Core,121.45093087760927,31.17706501486706,waterfront_core,1,2020,2018,0,industrial_waterfront,0.674433489037052,497.01595033037876,0.6488579256780524,0.5025745050789648,28.363134943436044,75.7680648854153,8.528055444124998,0.603891209844531,24.750480510818868,360.0,0.7576527938977835,0.2933959570481318,0.6731364985116307,1800.0,4500.0,220.0,42.0,0.8625570411744276,0.6644761314229514,0.7182058999203268,0.6681869912825419,0.8131888688412839,0.6559597799224396,0.7715130428395381,0.6321937589124533,0.6447018611769777,0.3813978762729886,180.0,0.33301728371848516,0.6470016665503179,0.31418523792397757,18.956103704103043,0.4176020186476857,0.46389454680558145,3.016008365701791,48.252309012890535,5.187696603496613,6.307932779317569,1.4831865244696132,0.8826127656458495,0.8560579488440132,2.2080836842240896,0.5311438841448849,0.10988121199496997,0.3360699090573805,29646.046074575068,148.34445984937517,public_private_partnership,0.26088495124435396,0.46412700479946306,0.5804511128157731,0.6177085358509911,0.42810911052824163,0.13700304814136366
SHWB_009,Shanghai West Bund,Shanghai,Core,121.45726804858668,31.185441160171074,cultural_core,1,2020,2018,0,industrial_waterfront,0.45911352712476333,443.38487082652995,0.7600041226067531,0.6364689948725837,28.861418781859513,86.50838404995383,8.59881557116348,0.706688107523533,16.257075378671693,360.0,0.7214404420726789,0.43893311462210594,0.6794541781335579,1800.0,4500.0,220.0,42.0,0.5783820117309543,0.5713715062859865,0.5605682144256448,0.8168632433067927,0.7572445473600524,0.6445645095626962,0.8729435695640876,0.5766823282095345,0.6470305664685577,0.5775126911937875,180.0,0.2976120018438022,0.7467493757579119,0.30985879147996465,25.212216386038754,0.5695298864617012,0.6798687200338914,2.8018227015797983,42.80615863890164,4.005791448430754,9.263381773713045,0.7148939824637728,1.831667314044519,1.1301897339441138,1.2934051924076861,0.6583038201670699,0.11127429145434758,0.3561080700144424,26527.54539143067,111.7732068973367,public_private_partnership,0.43423979515540484,0.510163381702348,0.7391071564879614,0.5865891610553563,0.46306840227239915,0.4987497434485935
SHWB_010,Shanghai West Bund,Shanghai,Core,121.44039724526368,31.19360628333559,industrial_reuse_area,1,2020,2018,0,industrial_waterfront,0.5028863791869878,650.0,0.5904817209498627,0.5162759280842512,31.457379629500487,39.41395176714724,10.303503731688235,0.5955066831949467,21.271206776024194,229.71780602629516,0.8586617935814003,0.25133153281360976,0.6487681949727191,1569.1528912956671,4416.291362426142,124.80528183383316,42.0,0.784144255140676,0.5293312050595462,0.777719762578455,0.6517262286792126,0.8681927227472587,0.7938030266503283,0.5900838911326202,0.596288205916878,0.5570967124030175,0.31192295641712553,180.0,0.33048717245204234,0.4549741773325761,0.299510148987295,8.218295457622556,0.4431902320514939,0.4809561130505251,4.1911005118506175,31.517181865226934,5.422063020040646,2.9368548830050627,2.1284406421711344,0.6760902844787189,0.4804952463651269,2.619412850975888,0.48552580970123527,0.24307984231340535,0.004807055046975046,28271.847308355515,90.19240734799045,public_private_partnership,0.41615000715404926,0.0984685464002259,0.2998652959255969,0.5204451510327867,0.5423644482566389,0.42953480105999914
SHWB_011,Shanghai West Bund,Shanghai,Control Fringe,121.46223961741553,31.18614604030889,industrial_reuse_area,0,2020,2018,0,industrial_waterfront,0.07163963687338169,399.7400750293099,0.6191013769361261,0.4374238868748758,28.94182570965803,76.4737418573107,5.6575181161196735,0.418095307447541,18.941846498767838,283.2127462838011,0.5965190485817117,0.33883832215308907,0.5393375979721016,1576.8769826611078,4371.742914495964,200.65389416972545,33.83539406955907,0.4868047948200613,0.5305892388719083,0.6354179095937657,1.0,0.5398547899162315,0.40161988882462146,0.6438371804715057,0.4283978318806005,0.4076195287161329,0.4162999584484849,93.47843031122765,0.22835742595108122,0.40682495254560647,0.2573871162701717,14.24318889745513,0.5108951654359174,0.45720693875814233,2.7964355028624714,70.13411377312758,7.543844949113063,11.202466326348206,0.6993047129295588,2.5812415816150467,1.04349386229446,3.5195280549916195,0.1630176601765547,0.0,0.0,11722.574879496437,31.331429383244505,government_led,0.3728196635983216,0.0,0.683784240080962,0.15189585401651062,0.5901956792697127,0.3460439175880762
SHWB_012,Shanghai West Bund,Shanghai,Core,121.45950233660683,31.177190579590103,cultural_core,1,2020,2018,0,industrial_waterfront,0.32575594062470814,329.5632878602397,0.6047839886332909,0.5247670420941701,29.224634054493702,59.721344271064645,6.420305373491209,0.5530899861717671,15.182068146371694,276.52224592986755,0.7196030038208369,0.3511732677936231,0.7320631335912194,1800.0,4500.0,167.08478648893959,40.08284280687636,0.5249928368170658,0.506056419558555,0.6223146029047052,0.8167061774327798,0.7833130084220614,0.7954834390643674,0.7007572346805431,0.553248659611682,0.6173426911687403,0.549299526103946,118.21011081792427,0.3666593253748632,0.46389582134875046,0.41213470166271027,19.659258671049724,0.45337106731613536,0.43998899388001633,1.6986629133759676,61.738901243335036,4.901748026714385,12.29743983911813,0.34111515125327496,1.7490603813697503,1.3542666139042694,1.7572824004252892,0.547193551055413,0.06724414933244754,0.06805069038162108,17361.99605306133,74.49598001989058,government_led,0.3978322574159998,0.2342862217664387,0.396586266312499,0.415683264828662,0.6592617029813188,0.08879860851540132
SHWB_013,Shanghai West Bund,Shanghai,Core,121.46327864766505,31.201921772658682,waterfront_core,1,2020,2018,0,industrial_waterfront,0.6803091837931186,395.3020516425103,0.7907077442114983,0.5700502024622816,27.760908288486878,73.54987959191979,6.155683238678949,0.3794638707218438,24.173441365980302,360.0,0.7426534878936794,0.5142580929905213,0.906550047149149,1800.0,4500.0,220.0,35.845782031982814,0.6067533082064129,0.5836073261619621,0.6433510014568715,0.7936613663130777,0.8410055937750949,0.8072936436121138,0.9764461114964813,0.7867769967355197,0.8364145873248534,0.5493078469264036,151.2723777088341,0.39903210753921653,0.7162061400690162,0.465928189781597,21.841898924318212,0.6332430532643172,0.7785523380856061,2.489153585305676,70.03837489132272,3.1562283125774018,10.374650757146213,0.5453489003798152,1.7856423049059942,1.3639110027436245,0.8317585460008573,0.8599969803774925,0.3800715766017491,0.1531306424491373,18535.471589786044,76.2193985999398,public_private_partnership,0.3779208262822593,0.22816974553418773,0.6406656171962966,0.8609594543755879,0.6342751321498019,0.25936591822695504
SHWB_014,Shanghai West Bund,Shanghai,Control Fringe,121.44496512600996,31.200382934418617,industrial_reuse_area,0,2020,2018,0,industrial_waterfront,0.9414847282433272,593.932365687815,0.5936482448918295,0.3960976101554829,30.487371436142567,71.63326372145212,9.102560738976214,0.6576200412581319,24.45969729946772,360.0,0.5677227557574257,0.3050762165508139,0.5825791160773953,1800.0,4500.0,220.0,42.0,0.5918882519821133,0.7158472488199339,0.8068549110173402,0.921492140821474,0.6988538714981627,0.6518242900297344,0.8147306893276771,0.6105952230036569,0.5260621938614392,0.5573056374912768,180.0,0.22122134842993957,0.7484807970041131,0.3188791395680835,16.968422900912685,0.587014365757649,0.6600023037316761,3.503562457286124,41.80833778642286,8.726974626331963,6.268507604453188,0.46016387482696125,1.169726694357935,0.5004403982123171,3.8144489039748244,0.22746621270741216,0.34146476880324855,0.24565844104628853,23933.94805104775,62.53332468724622,public_private_partnership,0.31589201818806817,0.2008699723735907,0.6869180411980229,0.1910376472560081,0.3590460998976296,0.18951449700398693
SHWB_015,Shanghai West Bund,Shanghai,Control Fringe,121.46383163448832,31.192408557868013,cultural_core,0,2020,2018,0,industrial_waterfront,0.25175594616522384,549.968335062687,0.4813758236849883,0.46073991822507465,31.17825617431343,61.097872917340545,8.316345478104736,0.46595803748708486,15.62917746954497,172.0344004735029,0.6374083750434048,0.28827923598642846,0.6693746491911995,1607.461689295226,3807.606557670022,111.57137137145867,42.0,0.6065616504585148,0.5780784062227617,0.7917914257045919,0.76322383319112,0.6405075389202526,0.6106897330382075,0.6272836921204472,0.5618139953090777,0.46973231412864125,0.4054966502932315,164.05485314461305,0.21385325731356097,0.5777664174293132,0.2799477600929697,15.796643635954336,0.3567333479162415,0.5092355925704749,3.203931753066904,50.1973449545598,6.754536919005783,7.2575359778948645,1.2408636683015204,2.0870382822186486,0.5476299696803193,3.623515091815191,0.3419787465075499,0.08053163014366171,0.0,22706.25013447981,10.0,public_private_partnership,0.28812265666400394,0.0,0.3935141779228555,0.30307298716704173,0.6471657871814225,0.3006134397685469
SHWB_016,Shanghai West Bund,Shanghai,Core,121.43420077936916,31.19318566229223,cultural_core,1,2020,2018,0,industrial_waterfront,0.5498694374196127,479.4781819113813,0.4571228146828215,0.47380324248214073,30.346544780115188,46.951939001558586,7.873930352247479,0.6839169698959399,18.835319362760185,122.98054810954494,0.730764115059314,0.2623472120438321,0.5456777130386664,1374.513254395784,3050.4550242456858,107.46114940167108,41.40447190161874,0.7494212311502192,0.6143413184271423,0.6286874310221982,0.5003275414582555,0.6987556447615737,0.6047845962232312,0.5900354519392559,0.48497458375915803,0.47532689028411196,0.26396479270199175,150.20988195014797,0.1269250001774868,0.3844228323671095,0.20823114165163065,12.262483858794882,0.3983275560423655,0.3408613814806024,3.2244630707972837,44.518506369325586,6.488343434436943,9.065356168243321,2.5204572814600055,1.1014631640982624,0.4177916090328542,3.1841498283042284,0.3000634088463717,0.09080963011100436,0.08416856322121143,19597.90879984641,10.0,public_private_partnership,0.2030698994086278,0.0,0.3590470390789063,0.23696823948569484,0.5812144512877557,0.24054709450522205
SHWB_017,Shanghai West Bund,Shanghai,Core,121.45603594286477,31.171254001285522,industrial_reuse_area,1,2020,2018,0,industrial_waterfront,0.219394535188733,522.2873455024585,0.9192468532074313,0.6154733824706545,30.74938735691391,49.86848072714713,9.720014913383203,0.5961346139052854,21.92559316370187,360.0,0.7233374054870775,0.2049789651039288,0.681821940911301,1800.0,4500.0,201.05787286076279,42.0,0.6366164870466855,0.7314859510459754,0.7618585230873093,0.645463569163866,0.8171241568568851,0.7370254840665235,0.6702173325855395,0.752993692617892,0.6780982104565039,0.37775881372517883,180.0,0.3459119594378098,0.5812479460974319,0.41456140416015214,7.444318290355982,0.4216775016159542,0.6062637179002454,4.10408504281287,26.823819102654667,2.8425766568250848,5.171260173539059,1.9248972210602306,1.199495271270118,0.5986723344401685,0.15580881240685068,0.8245226617350053,0.08611021509422703,0.0878194289340073,27668.68220274198,115.34524177856281,government_led,0.17481357515224405,0.5336325371168955,0.3849312830984227,0.8079996523657504,0.8147664837738785,0.22539281800734212
SHWB_018,Shanghai West Bund,Shanghai,Core,121.45820634926424,31.214535411685183,cultural_core,1,2020,2018,0,industrial_waterfront,0.8181986687434621,263.7396367504199,0.6341819512251661,0.3574227146945532,29.556855770677394,62.4947801744219,6.213620288597409,0.27842044513192327,7.846851607046573,360.0,0.45151598166713314,0.29719626475697797,0.561091731186562,1800.0,3765.7757623933917,220.0,23.655423894264057,0.41779265483785594,0.4111716754373196,0.45804384204769266,0.8666857060143857,0.5166008883630896,0.45890472730223036,0.561184156247896,0.44608735251181464,0.4369547415574734,0.3567163486577272,172.01935512178105,0.29995187592955,0.48607298795607534,0.3765063308860711,17.174120630486826,0.3631730141172444,0.5309921695804304,1.0286723447504749,82.34199886603461,5.8621056364706785,14.011656263157343,1.615750809106826,2.450474300797691,1.4019743736148758,2.9335892394867797,0.45025347102643704,0.21379781930776445,0.5141865429155484,7410.049147998023,155.85686254574432,public_private_partnership,0.3507158249317686,0.560598799610754,0.5128694352900447,0.5667010661217373,0.5785483484457485,0.2863811765145218
SHWB_019,Shanghai West Bund,Shanghai,Core,121.46271593577094,31.182739043867223,cultural_core,1,2020,2018,0,industrial_waterfront,0.15530865670200736,382.44794399366356,0.46504326359507697,0.5520439480096774,31.49580100333329,42.19863895520254,5.835678950532904,0.41170726716458406,17.021958592913176,294.07149065640556,0.6511615566867909,0.2807373949350414,0.5464769371552823,1579.5065745158781,4437.147979860661,178.2892982524427,38.34922937857833,0.4881824221718205,0.4883409613414303,0.5189234385128814,0.5748521343438039,0.6724526015340042,0.6247082513034973,0.5633342532961987,0.5427950823803995,0.5166237416344659,0.43109807827869956,124.376126926139,0.2455311997162467,0.4120414945185392,0.1933533930272543,18.037272977055828,0.3385819188962675,0.553084050258764,2.398853396018744,70.48552340896711,4.917193166747378,11.17907847359445,2.486147288213438,1.5453276393727182,1.0318859299863756,1.9052211313864837,0.5306733957599897,0.06760280187139332,0.02842600183865253,14886.801606898129,108.33512476453829,government_led,0.14741201753361552,0.29961211246721237,0.3774909863376184,0.5872299877231119,0.38994992816726753,0.18926434110130108
SHWB_020,Shanghai West Bund,Shanghai,Core,121.43447115052852,31.20225989278798,waterfront_core,1,2020,2018,0,industrial_waterfront,0.6766590751065507,392.6169148955263,0.9105364148786632,0.6672127692553067,28.528973331885524,74.04661268773717,7.501423054030442,0.5107647206193102,31.32442102622221,360.0,1.0,0.452994541456911,1.0,1800.0,4500.0,220.0,42.0,0.6354686820730903,0.7397202305715196,0.7136805285136316,0.7361542217394579,0.9945435339082672,0.9938578034373744,0.9012753311760472,0.7749743575364085,0.7898360594704771,0.5431955429257487,166.70914295115452,0.47015643386528927,0.7380436090322274,0.3733074642847083,24.054724679040977,0.558899288488734,0.5893221889765009,2.001106930163518,69.41968703888416,2.150198590894117,9.108022627926438,1.4441151622840194,1.7579933185167669,0.741083990583987,1.1850404143375175,0.8815999928657873,0.3705125329561239,0.19004350181903779,17252.277012503433,100.98808128594042,government_led,0.49490257123378084,0.3673792696099133,0.7729459847553113,0.8919950362458652,0.4372618633450698,0.20157901224173796
SHWB_021,Shanghai West Bund,Shanghai,Control Fringe,121.45600690922356,31.188739873044643,cultural_core,0,2020,2018,0,industrial_waterfront,0.6386907946985579,539.5831694788068,0.797249571497721,0.5646874702821065,28.977088720422195,56.630324646088724,8.551427089857054,0.6941099980964432,17.15677263171663,337.24004090657365,0.8207822583797438,0.27911602318836387,0.9082508624166299,1800.0,4500.0,220.0,42.0,0.8538942244391192,0.738858433634755,0.6299238336530752,1.0,0.8820860441661049,0.8110833685399916,0.6473076220975926,0.641320010597117,0.5912275326644331,0.6648539555837004,180.0,0.4695108049925214,0.6616681965690216,0.4392313896019479,10.947148623853453,0.4687890647537191,0.46910860646404484,2.8192237980198582,60.82359994460005,5.852367022222895,8.723168853124402,0.05,2.1020547020851272,0.9639627181926169,2.08699120891809,0.5196588504966807,0.28467256821084974,0.2567201986817703,30698.31792552706,155.86720319329999,government_led,0.3285976740959255,0.4590755359051779,0.3274464138752758,0.6719747627287064,0.635992221794841,0.20919772404267756
SHWB_022,Shanghai West Bund,Shanghai,Core,121.44925312703671,31.199260226803244,cultural_core,1,2020,2018,0,industrial_waterfront,0.5962837596768886,573.5908672092937,0.7141122512144424,0.580191670683589,29.703935111769287,68.16544926307607,8.330911004446422,0.6711740292103081,28.63845213696559,328.74650711203066,0.8767366538261654,0.296449593590138,0.774621458864088,1800.0,4500.0,192.07634950124861,42.0,0.6364109641663757,0.4694472942889881,0.6067246153309089,0.7326725995111976,0.7990306315638519,0.695097888476776,0.6990462082266244,0.5324455677780676,0.499627255463838,0.6010103957909042,180.0,0.16660687622877124,0.7234082934525036,0.4612306380460259,18.21369604771815,0.46895246681669545,0.6813028726092214,3.2645817514549815,53.75430784990685,5.3258090827886715,7.917908260401425,1.2069831735944165,0.7482906405429749,0.9627910593134381,2.906908587143494,0.43657933765583856,0.2505187737055617,0.041851538124400386,25885.327011367033,14.668986232089896,public_private_partnership,0.21025205937578795,0.18706250938168553,0.555356415803371,0.3839588250480744,0.4019929629775182,0.07136750173007826
SHWB_023,Shanghai West Bund,Shanghai,Core,121.44801633057581,31.18882575220773,cultural_core,1,2020,2018,0,industrial_waterfront,0.7240553612728133,503.25755025157497,0.5936439712551187,0.46068016500859965,30.483169082140478,46.119762561063034,9.01931844659914,0.5564279652695263,29.228314861220014,251.16173354633756,0.6476696073116842,0.6169868747967951,0.7156095431658054,1197.5886641568095,2766.161205633422,127.7626784944643,42.0,0.7526636446906975,0.5348923724614597,0.7608396150181392,0.7393302700766339,0.6917287187305099,0.6213793269514907,0.5763725454277671,0.7117606093943855,0.46116458343745476,0.4649912720537948,178.30175790233147,0.3229873924119793,0.5209166100814756,0.30893734042800663,26.67469950193769,0.6173349850060903,0.6720340011568094,3.022158148056155,56.34731330903021,8.767073086070315,11.05675915600689,1.5073365059873183,1.461235785974898,0.8382441191658431,3.1165082322483597,0.2387829525812441,0.5015352158118154,0.20062513771607413,21782.206463629365,82.83417071932617,public_private_partnership,0.6332938010250118,0.20896657989598003,0.20358668800691668,0.30739120649363283,0.5615138039697691,0.2616695278921194
SHWB_024,Shanghai West Bund,Shanghai,Control Fringe,121.46397157660661,31.184098616850303,cultural_core,0,2020,2018,0,industrial_waterfront,0.9048077644606147,650.0,0.7795931461412763,0.571471359720294,28.16221683316403,65.78153631483003,9.806090908472946,0.5996047530206083,21.59745526269156,341.63583329446146,0.6804752758984718,0.5221674267665345,0.8282412314512265,1800.0,4500.0,217.80267360406194,42.0,0.8298684387341052,0.7503669585204428,0.9047028594881175,0.7723256368634815,0.814061886158866,0.8221118899468276,0.8094920945771871,0.709961627828375,0.7002309939991722,0.5245960145623336,180.0,0.25210965397068896,0.6403952692432936,0.5388937031908512,22.533643293484594,0.5593090402391224,0.7377303573665244,4.221063568343588,32.097437786766264,5.651458427026638,1.857633327161424,1.0031234620838838,0.5140261532916605,0.34565477019177043,2.8218580159182,0.5215134094270868,0.5160962146642027,0.3749310228803677,28572.272083713673,120.48004745260948,government_led,0.5971296178363099,0.371821759500303,0.38637008359035313,0.5516937740294706,0.587045177727788,0.30764399992140523
SHWB_025,Shanghai West Bund,Shanghai,Core,121.45358419825901,31.18691608208194,waterfront_core,1,2020,2018,0,industrial_waterfront,0.6266378852508341,400.84892770201725,0.7602647927731689,0.49639905534716344,29.197505519683457,37.91119217487541,5.871078203512208,0.34287078986732,31.81332329953327,239.59659841989307,0.7480682639973234,0.3188089244180954,0.8487346977439999,1800.0,4500.0,142.92320549923733,42.0,0.4067098889887798,0.41158198371351584,0.4463262628077013,0.7739345896408598,0.8152019602286692,0.8787131329284521,0.7931973761648874,0.8082365791229119,0.5671646052269972,0.46316396161617335,104.41642086933975,0.4130508867540471,0.5446127840525119,0.4471087428300188,10.558073449363016,0.4802153548605125,0.5700447571447,1.3022631045592246,76.05949927235658,5.119621531263565,15.896321044321756,1.5252607282903465,2.508221148550193,1.5255136929998059,2.3806053511605887,0.5507853601049323,0.24934693607401007,0.10058902165812009,13370.70550818563,22.25747279105759,government_led,0.306319493299384,0.14309777540746577,0.32026473560840774,0.48435482671541297,0.8121964651787379,0.25997315201167887
SHWB_026,Shanghai West Bund,Shanghai,Core,121.45862502811924,31.16870325507274,industrial_reuse_area,1,2020,2018,0,industrial_waterfront,0.38485135881850957,320.8559562889051,0.48535176364038274,0.5053359094828063,28.185347191908846,43.07253034383665,5.840833708978847,0.4648083632683703,19.577178892266243,360.0,0.5356677913019199,0.26596930548500725,0.401123915731584,1673.3222217145944,3810.802838181162,191.931244536011,40.88932240370741,0.5443666581368958,0.574323398275437,0.6982970316845448,0.8688963503896983,0.6082409559287538,0.5219780604526444,0.5997650853403487,0.6526661249937094,0.4974870720100551,0.6086114663793387,180.0,0.5266098133637558,0.6394740158025667,0.36704717089002126,14.109777507301155,0.4570900563580131,0.6546552119206781,2.568254722209158,74.57978763374905,7.873237923917732,12.931373614044091,1.1485111369808725,2.187076444192091,1.1008905420294126,3.2324202621168903,0.2589664676433183,0.033168520691591555,0.129367961126783,14720.056304243963,173.18954491147326,public_private_partnership,0.2701178688922069,0.5090205154598616,0.3871777230527708,0.185920400692056,0.6753268439346797,0.26697507644893587
SHWB_027,Shanghai West Bund,Shanghai,Core,121.44717927694106,31.175785235950148,waterfront_core,1,2020,2018,0,industrial_waterfront,0.49286882533115456,449.9718559307334,0.6064713785774941,0.4212554956668192,29.86373771747908,33.215406111468376,5.529836808556575,0.6466180408551255,15.088001630315683,247.2734145418726,0.5492764358126709,0.3831361841159807,0.5241767139541016,1188.148432710199,2888.522456909702,128.1252377401603,42.0,0.6058515115458061,0.5545521184878234,0.6170177508790522,0.7725562580944418,0.6033537257390488,0.6684929783062963,0.6100751503139681,0.6621251524403056,0.3837331381794168,0.48296601019874763,171.25954431363516,0.4596529158126657,0.47477204381234933,0.5199790109892499,23.69847537934174,0.3654480570896579,0.4575407452983586,3.5023165261346145,69.07088212729735,7.325998215991114,9.512303207132316,1.3479313335440488,1.1796537303292631,0.9122987208518222,3.5001011267640765,0.32697317261086384,0.25027104905579867,0.13505820196002646,21434.36942402052,79.60486464663126,public_private_partnership,0.3224220034663174,0.35768551910319435,0.20811348640292865,0.4175447456013087,0.9074209763279519,0.16915506376437864
SHWB_028,Shanghai West Bund,Shanghai,Core,121.45519976859495,31.194581718903486,industrial_reuse_area,1,2020,2018,0,industrial_waterfront,0.8405231140045751,200.89181497135206,0.6907424903185544,0.5649094626406412,29.916848767734436,43.3006291516118,2.5,0.18053398489703015,21.21208532058136,340.22556523870276,0.7776077347710656,0.37340225271643496,0.8509799904292085,1800.0,4500.0,215.7262868160596,20.733660149148676,0.6441063809676416,0.4517088641403438,0.8125643635247732,0.6359110587123723,0.5337839395996329,0.7941993267875477,0.7783573755246797,0.9283851310458064,0.7077727578394655,0.49639728992301746,129.88853877381007,0.4274161166502544,0.565232072025808,0.46456386657713106,21.7415697634488,0.5093623162499865,0.627082537701239,0.7692559106250482,86.21330883294601,5.809269460405042,18.0,2.5889113095260536,2.96616644815537,1.5491096946190954,2.407733264034086,0.5315509531569221,0.27050992196982226,0.32773943935747624,5930.928929875683,100.92515664595018,government_led,0.4032630646049753,0.4589215886720683,0.2753530270426104,0.5337249201786903,0.5157274158087951,0.31504226005747044
SHWB_029,Shanghai West Bund,Shanghai,Core,121.44312462570703,31.156753178393945,waterfront_core,1,2020,2018,0,industrial_waterfront,0.45238207318295914,431.70899367147314,0.7526304069654145,0.6674939060745508,28.54526836941791,79.74225083769903,6.620780664956955,0.5707596859725034,16.378693319967844,360.0,0.7478513600371393,0.4785874362738153,0.9669555792172966,1800.0,4500.0,220.0,36.441075129639486,0.6715354638233966,0.5702082559654561,0.6940908373326503,0.7519411096448104,0.7955198358704183,0.9418157774028025,0.8887770230726965,0.753358805821863,0.556690362393456,0.701504135136792,180.0,0.48217008417139956,0.6785449399327381,0.40008148440644686,24.523206597200353,0.5420708538687956,0.7825737366862828,2.841857023592498,45.19969250916523,3.4279195670225544,13.312527773900385,1.799675303697252,2.0769071047716046,0.9582079050540051,1.6668834770347651,0.7584883922979345,0.1838735666795685,0.23875785396755372,18065.726162397827,152.88315577600846,public_private_partnership,0.5700641192826822,0.4741277588837553,0.6561363517085983,0.7254731787801213,0.6957650496226653,0.1523426835903083
SHWB_030,Shanghai West Bund,Shanghai,Control Fringe,121.45699718385717,31.180051842557383,cultural_core,0,2020,2018,0,industrial_waterfront,0.8927671645463544,389.95908332662765,0.5226808589592917,0.444969275866379,32.86085039713837,38.77971280158993,7.810176768568545,0.571972074851509,26.899523776866378,251.58011884329702,0.5828332507325801,0.3137697258626959,0.7037804917995759,1299.0856908389312,2348.6089893854632,142.06459335264617,42.0,0.6856952891464806,0.5020063290337926,0.6302802849936289,0.5899489579859513,0.5527681784822004,0.552222421983247,0.6511225570519409,0.5597807696103653,0.39144063841388926,0.43282898217593413,172.3536019276478,0.29849096276166964,0.329523715619564,0.46734980387473524,15.105783299972886,0.4560104155640745,0.4165345895570328,3.136127954724887,34.643596320723695,7.961903179369322,6.995253529335935,2.5043250394160217,1.2112750693730234,0.8698911296053552,3.3258729070812882,0.26872102322513847,0.35736646552089674,0.279821096969564,25613.751781195846,108.8429609163307,government_led,0.35889894098428393,0.2795957577806826,0.32203984202773933,0.32789479415396694,0.7241966308509084,0.20745547652009075
SHWB_031,Shanghai West Bund,Shanghai,Control Fringe,121.45353652294718,31.192711274831442,industrial_reuse_area,0,2020,2018,0,industrial_waterfront,0.529193947281318,242.79494085798163,0.8105739732374746,0.6461869461032186,30.22055859857916,25.22703158733685,6.306406578437981,0.5796108745937169,14.487746132970424,240.1757673918296,0.6755969489795187,0.366955639483097,0.8884627243652321,1800.0,4500.0,161.41679899984143,31.564836430507953,0.6178103722209873,0.548815983839341,0.6774157158194132,0.8551771067690023,0.7983378606990581,0.8276120526663012,0.7925907792151017,0.6013657006512377,0.7920145774556037,0.3968874206730385,163.16614493400837,0.38791163709006676,0.42032607679832085,0.44282315089766433,22.81156139468834,0.5209261577188548,0.6493383160510224,1.4383957183536427,63.29677166002062,4.945523194136794,16.5053455957864,1.6179370403025195,1.9473637700120576,1.112162210126865,1.3403594144624136,0.7566217801521634,0.17945410753102278,0.149036179184452,15391.192297463738,172.41810935393525,government_led,0.47830322115006596,0.425646045452463,0.07502036774462308,0.8582837648661826,0.5891062163287305,0.3338535801282939
SHWB_032,Shanghai West Bund,Shanghai,Control Fringe,121.44155327996116,31.17637481486167,industrial_reuse_area,0,2020,2018,0,industrial_waterfront,0.6683493867122665,179.44529272092535,0.36518420641655014,0.46326978329950413,31.06992179111052,33.43194510960605,3.113028085008544,0.35957663149007074,5.640253375025636,227.6885109523665,0.5486254123526753,0.3667692686191374,0.5358279544048097,1107.6286155377434,2788.5022503138657,168.29895797710688,13.584063269916339,0.3877235444120095,0.44623667582424287,0.4303812196888673,0.8948228470680262,0.512073044692191,0.608230406696903,0.5915997842436357,0.5217503379890454,0.4983603814860108,0.6412027628773971,104.80130904758998,0.4082256355349736,0.5589637390763856,0.342813837939916,17.13527283756426,0.47815193385518695,0.4978674824077961,0.8139761978580784,95.0,8.522502170355883,16.810170344216054,0.13152841919313474,3.2,1.8,3.8781209427281733,0.2557787754101376,0.2461356521393076,0.29988202909712747,4000.0,118.31527817918196,government_led,0.16718464980957026,0.4381235070238727,0.2783633685029659,0.20700186279955926,0.6406135260104436,0.1738638019779491
SHWB_033,Shanghai West Bund,Shanghai,Control Fringe,121.4505412257199,31.177941076635843,industrial_reuse_area,0,2020,2018,0,industrial_waterfront,0.6262471834264535,407.4425566064716,0.5201820454387776,0.46510929142372026,29.975414829225222,53.55163544204849,8.883581549864296,0.5333182808300552,19.60254668312848,312.7225198355701,0.5396817257013635,0.6575655358125189,0.7891413275418062,1488.5927673774102,4500.0,218.99870135412465,42.0,0.5874536418643813,0.5885188724208482,0.7796912827850325,0.6638975832449763,0.6393686124713867,0.7199261291010555,0.6944888363778631,0.8875678560223426,0.48577825591018237,0.555343212582963,180.0,0.30093907177861834,0.49874038914881036,0.29138982179613715,30.041634737973006,0.6754805238040398,0.7632802495834482,3.3297503342446584,51.56165655897638,6.535592293590366,5.398756639305052,2.5588570133171706,1.0955297089565639,1.0008933196830558,2.288018404352832,0.44939903398703174,0.3586714162221107,0.25574572430100867,30036.69093051094,113.6894382323263,government_led,0.5742349463887833,0.3849170867842614,0.4475907960384695,0.47907204623595967,0.46512288474363755,0.10556571973203849
SHWB_034,Shanghai West Bund,Shanghai,Core,121.43761077426727,31.18701346425507,waterfront_core,1,2020,2018,0,industrial_waterfront,0.3933433757778327,297.6421113394583,0.8359686697950468,0.7067338865947036,27.055082746842295,79.67120821995907,5.568615500937879,0.42772484803354216,22.402035546559915,299.1138747952714,0.8809584372445685,0.5325026600230487,0.9180921157391655,1800.0,4500.0,159.03691031971383,42.0,0.6236962058115518,0.5525249366772343,0.4928848553124967,0.915524174033946,0.9516593678651677,0.7976149917364994,0.9763047739448659,0.7528515627805428,0.8721978534823522,0.48714972726005806,91.39061344448999,0.2820100285890184,0.7148558755251767,0.4083590412463891,20.93538796686545,0.6357144627577844,0.6228551493994167,2.0183325544344406,72.95733151800351,3.6672706494946867,11.682393036936965,0.7537868380426127,2.4606854943287693,1.287392519702118,1.1591653528907309,0.833194205844857,0.22889136356566692,0.0,11974.839035729186,43.39247130259946,government_led,0.4566808926025385,0.0,0.6212593147730243,0.796099752270945,0.5147949114090847,0.4459441148463243
SHWB_035,Shanghai West Bund,Shanghai,Core,121.43436609758243,31.176443065471155,residential_edge,1,2020,2018,0,industrial_waterfront,0.42244407039632464,474.92209812462653,0.5488601133419634,0.38218086116850414,31.85231999339704,29.606473279289414,6.303526891805284,0.5863345424434337,13.091203791962691,125.41851327767725,0.6260871179117681,0.3161966616529139,0.6280939956014446,654.4622639683703,1657.7851140169992,68.40589809749272,30.126872650856257,0.6127276161727189,0.3580740648102448,0.681894755969112,0.9092759924268348,0.7297205184090612,0.5267087504859788,0.49261086898625356,0.5911852019886717,0.3716071938516099,0.36428683207697343,144.93271473462664,0.3364865911672116,0.28687030795883334,0.281372271266984,12.843160915691842,0.4325551625516253,0.4756999139878038,2.302615308188497,67.92793056124687,9.5,12.386813010365472,0.5010411187915595,1.4282840434193858,1.0705928552605468,4.6,0.09291055708775035,0.21455796106835773,0.08068322789608609,14597.112936271402,48.40846993915074,government_led,0.3225959276967588,0.1272146309537758,0.12379947338982088,0.0,0.5875342302582948,0.32340953099190606
SHWB_036,Shanghai West Bund,Shanghai,Control Fringe,121.45036208907571,31.18035817619994,cultural_core,0,2020,2018,0,industrial_waterfront,0.44714129404527575,413.15992898190854,0.7509682308235234,0.45949120521037057,31.845013340836086,52.16279672579435,5.894481470329045,0.6248703747987419,12.343620449607952,360.0,0.5490255926539408,0.3791003633715877,0.6981888546653957,1800.0,4500.0,220.0,37.672911216847076,0.5660610014609082,0.553550185180555,0.6694445901613043,0.8508574979896752,0.764423448913947,0.7265294738993867,0.7092020606350192,0.554896152557322,0.5458340574542448,0.7289371804688669,180.0,0.1927514186676198,0.6269282328753889,0.2807893860540123,16.261402347917304,0.49290877349537393,0.5804952424641135,2.7409317945763663,59.78318723229469,5.787955431463426,9.534499631693697,1.359632252801611,1.939615146788765,1.104098141369601,2.95146940257318,0.43361425832102396,0.08312323389027747,0.2566651663718686,24221.844833469095,137.05416098187192,government_led,0.3867799045940401,0.5398958412191006,0.499490426271643,0.42695785526639746,0.6769382758440952,0.0260874003973336
SHWB_037,Shanghai West Bund,Shanghai,Control Fringe,121.44204925345173,31.188976915473685,cultural_core,0,2020,2018,0,industrial_waterfront,0.3436147060699692,268.46221542773094,0.45772710944706835,0.5004691118292798,28.751113886471416,60.8272899494432,4.834385525158375,0.3832913281700557,12.114204645048968,333.80811877343564,0.5160966756071765,0.2588164357536517,0.5916496915159788,1274.3154108802325,3165.3399975220937,220.0,26.49713882028036,0.42254361804168006,0.431727809518527,0.5109672066786473,1.0,0.4713312580103579,0.7055349790269692,0.5653582929973423,0.4299511405544145,0.40628886852704854,0.5782794957153139,129.07355491861642,0.18819579308498574,0.47701681466091894,0.28037410640234955,12.991237173929878,0.41542610245121203,0.5548997416539607,1.5225544353911986,79.6594616217321,8.069846963721158,12.885249581090093,0.05,3.1640735013013,1.3189489025274963,3.1525665819894066,0.20226704573787727,0.06016420283372525,0.12022785679111518,9199.12597880416,90.00899449812904,public_private_partnership,0.23635743989263314,0.379033158655404,0.45524885797487397,0.25361914227201265,0.5330197732529267,0.11217916691397
SHWB_038,Shanghai West Bund,Shanghai,Core,121.44500937491033,31.1909637571548,industrial_reuse_area,1,2020,2018,0,industrial_waterfront,0.31493607440629706,393.97706184589725,0.6659469525008052,0.5666134232347462,28.673347552413077,20.484985907644226,8.10209823632848,0.3282680833493544,14.994491551623915,308.23513148144156,0.7017712412653482,0.518255365088622,0.7049736436399512,1548.9747042610402,4238.367997853185,180.76683955673312,34.955667714113694,0.5613548378336586,0.5418582561151166,0.6500425151467562,0.7493948772928023,0.6522216384823711,0.5628605845151591,0.6992379302084665,0.7153114741127047,0.6355766422327052,0.5030895572296521,169.31823599010553,0.25522753237898665,0.5333462682690132,0.2261192662836938,32.86274179032749,0.5336849342649518,0.5621101374274713,2.135624782984788,58.263148388343424,4.8620684142562425,9.40074115113739,1.6597164594573546,2.1961371587938854,1.0358574181146014,1.7399529108157343,0.5734550410672957,0.1301027248526722,0.11417774556941514,17085.891205975895,78.85523963920662,public_private_partnership,0.548078930797139,0.4245742529078447,0.2239006281464181,0.5234711307823492,0.6527598531323562,0.24366005208600972
SHWB_039,Shanghai West Bund,Shanghai,Control Fringe,121.42188190246773,31.17457989121832,cultural_core,0,2020,2018,0,industrial_waterfront,0.24359815387078165,256.99840856664764,0.6587328461444698,0.6013949026304053,29.80732687663878,55.694896690595925,4.379351082612475,0.4200760729595346,21.03026686747326,360.0,0.6831137688473239,0.4184375084476938,0.6448234054089086,1143.5707578241045,3594.6668940136296,220.0,24.120227257399563,0.6832302411019089,0.488557970997563,0.5394120220623955,0.8782151852005804,0.5310928236413839,0.5886429554851008,0.7100179214690985,0.6852829466780258,0.36586433804944024,0.8137050449379566,180.0,0.4735218184441009,0.6302034244875978,0.3438169958592038,18.5299575500591,0.5557612848102444,0.6122301707373343,0.7,77.87330930588192,8.317666017803893,13.060112377144478,0.6378661405702976,2.967936070827571,1.5292822493465215,3.96397324247779,0.2264145179949799,0.10793620428892804,0.17224430137289948,10229.552647194703,185.2099632879938,government_led,0.4447726609497747,0.6276751299765653,0.3885286357937289,0.26267984638686903,0.6642981771464842,0.29499339895077714
SHWB_040,Shanghai West Bund,Shanghai,Core,121.4550687977202,31.17365525652627,industrial_reuse_area,1,2020,2018,0,industrial_waterfront,0.8380981397415849,519.2152346553632,0.8014485609084483,0.539301121950061,28.90962592294498,44.06753413867479,6.117584420748851,0.5120958026505884,13.003055296160674,281.0824100499339,0.5958062589106516,0.4432976247131382,0.809985542432302,1786.6209508392344,4500.0,167.56708594090085,38.26803674279889,0.6495849671156405,0.6342316465708703,0.7115576869012564,0.8728109667058294,0.9150409829044962,0.7352090366553553,0.8461131016624508,0.5769607588644047,0.5682161002790701,0.4509815924505066,180.0,0.337540906654528,0.531177753058933,0.2805508052096377,23.09210813195699,0.5244868428798636,0.4805735270610491,3.0265664862744117,71.07931611483102,4.721652011310972,7.110836339533723,0.4220959113314189,1.4068297043394062,0.5120708496420809,1.089754928700539,0.6415250911100867,0.3255086070786917,0.24791418488890388,23731.029550893498,80.02152755098724,government_led,0.48080507623587987,0.30418883263211227,0.23674713646668266,0.5239385484889064,0.3886578803810401,0.17663071900924995
SHWB_041,Shanghai West Bund,Shanghai,Control Fringe,121.45576339431727,31.183229591731966,industrial_reuse_area,0,2020,2018,0,industrial_waterfront,0.3592343729178785,327.6565305473895,0.7646584753070048,0.6233245401273975,28.994958350988448,59.953519654703,3.922326956921058,0.44042137291141265,26.192825103239727,310.31260896742873,0.6966612696962611,0.5088561049756419,0.7343555576362798,1800.0,4337.620136488762,201.32882779289537,39.321893223647244,0.781190951663709,0.5481361015265966,0.7713869359728946,0.771406480854963,0.6746377811072444,0.7417457268898642,0.658643984802412,0.7515864307986916,0.5516874220602517,0.42421503744029393,150.33294784823158,0.15410247164671378,0.4509574569505003,0.4169786163268426,24.450737212843535,0.5378676620192264,0.725181382774019,1.95689808687271,73.9670219979462,6.77169034992477,11.589490457713325,0.8904583338020885,2.15683922533441,1.4012525356621528,2.949192543699888,0.4558752370547395,0.17566202258533026,0.16772171300595712,14512.160912409365,61.50198865905335,public_private_partnership,0.4205027863910742,0.3126705783571762,0.40804127549123415,0.359673175551437,0.8096112171844333,0.2240470494907597
SHWB_042,Shanghai West Bund,Shanghai,Core,121.43333847555364,31.185663321770484,waterfront_core,1,2020,2018,0,industrial_waterfront,0.7849747892434519,542.3120701030498,0.6497132967200588,0.593202221340289,28.447989738191833,43.348330843159005,7.926546891574322,0.6416151993807548,14.484344245216143,291.2271121072901,0.478554181246573,0.17804097553185705,0.8182435408463588,1800.0,4439.427934257717,202.6854142028502,40.42764086090337,0.6707231667997062,0.6577852702873785,0.7251069473320346,0.8059863985464403,0.6883578865250821,0.7259262343876964,0.7399950817321319,0.505668058065068,0.5781841951495352,0.6215974301843628,180.0,0.3323467444474707,0.6199627253111287,0.257596092064108,15.797127531460372,0.33949704615245885,0.41297217412628917,3.0672654679591203,39.54186282069169,5.411321693095755,6.215924135449187,0.9038259042045252,0.9712571821764169,0.8884054819373874,2.2162841689834045,0.4765000238452497,0.13887399724771793,0.07341469196178774,28204.824238510966,102.2457574414199,government_led,0.21397282125836417,0.27342568477552653,0.4149553677327981,0.4471245396525532,0.6874542874154016,0.215655282143608
SHWB_043,Shanghai West Bund,Shanghai,Core,121.45420802457163,31.167312537719017,waterfront_core,1,2020,2018,0,industrial_waterfront,0.6036042582615816,503.19391587028423,0.8383522890860181,0.6177316224091993,28.470646006353647,37.93689591191261,7.596833998107449,0.5215183689877598,16.703724062120806,172.49218086513238,0.7947930728211858,0.567876415583695,0.9899976464856635,1794.7773947046362,4500.0,132.11455993550075,41.4984742258823,0.8520878765766435,0.4229484557636211,0.8119791676744855,0.9160313429944261,0.8922539103704801,0.6653598287424897,0.8570801768801238,0.743507174383922,0.8214344012255494,0.5964216069923048,176.95192576035944,0.3241374299611646,0.4571832754381049,0.41367419776536873,26.69190071255344,0.4971921057121438,0.7300433063123284,2.0875954786271604,58.11565348491216,1.8377771710057342,8.413537186826254,0.3194055738303215,2.0430823615592275,1.2622578362214751,0.05,0.8082843049188375,0.2688529453846592,0.22221088840775127,15423.300416060363,134.80959829430387,public_private_partnership,0.550370096589317,0.24158979599671682,0.1768882498355649,0.682689793755543,0.6204768351377655,0.3581195502654243
SHWB_044,Shanghai West Bund,Shanghai,Core,121.44405499550508,31.189055951708678,waterfront_core,1,2020,2018,0,industrial_waterfront,0.8135078464088475,255.49627045842027,0.7931572588794386,0.5305317620162061,29.491289379705396,56.66683216652494,3.9580458665574665,0.4280462208916134,12.064398314016636,258.4789052618693,0.5968502635291599,0.3414842674655092,0.6469068446665764,1800.0,4500.0,176.42466651154655,26.28460862788934,0.4782921329489821,0.3919483019173997,0.6109472076187065,0.702424442341689,0.7737798000017441,0.7245364332199427,0.6943079094032414,0.5134010328962977,0.7660394554343548,0.5026150357262685,126.66089977269093,0.24847041596131952,0.47076413191311656,0.312001535505718,22.492115793090377,0.4741465331722054,0.5913279737239111,0.7,74.713884599673,2.7319654432887557,13.029260189457865,0.7767174950736992,2.5686748237240975,1.4598028829962064,1.2584347008899377,0.7559171413587403,0.23820956593580933,0.1814797915315453,11164.132747503903,121.14963363410733,government_led,0.40899755116562697,0.3018449183087931,0.2927516095284016,0.6577156671425852,0.7239176591883861,0.5854348336608938
SHWB_045,Shanghai West Bund,Shanghai,Core,121.46522804325205,31.19090105567679,industrial_reuse_area,1,2020,2018,0,industrial_waterfront,0.4756128409055357,243.8447212407799,0.4082804644404472,0.41475707887256985,30.28549562971995,61.9010208626873,5.8258061361488815,0.617239766257564,6.649238235549686,360.0,0.4689181104427577,0.4232124082502088,0.48698225562273784,1611.0575466835126,3656.07928217324,220.0,19.193230723407584,0.493940427157123,0.5304468551845878,0.4863051946489107,0.7993976605994728,0.38246105700738087,0.5229829414124509,0.48364676782372507,0.5575721692595524,0.39111816561860496,0.97481836597005,180.0,0.734042966475237,0.6899696434809992,0.520238318401576,18.215050024191182,0.5986388377119096,0.7124617972361201,2.3814068736398184,61.58989220221209,8.390037266571136,14.053860411159727,1.9516828206559982,2.5124753342129527,1.0773814144550296,3.5401411290729765,0.1604755430822092,0.12724848857785154,0.442114348391154,13921.926797769815,269.9863018137231,public_private_partnership,0.33929477477686426,1.0,0.5571035850135255,0.11889434032616043,0.5393129155336269,0.3017104798278389
SHWB_046,Shanghai West Bund,Shanghai,Core,121.45458443098632,31.17898429389744,waterfront_core,1,2020,2018,0,industrial_waterfront,0.631103821562627,309.195942106688,0.6667529669630357,0.5317381203439476,29.181367436861258,66.29959575350708,5.542533987490623,0.3682151657736763,12.15940586507829,325.2551811124754,0.6191627278994797,0.3865421461296116,0.7496855795193533,1800.0,4500.0,216.7838901968358,32.54781287612588,0.4296445234270472,0.41901461017255937,0.40914855326784827,0.9776512358294267,0.7120782652644504,0.6038777396737485,0.7241174578340518,0.7020047368625189,0.5999026560052888,0.40531245326801213,135.7848126622028,0.35384246951611054,0.6193327054963059,0.1888383118303792,15.880192471994489,0.45482141353206684,0.4592107977092404,1.8570275334583932,94.73111078202659,2.9383812996601417,16.835182964665506,0.05,2.400277983178193,1.3056121080386258,2.0047268944483294,0.6414468440372194,0.28929092262101197,0.19852842386819503,9911.226248925093,66.10674391252657,government_led,0.4406523822953104,0.2854551334895271,0.5305716846579386,0.693524287781788,0.49347114959756144,0.24761734145479894
SHWB_047,Shanghai West Bund,Shanghai,Core,121.46171366093151,31.182585060853338,industrial_reuse_area,1,2020,2018,0,industrial_waterfront,0.6862955690810643,547.899506584615,0.6822295213972215,0.5871922295341386,28.116510378845184,69.34400446306444,10.151348237644996,0.6928288287071316,26.34018016415503,266.4182638174867,0.7339466153500372,0.28754566845557317,0.7216325201502358,1800.0,4500.0,133.9320876310277,42.0,0.7699601692632868,0.6522372507561794,0.7571214649917151,0.8800595763228534,0.8942171944606776,0.783295379421435,0.7378298123661488,0.7673999072693645,0.6505336416508516,0.48015177668119247,170.0624178709553,0.2832922688197066,0.5179409741468491,0.09342062927620048,19.88765407331315,0.5212045043073193,0.6454211011452691,3.672766477941031,41.38190526001241,5.075312416886666,4.603249523904205,0.349244751314709,0.9014157006730895,0.5725791474815201,2.8894769307848693,0.5321625502816282,0.24923667126742016,0.0,24435.04573699277,52.972577417152316,public_private_partnership,0.18737741972579042,0.025296613829825343,0.5048619640507861,0.5446043853547365,0.3438123663977935,0.25650537232429255
SHWB_048,Shanghai West Bund,Shanghai,Control Fringe,121.45106252547414,31.196997370171662,cultural_core,0,2020,2018,0,industrial_waterfront,0.08402905003590855,556.979177170804,0.7700203872027214,0.51198952431491,27.943419264538502,54.305379431537304,8.639925568875142,0.5999683350713024,14.098014236884234,360.0,0.8204144321334442,0.31664718306403755,0.7009969806964399,1800.0,4500.0,206.8914036745259,42.0,0.6784278370001126,0.7201304483643409,0.7948837186961177,0.6244857604579919,0.847280140936646,0.6371465461577258,0.745452997809722,0.6205661564469104,0.645526850232489,0.5927695293646288,180.0,0.4189795534290969,0.7131854859138372,0.4902923460220012,15.592054060390154,0.45759622357437224,0.5698373767652686,3.4101270316000267,32.57915551458247,3.449461891809603,4.281910540700785,2.828874872491054,1.2154625938915122,0.7683850845728777,1.2264093155688354,0.7303655295299666,0.004456423062549775,0.08783934807897337,29193.982304330428,101.1375432331176,public_private_partnership,0.46747705981700316,0.3307334556809539,0.5566516326419106,0.78738799420944,0.5412158897167677,0.2511050936494046
SHWB_049,Shanghai West Bund,Shanghai,Control Fringe,121.44519940440097,31.182387467045128,waterfront_core,0,2020,2018,0,industrial_waterfront,0.5041056966705212,423.84779446118284,0.605460471229961,0.39981935291564763,30.194284098399674,40.44728449844911,7.154344955965577,0.38119253867396985,35.0,169.7774306745654,0.6535246254797872,0.31732583854290214,0.5647865603571655,1227.9119374159256,3338.178054421286,133.18499177637824,42.0,0.623632826761354,0.49326979956285466,0.5163012093465564,0.778543784106548,0.5816578576252991,0.6253687486281265,0.6159288344060889,0.6649105714982839,0.3512986399064142,0.27133472452134666,79.85572711648166,0.19480820151679568,0.45345696181908823,0.26576147217668683,18.77771800401608,0.36833150154966876,0.3580610552511666,2.0707133374726263,69.3473681180053,7.025659220544547,13.198855419462099,1.655242250191076,1.437002228520604,1.1015429974856605,2.719652912449877,0.3275122659327565,0.16555901264260237,0.10139555107600698,20928.14300987768,42.00006141968211,public_private_partnership,0.29234447499906757,0.11491332209116706,0.2569636446349968,0.31227016151029835,0.5507978189001272,0.27697494715382
SHWB_050,Shanghai West Bund,Shanghai,Core,121.44588799624364,31.17413389228345,cultural_core,1,2020,2018,0,industrial_waterfront,0.5236716725029896,609.0373586116216,0.6883995023765571,0.5542422503652081,29.486215812261843,62.673083811332894,9.787020840155616,0.523264935486105,27.36982685542827,276.7279282149812,0.6806459792992583,0.4991079423487075,0.6603353918740922,1800.0,4500.0,201.0114024262199,42.0,0.6595987592207839,0.6432395884951495,0.6983749107583272,0.7463607684456369,0.7754184921552275,0.8117723359029139,0.677998873893448,0.6915192106067751,0.5370458858042492,0.5598872970226454,180.0,0.4383660697915747,0.7112269403366129,0.4746935460342807,28.19158484742209,0.6309336364972349,0.5613247994558036,3.5609980719151206,48.06060105200536,5.694470822269492,10.283080688012342,0.49150868602177017,1.3604489447695505,0.6613509445155733,1.825652481684856,0.5381533166610102,0.2470893307248303,0.04773694050784251,25242.352078590768,73.30307542057018,public_private_partnership,0.5810083264149708,0.2314705289883392,0.45618104560025513,0.38949467597745063,0.6300509851672901,0.25078363521128066
SHWB_051,Shanghai West Bund,Shanghai,Core,121.4384623518712,31.203390456415693,cultural_core,1,2020,2018,0,industrial_waterfront,0.6739564119707463,642.3404115859624,0.6168399566200773,0.5645130834268396,29.738989594637218,81.16046551071295,10.278280384593057,0.6904907770796891,13.438338000802954,315.27053660636096,0.532729441903281,0.2042579157256816,0.730518439679436,1800.0,4500.0,162.3333700028319,42.0,0.867793979092351,0.5789024978208781,0.8263099603108703,0.9745212282138039,0.7717076039403755,0.6838923461733877,0.7010067627056646,0.5469666669455845,0.36812591081958473,0.5636176667231688,168.91471846842404,0.26362520984990706,0.7043206995227784,0.3943511949145793,5.064903715198546,0.4004711796239183,0.5130764313318231,4.378216061870048,31.374377298832105,8.388017127689547,3.584222910747972,0.06037356536991255,0.6709109862752696,0.5830432038864597,3.533077068246671,0.24292215582076818,0.17823236388543104,0.059551857417523835,28564.823621349544,35.59692036286335,public_private_partnership,0.22417320405841387,0.0,0.71277292713985,0.36644191640915325,0.6588159724976924,0.11868414442554837
SHWB_052,Shanghai West Bund,Shanghai,Control Fringe,121.45714821616667,31.18189854482975,waterfront_core,0,2020,2018,0,industrial_waterfront,0.553778223236711,255.8627380318488,0.6519838710908322,0.49838808419531827,28.498457436627206,68.35046899481794,5.336228160726274,0.4725512575797612,20.96347734066557,359.79872461157674,0.6308098176593708,0.44645368760264825,0.7500128545425232,1800.0,4500.0,217.64148865844078,36.156992675445025,0.5046102894223818,0.345147259394856,0.6499057322867356,0.8693225500994424,0.6773203974340253,0.6992603147076009,0.6523091339475612,0.836995238818128,0.600654887833804,0.6167736026455405,133.38824868576643,0.35276237688190926,0.5116370962349304,0.3835283841563463,20.45899774615679,0.46867148826667593,0.49823294841027094,1.6527123394070196,78.95906184346995,5.82616660518111,13.895166476769054,1.572262263365504,1.7794961662009046,1.209580736335141,2.611402886946295,0.4489733163266633,0.2890336025551815,0.27975547166558185,12574.693933252596,34.86165070568893,government_led,0.5217962851871703,0.2650319816096616,0.6205034910694053,0.4081047354601597,0.6622839959181818,0.2750319401715365
SHWB_053,Shanghai West Bund,Shanghai,Core,121.4367940403271,31.193552327541685,residential_edge,1,2020,2018,0,industrial_waterfront,0.28241516810673045,640.4351868308781,0.5399311551396663,0.3383725360636979,30.497351258533648,38.95486513248786,7.929198968208698,0.5517512983723485,14.244721069955224,211.61806675504462,0.6982710757229527,0.07578612212461033,0.6208618919305939,1118.980223539161,1994.6364505199974,101.07120660565431,42.0,0.7297183295771581,0.7167877370275436,0.7682570722401832,0.7472080707272664,0.8259254910592269,0.45846626621374376,0.5608689947380532,0.48815044722688344,0.35651029874427226,0.42924619094594396,167.4284084043895,0.2925464511225271,0.46337202166926095,0.18826316063678433,2.28124006718357,0.3370504669952774,0.3751262349451786,3.4188479632232402,38.02566982573181,9.5,4.313255713871412,1.4495426684101262,0.9828618461506593,0.45888015874369253,4.520835525406552,0.1063126774576351,0.11704997327623802,0.0,28295.335071051282,19.91139557623295,government_led,0.0716319764309401,0.08846951053065483,0.22149477710733328,0.12414784734643113,0.5349530701028923,0.054170422268268424
SHWB_054,Shanghai West Bund,Shanghai,Core,121.45398743271174,31.195762782999264,industrial_reuse_area,1,2020,2018,0,industrial_waterfront,0.6857539641272064,323.4968445924439,0.7733631749759168,0.5883097913563764,26.443129129326927,67.16050059135571,3.954800126184049,0.524150118520325,9.151958378464062,344.76196353437297,0.6848096981942368,0.41901789144440243,0.7574159433471682,1800.0,4500.0,171.96233749291784,29.109518670706727,0.6244601401201133,0.5964406485817308,0.5980100632046285,1.0,0.9372664211375646,0.6717912528888182,0.7640139979030118,0.7288571187847439,0.828143641800279,0.5818512937700887,137.13999437483054,0.5629474694367259,0.7136470112003807,0.4786514458504112,18.84848207834361,0.49081213412171526,0.7140141405387443,2.183236923339786,71.68596827803637,5.285121301601896,12.617057477848638,0.3020053023760161,2.0385589359121346,1.0220706796660692,1.6553472072487965,0.6278401062543555,0.3569584921375737,0.2418783118935298,12975.197316767713,143.037339194027,public_private_partnership,0.42896950205814144,0.36079712648600165,0.41929327062787386,0.5167509742968088,0.6708252472094461,0.2905067312179207
SHWB_055,Shanghai West Bund,Shanghai,Control Fringe,121.44625666161762,31.193881758088537,industrial_reuse_area,0,2020,2018,0,industrial_waterfront,0.7549338014063753,388.1540511674889,0.6912757801071873,0.5651281240217059,31.398360109918585,49.25507275937332,5.969681806599505,0.5466103192337534,17.416666909618222,360.0,0.680770639835652,0.5810115737211297,0.8459350187716534,1639.7445022107745,4405.974836872852,220.0,41.89289625174607,0.6158363248857458,0.7138810681878612,0.5726405537635152,0.7973559916073882,0.6347348654120599,0.8449704080027611,0.9947716904013177,0.6877168710964509,0.6338880936911293,0.5160598203699287,180.0,0.4414557217212989,0.6926654773555031,0.4374037960523062,26.327557298596847,0.6352845891690154,0.7125512043855421,2.306313355009115,66.98796881671548,3.6363633040786216,9.40802364063385,1.6027693169193609,1.9665071235848115,0.5690094252644304,2.0354571620840303,0.5898761072989598,0.5297407691674807,0.616094576806095,19632.673639584642,209.9362588416135,government_led,0.5647295398874457,0.6749120280164075,0.3689420867152213,0.6143248240110832,0.6747715039144809,0.397679532193644
SHWB_056,Shanghai West Bund,Shanghai,Core,121.44632495141579,31.186672318538424,waterfront_core,1,2020,2018,0,industrial_waterfront,0.47701688774339135,590.5869739785616,0.8223620459247963,0.5621668505334576,29.677199964740307,52.429844668026405,8.32616387402254,0.6494619361610205,32.54332665844342,318.5113054945331,0.7915450274790434,0.2720685599844567,0.7994608448500528,1800.0,4500.0,188.0966720595643,42.0,0.8473286914126956,0.5831787591640274,0.8612623175023215,0.9289568235993688,0.9273594009594867,0.7736651368853972,0.792848496539676,0.6377378638745095,0.6733486955543528,0.5046265790767213,180.0,0.37842275525500996,0.6513714438661,0.391003596951912,19.824390850307495,0.4330035365731538,0.5120714325868866,2.8189212637316396,39.05092527992328,4.204938134659219,8.178629615987717,0.25238670073273095,1.2007553269395215,0.5435429706818447,1.69244809174585,0.6077097678188931,0.17017872778646045,0.13802733737870404,28722.58550508663,89.47411032542811,public_private_partnership,0.2500995948424044,0.35097629343987075,0.3280177214620621,0.5273948060931501,0.606895676609991,0.3515804140468731
SHWB_057,Shanghai West Bund,Shanghai,Core,121.44811103515862,31.190163557880684,cultural_core,1,2020,2018,0,industrial_waterfront,0.39735461256312593,345.148343354494,0.8306990773886158,0.5768678817375379,29.408507944405894,32.08451638922547,5.9744627177526475,0.47640757614170126,18.708928325855098,285.2438449439972,0.7249263634443519,0.5781821252435586,0.9481885318023138,1631.20992329891,3744.44671956989,188.51530361212488,36.63793344028298,0.544596275043626,0.5768378251140048,0.6460130155360145,0.7462472638369707,0.7787980749482278,0.5416717133520563,0.8715094574023365,0.6317625167578703,0.5763969179158834,0.5947103855862433,180.0,0.4293397671059769,0.5847959651254298,0.4369820849799483,29.079430607863966,0.6500889246162429,0.8373626857513208,3.0877728056557734,39.8867443323264,3.4324856553042675,9.3352480146047,1.2166172551054366,2.2385105350705703,0.9414969883552524,1.6055829680002132,0.5955622186780684,0.23684128933830034,0.2609414683769102,18116.226422067466,150.6206017001504,government_led,0.7910429328342372,0.5713963127849055,0.17174633896196387,0.6040931101415608,0.8204120705542459,0.14100667310557571
SHWB_058,Shanghai West Bund,Shanghai,Core,121.46369083351725,31.186566557457162,waterfront_core,1,2020,2018,0,industrial_waterfront,0.36356400477743156,582.1963659113643,0.7210218820166662,0.573979205223291,28.286458133772335,84.56325616496792,7.433693364593483,0.5427575170928688,19.632149375208673,360.0,0.6807761470213651,0.30997415024480446,0.7919509492944042,1800.0,4500.0,220.0,42.0,0.85860131051778,0.6137607844011178,0.8690926239288085,0.8218469897977306,0.8113866006708942,0.8705083112697556,0.7256873041139982,0.6559912830556246,0.6220546475752995,0.723355978867726,180.0,0.3716921485963495,0.876250448439649,0.5097789210964834,7.9500323918548474,0.49063070743510695,0.7670711557487159,3.0476742036494757,43.97237274249694,5.97457071663575,8.624622324986127,1.187800826951291,1.191765792572335,0.9201846185152829,2.082704317962869,0.49227694560148927,0.16248617583392294,0.1791067017276231,19908.95136757449,104.3837706758093,government_led,0.2966533503813763,0.3964729226062478,0.6847642688702821,0.601332659985682,0.6656098724550158,0.35696831368148507
SHWB_059,Shanghai West Bund,Shanghai,Core,121.45060426478038,31.188609231580973,cultural_core,1,2020,2018,0,industrial_waterfront,0.5446642295269839,321.81156070369735,0.7527948485512531,0.6428237144088883,29.863511673692493,38.664713990587956,5.4726157496029835,0.4190224334599261,20.656620683856517,285.0455307362042,0.7455744599446578,0.27597912246145445,0.7417277475592401,1800.0,4500.0,165.03480202218987,37.11006805936843,0.6341953377633388,0.4765387840897746,0.5849559289863282,0.7429999752707668,0.7311666335977915,0.6554116598391323,0.8960357964741226,0.5542146524521473,0.628701800092936,0.4352826836458059,142.904412504256,0.39436776942520163,0.650680281211429,0.42269158010051844,2.9335025772637198,0.4176939125142289,0.4190084354979226,1.2230904321717508,68.88435700891196,3.6197894319559385,15.925533666088963,0.6437761591451393,2.246445003859143,1.322598391149721,1.5648017017601639,0.6787455034914307,0.17506274051129267,0.32689641308469586,17706.644327731374,97.73656777853606,public_private_partnership,0.3307257446737629,0.3465631567346396,0.2847971689861356,0.6930553988123411,0.48409244108650973,0.04861202958670561
SHWB_060,Shanghai West Bund,Shanghai,Control Fringe,121.45905361940744,31.19721550876392,residential_edge,0,2020,2018,0,industrial_waterfront,0.426354873768496,479.1100607236308,0.8072490141011776,0.5811020862673182,30.784045994514795,45.77153470848146,6.9953732954057894,0.4371834085424295,24.048716041047996,345.99084951980143,0.8463270797165926,0.3695358300424654,0.7540172960855209,1358.747323094195,3808.547454175849,206.13264501372396,42.0,0.6532426898530063,0.613022735969997,0.6991187417479454,0.7428221369495365,0.7269158657398501,0.6738740972707589,0.8656051890543145,0.6702367748043424,0.5662125361611176,0.5423599792078335,171.5925057446257,0.36812621918223987,0.5325067667177946,0.4368398509813441,18.23624170742061,0.45973210089056454,0.6997903413733207,2.779129127519208,57.85846757974784,7.562879349173448,11.003971452868196,1.4726378336881685,1.6053732492474262,0.951786978490068,2.4460980745555854,0.31117091782695083,0.13010925953089972,0.11387715013020736,14032.887690677067,114.92662224050864,public_private_partnership,0.33049172593334997,0.4219153559839213,0.2757958479324906,0.2569144628318664,0.8035425791771387,0.13330337071927206
SHWB_061,Shanghai West Bund,Shanghai,Core,121.43815749318468,31.178760693028316,residential_edge,1,2020,2018,0,industrial_waterfront,0.8447712900734244,418.7952634666151,0.7016288258797712,0.5919305276233984,30.311122776885096,46.26435688992609,8.793238550284258,0.6203811057318845,17.770154549752153,360.0,0.7530584312016236,0.15374637062571986,0.7496951283031802,1800.0,4500.0,220.0,42.0,0.6066938918699036,0.5888320211567053,0.6691426423342925,0.8707817052810556,0.8419711456368735,0.6731911432875326,0.7232426898106086,0.5360614767631556,0.7128003518635266,0.6144975636959855,180.0,0.5306384944691038,0.5873508310105005,0.5583070830238102,2.5796313232386936,0.3163332319268555,0.3901042926526669,2.9519376008167235,57.519001795782614,6.46763718335387,6.726928536891887,0.9245070684418019,1.0727398217125956,0.6073235697737998,2.0890099839958363,0.5984283188155168,0.14271311339671588,0.427515297538654,12000.587612097963,181.64786930530013,government_led,0.18716995320373825,0.5184213983513338,0.3447391832280246,0.5398299045991335,0.5954205919027025,0.33367013799636264
SHWB_062,Shanghai West Bund,Shanghai,Control Fringe,121.46410169262025,31.18391047893063,residential_edge,0,2020,2018,0,industrial_waterfront,0.5748077065976028,542.5438584438075,0.5991021905614118,0.5255210158175869,29.622251765979158,54.86686361166762,9.193855253574483,0.526849257893126,15.726679413588885,199.53894478770368,0.6211423160924207,0.3048684135074946,0.7259860290824155,1800.0,4500.0,119.21468300605065,42.0,0.7124730154633497,0.5820811399533391,0.5902372986584303,0.7501438701089165,0.7526761354654762,0.7551280027757059,0.6986854991435287,0.5224794028153881,0.5900857479859172,0.3404513499017475,118.61475151396354,0.17347073084614711,0.3547785303812603,0.1564803956222035,16.5446004296114,0.47015306681163294,0.4673569026620825,3.813361305248267,33.41042568332604,5.707570185016711,11.33867801966377,1.3971590651539854,1.2173790543035803,0.7745139389289744,1.7602225063403307,0.5274508776289071,0.13739871107686596,0.048176565768661125,22694.240232337597,57.13192880532677,government_led,0.3749808714620329,0.06516298770207396,0.3770343701352739,0.5224030299990555,0.5043254584868361,0.4559457327236731
SHWB_063,Shanghai West Bund,Shanghai,Core,121.44442428535943,31.1918164958454,cultural_core,1,2020,2018,0,industrial_waterfront,0.4889737681744075,525.7929643760722,0.7463361653721722,0.5009067064219642,28.42424081042268,66.65460335145019,9.169684325107404,0.6222688336387556,26.366155386595576,360.0,0.746685791887687,0.3179665868498671,0.6407358779655355,1800.0,4500.0,220.0,42.0,0.6997445295674738,0.5987625055691048,0.7397056694979954,0.8659972287615397,0.7829782459633696,0.8058210802608903,0.7191618752807621,0.6920993578229006,0.5817512348614795,0.6329792023618603,180.0,0.3691180392114546,0.6457440472381559,0.6132114429091263,17.96788507934749,0.4356640411885611,0.6124772943505217,2.395315010588868,51.565580815812815,4.136241802501724,7.404289008116366,0.7674131389581288,1.2553862002222118,0.9568940559501853,2.5025152287867662,0.47784011619642336,0.032327727096125775,0.2809701288172175,20878.27323912983,159.90954919678006,public_private_partnership,0.44620151266793184,0.5487052961350863,0.47749569820128035,0.4378190342199967,0.6594340436757589,0.5079491017544385
SHWB_064,Shanghai West Bund,Shanghai,Core,121.4568677576054,31.184100850631783,industrial_reuse_area,1,2020,2018,0,industrial_waterfront,0.3362464355756821,341.49108727369105,0.5716017940556418,0.42773804752551353,31.53187245755942,30.250917426314597,8.302802718809971,0.4888549900496225,14.706709331993508,283.6240220120008,0.6050022788579947,0.3880954917758887,0.6656648639502767,1080.1610867190577,2494.5311246557285,200.58660376753153,37.63737277961595,0.5585823420046709,0.46592798781719147,0.5167778439306757,0.8631433038421823,0.5015658040335277,0.6370601965408175,0.5115982716336507,0.5282063923812016,0.3514165592208337,0.38890459546510947,180.0,0.2394195716952136,0.5196641434871784,0.36788219547513057,18.32315149612131,0.3631965053797068,0.6038210189731834,2.430330311554467,56.833855140434245,7.5014250987731055,13.954122467978074,0.05,1.8220179780503363,1.1486654098614404,3.8562750489327584,0.17565139701683982,0.1288015836904924,0.2174695381413287,18305.88382901527,115.69656149959339,public_private_partnership,0.49563365624128275,0.5248109202654028,0.2659543263537438,0.05337882417048824,0.3825876717155319,0.15982958121285157
SHWB_065,Shanghai West Bund,Shanghai,Core,121.45201995171301,31.19389322584332,residential_edge,1,2020,2018,0,industrial_waterfront,0.32730720627859927,330.80683368688744,0.5499952184649872,0.5075801764326605,31.556210793131942,39.57464745226132,7.20755211031293,0.3925436777217615,32.863943684208834,360.0,0.6581489854776164,0.5331882569923037,0.6365166633990716,1079.01333694613,3255.99214225181,220.0,42.0,0.4720491374070559,0.5249236818511597,0.5214142692784518,0.6580675712476974,0.5620644904483793,0.46390184736461576,0.6429628350923242,0.7106001394616037,0.3883554257003845,0.5379084884505165,180.0,0.4773009518194264,0.47768006890558334,0.39091450818223294,29.54603982724492,0.5903631581298658,0.7243376767011867,1.2697687350290219,72.46803951708593,8.687882563144527,12.416145179266643,2.0526343294947424,2.4140663719256605,0.8795970622379549,4.040036342028302,0.17299797194360403,0.3042772896344948,0.16114376756800414,15136.961123896359,187.38899617932248,government_led,0.6639473834442982,0.6882837433969337,0.3034293641746482,0.19223560822007507,0.48255032564799943,0.22348500606037502
SHWB_066,Shanghai West Bund,Shanghai,Core,121.44910100460652,31.183654153805488,cultural_core,1,2020,2018,0,industrial_waterfront,0.6484033208406879,453.8631418706188,0.8808495206105857,0.6571019279489451,27.37311789626028,56.13817308817501,6.9230681335958835,0.6928349101952138,22.510515194317534,360.0,0.7736943725142208,0.3859056022104834,0.8893305664169827,1800.0,4500.0,210.119759606336,42.0,0.5206342568679964,0.6946724857189062,0.7390145189924889,0.9893948938247243,0.7913999667490632,0.7980717836468306,0.7804662568640383,0.588497795977649,0.5672790834589233,0.6311091153677515,180.0,0.5112132327097949,0.5089103022962247,0.4414905376824741,14.818831030103867,0.48651095345635886,0.6755761731546708,3.0473270341677567,37.86808365417039,2.8527227316745303,7.235275480296072,0.21982881828721534,1.4557984584466925,0.6347953853765024,1.349365146404912,0.7753057709324205,0.1622252864874196,0.4629129783581556,20687.22526092039,187.85862795743327,government_led,0.3793392613748884,0.6829892130726668,0.2794460047323612,0.7888111464405754,0.5979649333057977,0.1551477872327639
SHWB_067,Shanghai West Bund,Shanghai,Core,121.44578767002409,31.17860437752076,waterfront_core,1,2020,2018,0,industrial_waterfront,0.8562668563327971,528.568669202583,0.7862644524674455,0.593366854797171,28.59644527174311,48.66530399196372,6.2439652507568155,0.47691224188038156,30.073864353713677,207.55377662139293,0.8381322905197554,0.2785843111081872,0.7689534031774787,1800.0,4500.0,122.36831966248748,42.0,0.6909327256621829,0.6459268554436758,0.8108741558618898,0.7250428464647303,0.8457553556525743,0.7892199935684558,0.854257074806658,0.5315782116913694,0.7064238855814422,0.588982960451321,131.38080987215417,0.49648118093310867,0.554414376529324,0.20104123511982186,9.997635676379424,0.49242334770931484,0.4391309215241542,2.3334526065364773,48.5677998786026,4.344734712237965,9.048073941790532,1.2158075519607192,1.4254569643780965,1.0175182666383922,1.8336463877871647,0.6055454706615397,0.3009917387885644,0.07607978978324448,25278.286142882345,43.603628516225406,public_private_partnership,0.20709618808590985,0.006264099462869155,0.3150819900478822,0.5587792747024695,0.4585685331613323,0.36161398894718993
SHWB_068,Shanghai West Bund,Shanghai,Core,121.4473561522037,31.173449793902318,waterfront_core,1,2020,2018,0,industrial_waterfront,0.587755886997245,381.2820218053887,0.7737176077157502,0.5940262935094882,29.606051771548174,48.828512001647,4.619292404618475,0.5914989026172132,22.29877991741531,360.0,0.6841367173659,0.1663940152615248,0.665538620941413,1408.463706064119,4038.972196866046,206.30259763562648,31.461995891561962,0.7023477582033741,0.5755293912027876,0.7209620735765057,0.8334474896436818,0.7949890804094171,0.6605027561505232,0.7553288093506336,0.513477030048887,0.43775208339554744,0.7097235205165857,163.02470155315234,0.303844146018255,0.5855425015284077,0.5273028989411827,11.035030605645831,0.38653135221012275,0.4659589860357115,1.8816439609284341,79.78167015589115,6.085914058282743,9.464809650299152,0.7704501420829564,2.292207840671419,0.87715359329071,3.376770579253282,0.30712225954081923,0.08195539515852863,0.2863118397062967,18763.547146696954,92.16508926801298,government_led,0.141222942053064,0.4729368647889791,0.3133680722406187,0.41815323809697424,0.4759478988098411,0.37661301920807205
SHWB_069,Shanghai West Bund,Shanghai,Core,121.45199817300741,31.19502844562949,industrial_reuse_area,1,2020,2018,0,industrial_waterfront,0.8079977534935078,445.9714934061617,0.6906334116943769,0.5782629589945736,28.656270722962375,72.18587136587115,7.885170255604627,0.5451179871751712,26.650310745750343,327.4543654178374,0.8624647749515967,0.37879347778635214,0.7083570737254747,1800.0,4500.0,220.0,42.0,0.7419583077354494,0.49248670337848155,0.8046873809054149,0.6995734322954521,0.7265195881801114,0.7269325476002718,0.6555766125726372,0.725696323673625,0.584768884490828,0.49590341742623045,180.0,0.5096701506348752,0.7872050541991147,0.44075675985022983,11.863618858539523,0.3645475697020088,0.7279028801511158,2.9572654848628748,71.7459438939997,5.813002552515241,9.519268331056823,2.288882548123468,1.6849651066062565,0.6060705990944322,3.060395814914119,0.514714237529075,0.3640305813643775,0.33533322356612777,19706.241248225866,63.479615720405526,government_led,0.3436019156244534,0.3731993348237803,0.4734369181734998,0.4322803386012328,0.7175444770256111,0.43823935738990183
SHWB_070,Shanghai West Bund,Shanghai,Core,121.44177056380693,31.17589127852347,waterfront_core,1,2020,2018,0,industrial_waterfront,0.6899957383439348,512.7782281423696,0.7458308439546919,0.6057622457523307,28.974828230712024,19.343201292026258,7.825701652224964,0.6135917649906365,30.355812039155357,84.59965230555092,0.68766569102746,0.5228730475494647,0.7252522585182183,1795.5583232316665,4455.384357538328,58.221686862908754,42.0,0.6296712288562382,0.6363682004556122,0.7340951949961982,0.8177719442982122,0.8052417621293196,0.7418312580358603,0.892632952768585,0.8716394555921704,0.7036859700542508,0.4682064619116251,138.06217906465864,0.2959168617278707,0.35317451217607787,0.45560485400096784,23.46567582068357,0.543006982705195,0.6077697652054155,2.9189765347457417,39.79396260719732,4.176922980697727,8.253412886328107,1.376746956356881,1.5491860934291042,0.8696062560931855,0.8742282189286215,0.6014450076412542,0.4091871653544571,0.17061035892539764,24561.722622538833,10.0,public_private_partnership,0.4313575243140666,0.08049075003493134,0.1610112558342071,0.5786473561594349,0.8635834883430682,0.29898609399435666
SHWB_071,Shanghai West Bund,Shanghai,Core,121.41928193852742,31.19489995854261,residential_edge,1,2020,2018,0,industrial_waterfront,0.4625998504309792,496.4024944213114,0.8623787217184409,0.655581404278079,28.880153105357248,62.35421351817096,6.222277225630897,0.6421995929130264,22.388150487631993,301.66798743829224,0.8632417167653503,0.5450095085727296,0.9419672398460607,1800.0,4500.0,192.52310230736515,42.0,0.7018752517769854,0.624313188418427,0.7657459123170118,0.996024571385737,0.9118912252032643,0.4982174260772697,0.9899075030005313,0.7731749538462518,0.7479288492082995,0.49485100426129064,161.40958869070087,0.390731368353534,0.5864171268891081,0.38081221355920764,28.839506107986082,0.5933323460237143,0.9075820811974815,2.5391544231341796,62.58054928041149,4.065944749973331,10.541365627820928,0.9964139012720943,2.507525363035976,0.8880830381560585,1.8708308780052856,0.6632481027237281,0.28978228203630546,0.1329159271614181,16723.38618988142,74.16595723929899,public_private_partnership,0.5192811639437157,0.2751075623778826,0.4441782782709992,0.5663441598734168,0.7430450392017363,0.06836129477812397
SHWB_072,Shanghai West Bund,Shanghai,Core,121.44988282380083,31.203534188963694,waterfront_core,1,2020,2018,0,industrial_waterfront,0.4577909351267204,552.8843090922433,0.6464492600925028,0.43182505294602835,31.335927026616048,38.149107278763054,8.936619660105482,0.4513951317240226,24.45800890387019,246.2939176632386,0.6884886813356453,0.24154298406597768,0.7173491433315657,1383.2147762931186,2398.603019973564,155.02952088144048,42.0,0.7933986690022131,0.6016267028073121,0.7068395962705981,0.7539073279642728,0.6039803972239435,0.6871980798618252,0.791257322814599,0.5723730407792219,0.6119579766887815,0.5749957905222214,180.0,0.31913459187433274,0.5007461767217695,0.47022602959338794,11.653381365663583,0.38047344290902374,0.5846909813064479,3.1337279747406726,45.90487766864449,6.943196763036344,5.29036320243159,1.6713697665336364,0.7281705945538122,0.6845947380334225,3.439344749270682,0.2882076255162385,0.03834925838055474,0.16292533149764202,30150.242304193725,164.43146529148495,government_led,0.25863256050335665,0.40352187500832953,0.10696525228344751,0.20313005132263873,0.5268261599524866,0.4121273849067992
SHWB_073,Shanghai West Bund,Shanghai,Core,121.43995943643361,31.179640317287067,cultural_core,1,2020,2018,0,industrial_waterfront,0.385864746857795,298.3330470843216,0.6707366647748259,0.592721132262794,28.805295281058942,56.351176042220544,6.2795229829147114,0.5343769385583483,21.94678870224199,310.79476996669575,0.7339159147293189,0.33962416498086223,0.6363157454175549,1800.0,4500.0,212.03348481667652,42.0,0.5114200873796695,0.49564217607064204,0.6577958806524258,0.7319823785993572,0.6797673008483411,0.6733403871000231,0.6271847684803931,0.5018325305336387,0.7614243368517748,0.39576647688728617,109.07517164397031,0.3465904081996884,0.5868583090679549,0.46500170623684933,17.28597241560824,0.4687773912751265,0.48471395688460894,2.032741885327434,76.04018689644577,5.516095080449132,15.86378118302609,0.6399866150559467,2.0407754222258805,1.454282131408539,1.8069107276142757,0.5778514473900653,0.13311466781228046,0.1924734894552983,12683.173019009208,138.93542825504787,public_private_partnership,0.2470058074727958,0.3449116800473121,0.41582692561437806,0.6443022649481416,0.8645313011547,0.1207071711832129
SHWB_074,Shanghai West Bund,Shanghai,Core,121.44026122212276,31.186821640480666,residential_edge,1,2020,2018,0,industrial_waterfront,0.4351803489756817,124.22574166145117,0.5591496241060903,0.4189619736832736,30.412508214387184,20.70697018484266,4.14556938916235,0.5483146848536082,11.637401435859491,103.96878505915868,0.5850246493864345,0.1927923541762403,0.7906411608823423,1173.9828486969348,2374.201833256695,66.32969186859174,22.361199668994452,0.437715781248399,0.34045632175356266,0.5065058538577991,0.6973935483687785,0.6540373093498577,0.5685442289364548,0.5652137189513928,0.5100631843531988,0.45626245638304597,0.3086671663094362,48.816827860858986,0.14331198482799692,0.4620863505604471,0.17274280933653968,13.841816976787353,0.3013804699455721,0.3361612228553364,1.6797821063828944,90.78212213462433,5.536025514759677,13.351348710247823,1.5757871351157149,2.7494444111512144,1.7226846090637988,2.176320107746711,0.4560006638019613,0.16961083018503054,0.047072828427924616,9019.216849888948,40.50855970971857,public_private_partnership,0.3146408857876681,0.11143186059501037,0.10012320049996659,0.5572500015277673,0.6483000642199614,0.23525165130239123
SHWB_075,Shanghai West Bund,Shanghai,Core,121.45722712336082,31.197382336330868,industrial_reuse_area,1,2020,2018,0,industrial_waterfront,0.9152955570606548,256.16961613629246,0.7419307222508041,0.5207069510031525,29.581073667031443,60.70034320909481,4.467378861485323,0.506982618868192,31.529735288298458,360.0,0.7112456694487319,0.46670084409810164,0.7777923545091434,1800.0,4500.0,220.0,34.60067039542266,0.5451251767745672,0.4183055011708325,0.557512086851086,0.7839490030555536,0.7558660482422512,0.6802457186425335,0.8033473089086732,0.7480261487558766,0.6945541413461679,0.6662324188973927,163.46555419364358,0.5203866820002875,0.7168453729414962,0.5738267463985622,23.78940416456709,0.6178229166246099,0.7594936869457821,1.8659157479121127,84.75709053983759,6.097706307313018,12.671101171253959,0.30317555854788236,2.6189040172277265,1.8,2.3381221409528408,0.5562902340708475,0.49960907366144763,0.45981173400177555,12857.973125395545,229.7890942020663,government_led,0.590916213909397,0.6251679872073665,0.49739912351396054,0.6005645434846636,0.665906343057596,0.23525827000299157
SHWB_076,Shanghai West Bund,Shanghai,Core,121.43270388196468,31.196389042888224,industrial_reuse_area,1,2020,2018,0,industrial_waterfront,0.28554123890925925,650.0,0.5740657347660583,0.42368611668066336,29.932864548793773,42.14328967833999,8.29214847660143,0.638617989360128,28.27509163985738,292.13190008329195,0.5557832535655767,0.5461948206062754,0.6674110535465105,1235.631881869165,3691.4265104117,189.46082726402153,42.0,0.6917235067840228,0.5482812896542976,0.7503940845605476,0.7033501753729772,0.7403747161940629,0.650416064380831,0.6915994126123479,0.7274816613635863,0.482437187653333,0.43437887785416374,180.0,0.2675878641813158,0.4176927981102109,0.4120735173564104,29.608074834222915,0.6177715133089705,0.5523569236695389,3.8931275057433217,13.079586261675445,5.82677348914764,1.7149265285944455,1.9296081177336104,0.7251129406352491,0.3137256179135231,3.0201719751368863,0.42762756122909223,0.15835488143423956,0.14222136969521953,26716.18746205735,81.76613972411381,government_led,0.5487573050173045,0.35041587003124886,0.30525914236315477,0.21239204006820306,1.0,0.17466110130028886
SHWB_077,Shanghai West Bund,Shanghai,Core,121.44688973233613,31.178629833162113,residential_edge,1,2020,2018,0,industrial_waterfront,0.574467604357356,584.4943921213469,0.7049705516201764,0.5885397733200278,30.24753408935109,42.46594613707595,7.474479802034059,0.586988439937189,16.978697898709147,235.78644798260416,0.8206009130084803,0.3487210073056497,0.8168252520575348,1771.5272405215485,4399.1328348575435,136.57756984868666,42.0,0.8429654648262929,0.5564748589545918,0.6246217657986396,0.7405149509005368,0.8661593939662898,0.7159083103695514,0.7495785761244392,0.6357171308162846,0.5495803199072078,0.714639092093567,180.0,0.5182452368462291,0.6238211103889396,0.44824459721555665,21.644769468019582,0.4379019033314864,0.5904659844368493,3.87034556432834,38.69218969847786,4.123045838129506,8.999787222620355,0.6834101185435545,1.2828212601072084,0.6161440498625953,1.7779597310980524,0.5924763332697158,0.27067866010641983,0.048587985149388335,25188.00534560955,67.83406815292173,government_led,0.4579341640982429,0.31504352988762013,0.19499307656267628,0.7714972937872864,0.6781216341216951,0.06581161225174956
SHWB_078,Shanghai West Bund,Shanghai,Core,121.44560182054326,31.1698323745261,industrial_reuse_area,1,2020,2018,0,industrial_waterfront,0.7349757570511147,412.97378085702064,0.6638500734993276,0.3844185796979568,29.333638590479236,42.6812010604719,6.843480800620121,0.44645609364931443,15.095392421922563,304.6589598228886,0.5101142004314312,0.4483766286097465,0.6804977429182899,1173.5860034799623,3409.0516105230595,162.48922527544056,36.096802366340825,0.5508373058210929,0.46774811571840036,0.608744556668052,0.8416914590918936,0.7039798742005425,0.5927778243733869,0.5985249264851316,0.6661272346404614,0.6469782313851231,0.2958735039655326,165.42979518232758,0.2086173434021434,0.5280242300847917,0.2844163877058233,20.638980722837747,0.6284040585674996,0.4068615254214535,2.722837174131592,59.83162136358387,5.764031663516936,9.692210359910128,0.5545554844752857,1.7491826378668625,1.1368390194066929,2.536032258026268,0.45402220036396396,0.3907287949287699,0.3641919562785256,20934.071219798123,90.1729760987014,government_led,0.420199143671166,0.34715438069494464,0.25284736168756566,0.46566264506501737,0.7967344552022433,0.07525540507719551
SHWB_079,Shanghai West Bund,Shanghai,Core,121.45530493203577,31.19120955022628,waterfront_core,1,2020,2018,0,industrial_waterfront,0.8233207294302535,327.740141591413,0.7325412993685051,0.6208580060198223,30.39325318012714,76.48881367254116,6.144511234945536,0.45836315447899556,20.918569187315182,360.0,0.5991758780492753,0.6676961171371024,0.9067259127630621,1800.0,4500.0,220.0,38.879180523492906,0.6382760304404314,0.39210320451515224,0.638619670040977,0.7541981073467551,0.7736166738565029,0.6580059958531531,0.8490376588151863,0.7976062387879791,0.774063048067624,0.5199056713997945,113.31175476995936,0.34817930090372096,0.6794639691782057,0.3214702629215027,25.49189676841253,0.6967404732216519,0.768218483123795,2.0267446154750437,92.14408115472321,3.9277152809636258,14.982466511879814,0.6986575932419495,2.6426298945706646,1.3073140090771966,1.897672047321735,0.6215105343723477,0.5458122047451557,0.15059184085469668,15095.652811324002,57.09116138135566,public_private_partnership,0.6910327364284806,0.2132549627559224,0.6688511518944105,0.7615595158301611,0.3973619983533654,0.3608907019894777
SHWB_080,Shanghai West Bund,Shanghai,Control Fringe,121.44567982264238,31.18531090476746,waterfront_core,0,2020,2018,0,industrial_waterfront,0.5452961185141187,489.68202009370293,0.7034603116030138,0.4633414759812199,31.8643465478915,85.56305692778795,6.56777178551212,0.6026278277669542,19.39129566865858,360.0,0.6573940843477423,0.3807664886580667,0.7184026613403558,1800.0,4500.0,220.0,42.0,0.687063161342886,0.5201226648877887,0.7559896769497563,0.7878595329338358,0.6439285270251935,0.6686689561463197,0.6776281884262374,0.6674962318266764,0.6068305603755588,0.6109605120933163,180.0,0.3615886673516731,0.7136445169319213,0.49708069673869726,27.653585441651693,0.45193360025442475,0.546565361662336,2.7603043287759785,50.27109702476054,6.822120687033773,9.30016101303916,1.0801348165300255,1.4864023436699936,0.7076514558762499,3.2453376239669707,0.33035616855963534,0.2903692962134704,0.2793225113748174,27557.629559945974,131.45216360633395,public_private_partnership,0.4798678890166212,0.41279247188323587,0.8071153573223581,0.4733486452304337,0.6610410024532718,0.24040494190786993
SHWB_081,Shanghai West Bund,Shanghai,Core,121.45701589228283,31.18835817153906,waterfront_core,1,2020,2018,0,industrial_waterfront,0.3097971134714296,562.8901253824774,0.7577367737770015,0.5285362166715927,30.326557620538175,64.16347645330453,9.0901321087333,0.5343238471179862,17.554430809131418,360.0,0.6602495935523587,0.32447267116860357,0.7444310545251549,1800.0,4500.0,220.0,42.0,0.6661430890151291,0.684062997272234,0.8097159502327794,0.8115554771255089,0.7402109402639401,0.592760577363759,0.7211738524365082,0.6776636892324622,0.6708407209501603,0.5949037540424441,180.0,0.4299209017118942,0.6706784401037187,0.4394591612343302,18.858589074451857,0.5664279068179092,0.584232713689018,3.40171701675776,54.38811560481659,3.682653744598272,7.961942870292887,1.5474357795366025,1.2918008858943166,0.8814934428279176,1.7214718908680093,0.5899566525442133,0.1271205999509844,0.23944317112669802,25852.651815276135,181.84617576554172,government_led,0.27676511460618924,0.5086117422306986,0.3924226957762542,0.6683210769551338,0.7371353244127734,0.4021919861682434
SHWB_082,Shanghai West Bund,Shanghai,Core,121.45784619366468,31.194318018283376,waterfront_core,1,2020,2018,0,industrial_waterfront,0.5677835674701035,525.921285926388,0.9206844990642133,0.6104253213162493,28.427076314584227,65.39080170006409,6.986315565193461,0.5993752875568588,33.10907949368212,360.0,0.8707948817123596,0.25972335384497336,0.9407848208136738,1800.0,4500.0,220.0,42.0,0.8052922823699096,0.5922268665699643,0.8165122349343407,1.0,0.6989073228589764,0.7228639020260998,0.8309946914232765,0.7712815162998053,0.7723697571674939,0.5354213563198964,180.0,0.5463556504734997,0.5617154390611532,0.575152567781954,15.308977962489466,0.4213010424178957,0.7133604405162535,2.7599774530422243,61.71837510839162,4.551629389741784,8.357198098369917,0.09309857600698496,1.494717763172227,1.1788676646889928,1.9773513257674837,0.5031568470530363,0.0,0.3709849235016669,25510.34472644722,108.7848796053739,government_led,0.28141470753711467,0.3734348128018148,0.4184861792150017,0.5773904920266518,0.8271027311024974,0.49271264756800737
SHWB_083,Shanghai West Bund,Shanghai,Core,121.45812501949062,31.17075424002122,industrial_reuse_area,1,2020,2018,0,industrial_waterfront,0.9444039942123624,392.411707114108,0.7526345005217817,0.5526093459009411,28.76883484315742,39.194232484302525,7.941290994996162,0.6754980233802963,21.496617613082332,257.9768853024582,0.7274844353628043,0.5338474010317364,0.882527889764873,1399.08747130172,4076.47318511056,122.57023118274999,42.0,0.7611383259607497,0.6367472814922214,0.5898388600495293,1.0,0.7206959662160517,0.8078556963440349,0.8910631367922249,0.7602660584173495,0.7860891093213893,0.5197500480198625,180.0,0.40660016204133637,0.4986798706329626,0.44123499007347566,23.800354913703554,0.6186001861379335,0.6541179116512057,2.7968069281781025,69.3562431405679,2.910490457277054,12.470449144086652,0.09824599672657819,2.2216497086742137,0.73210539299569,1.1540407710696676,0.6286803024084291,0.4525186171648415,0.299866689565827,22196.09740554951,144.51350387085745,public_private_partnership,0.5429509238413237,0.4235447517820483,0.06253700597440875,0.7201438405659235,0.6307053387101192,0.1273555683822939
SHWB_084,Shanghai West Bund,Shanghai,Control Fringe,121.4469008249246,31.186120422901737,waterfront_core,0,2020,2018,0,industrial_waterfront,0.22768852600534334,582.3536634461937,0.6840358483434879,0.6473691318403094,27.67246247562166,61.907813924984026,9.402388341290935,0.6766889739195682,10.258571218776076,360.0,0.8597113328063929,0.4515128947102719,0.923065737277482,1800.0,4500.0,211.8352085531677,42.0,0.7216670142662489,0.6818152919529106,0.8237417023633542,0.7059128718497172,0.9355025601207182,0.801893030778455,0.8625889465606298,0.7262790590675694,0.7850935788678316,0.5748918324014402,180.0,0.4867253865973237,0.7588601436133603,0.4951303641512227,25.655979513153827,0.5569245305749657,0.6403419256263707,3.074258476970882,49.06622504034727,4.59433745283308,7.1605719183387535,1.7218472183074733,0.8987719114533548,0.5868228130478962,1.1203365529319242,0.7065140420815165,0.10975107458939376,0.06813725758691583,21464.195158785253,109.20511345263697,public_private_partnership,0.42368206718206913,0.3684767370427872,0.47416863892078637,0.8084161968146689,0.3103965109088901,0.17895855050609108
SHWB_085,Shanghai West Bund,Shanghai,Control Fringe,121.45365378643974,31.17685464732415,waterfront_core,0,2020,2018,0,industrial_waterfront,0.6190039360467807,420.01850863679033,0.5895160594148546,0.5014051807670544,29.428637362831545,48.54368700277541,5.970440628872424,0.5296761189460577,14.329779171339394,334.05382892358307,0.6889001726322167,0.3672514921238379,0.8183391139651831,1800.0,4500.0,199.02879693397472,42.0,0.5836055635087968,0.46534207191380067,0.7153345088114227,0.7788354291753791,0.7009072469136752,0.6832234762199807,0.6702517234542422,0.5217883002116102,0.6639040902471793,0.47017922229388043,148.89243862198026,0.3503455264742854,0.5862343981662467,0.24226300277877963,21.79229096299654,0.4592600109148681,0.605099082433029,2.196867444695677,41.56472112458999,5.748501332825072,11.674432394571504,1.7355257925619803,2.00179969785729,0.7601838016608436,1.6755957745059185,0.5670302033353973,0.10910674485478013,0.1613915951465999,17665.579890810815,78.42725713107616,public_private_partnership,0.3546618941221028,0.29465443462623814,0.4753912599093356,0.5650069794671068,0.6748147835685269,0.47937913919521785
SHWB_086,Shanghai West Bund,Shanghai,Core,121.4576385465293,31.20467069931657,cultural_core,1,2020,2018,0,industrial_waterfront,0.20157235187632203,360.040553376697,0.7322990338938667,0.5766594639834486,28.78260488930326,25.403054466728427,6.925342539329651,0.5059790599421056,26.939515848948272,275.08185473868326,0.7048226548930421,0.2649056480874233,0.7675702844613461,1739.5154107053752,4207.868665560432,156.97489752412713,42.0,0.6528238092148392,0.45559522570871297,0.6496119866497749,0.7098062574442123,0.68247477677777,0.7468491237443233,0.6466594566949525,0.5979651378364191,0.643011856462105,0.51200248324618,130.3241230509407,0.41143874153051274,0.396693111285257,0.44541787965366453,14.09337244258655,0.49434219295568865,0.44176848410437053,1.7139643244824576,46.45030571134856,3.5138678788718867,12.887898745793164,0.9448758842145492,1.9966288815402946,1.3136286046394485,1.4246623592307437,0.6742088334684748,0.0,0.0,13213.801842703848,89.58344224963963,government_led,0.29727915390976356,0.2793038132212284,0.22415292951882734,0.6716130947269116,0.7391585725811257,0.15668931455600552
SHWB_087,Shanghai West Bund,Shanghai,Core,121.44839240097677,31.182844851767054,industrial_reuse_area,1,2020,2018,0,industrial_waterfront,0.42851821583971006,650.0,0.7597436431500875,0.5056048012235097,30.6618314496417,89.85615804463166,9.235918359807126,0.48966119424415966,30.984202547757036,360.0,0.7702575443146817,0.35604406721805865,0.7347307022061911,1800.0,4500.0,220.0,42.0,0.7518828445140645,0.6871536600395145,0.8486704874024058,0.7150285513793813,0.8343300113672769,0.7731357681955877,0.7089166422371792,0.8047659506882385,0.6309612884610714,0.7227533734218159,180.0,0.2870614131606759,0.8212329316077227,0.3038558852321698,22.976918811747677,0.5334823069938764,0.7330808676316719,4.045780833002446,38.3229652237296,6.361950935768291,9.358725848122445,2.2824400057654946,1.3783751450358896,0.5683362731625893,2.4242456526658374,0.47412685070194827,0.08856752732231685,0.17659624052693365,20799.383958636503,122.75337746785607,public_private_partnership,0.37968928964943405,0.29463725279037234,0.7329098591549607,0.5372644120089534,0.708660463843777,0.23647039605108078
SHWB_088,Shanghai West Bund,Shanghai,Control Fringe,121.46430061804317,31.18808784496495,industrial_reuse_area,0,2020,2018,0,industrial_waterfront,0.550482929223959,408.1453144625589,0.7399672783561434,0.5938061116645255,29.891971077820738,56.013538020998695,5.052468575940273,0.5887699331398717,31.780150670452052,246.7572423317531,0.9374439180023851,0.3100113733271043,0.7147797194904106,1800.0,4500.0,132.07591012207715,42.0,0.8161945158507402,0.6075300923377182,0.7231486781012633,0.7569374674246114,0.8498023510046299,0.753346987538529,0.7542428925668048,0.68813438963444,0.6735983230399941,0.3923193456600659,140.7719144110426,0.37000417704816124,0.4369501069251395,0.45509091060264856,18.509723007757753,0.48086755341412313,0.5510290077412554,1.7894837921325415,82.65360841313763,4.45660115342811,11.00747896112173,1.7745556109030078,2.0857085703171614,1.5048670294048068,2.6484077036896903,0.5331962567050088,0.10982338968424972,0.0,15726.785053873735,17.63055377789949,public_private_partnership,0.11052370186594643,0.0,0.40098235227402845,0.5519886089718519,0.6096606086856787,0.13981260023560393
SHWB_089,Shanghai West Bund,Shanghai,Core,121.47752404978907,31.18712650109044,waterfront_core,1,2020,2018,0,industrial_waterfront,0.558518016866785,305.8777903223974,0.7492646144645192,0.5731745365644538,30.459136223232406,68.32359901880145,5.674421465520652,0.3717290646814616,23.01577637117127,360.0,0.8582017099188456,0.5206302435581667,0.6937396974793425,1800.0,4500.0,220.0,42.0,0.5094144026964165,0.5572845450340173,0.7213520824448646,0.9080008511022422,0.7005392006985752,0.6692448987988259,0.8706996910904238,0.743610655517441,0.659475483213948,0.5927126834374885,118.50802381679648,0.4884701765289584,0.6376961963229889,0.32830069711654725,21.960371192033932,0.4496456446031006,0.6859834330343126,1.7729725147182231,69.55488217788036,6.804311495949841,10.12484927024319,0.28242416700293826,2.754462591504403,1.390353690005731,2.835810318476668,0.40631681372382833,0.2992198713829331,0.15876142250891548,7833.076882269252,54.2275489829511,government_led,0.618717656720549,0.2495726821409126,0.6195043644401715,0.38223839296862067,0.45330214357200316,0.1101451361233123
SHWB_090,Shanghai West Bund,Shanghai,Control Fringe,121.47349985926857,31.185592622982934,cultural_core,0,2020,2018,0,industrial_waterfront,0.35939381062832787,650.0,0.7480923159431403,0.542170797300112,28.484561725444138,67.2055879289561,10.129491686661853,0.566957798708753,25.66702558828096,317.9089521432748,0.8340197300192288,0.6022414350639066,0.909680957222956,1758.2577394757814,3815.5390494719672,198.74689636485436,42.0,0.8828137225597744,0.723378382915052,0.8643800308596187,0.9545934454476466,0.7381650763112325,0.8204509410583414,0.796981008359878,0.9495853374764852,0.49313244450577454,0.9168445948927971,180.0,0.41734910278040815,0.6291846330579215,0.5190963287549923,30.810167437715332,0.5808363253299156,0.8867737509539372,4.396359258719533,22.726305141556338,6.114506279167256,4.837247546465836,0.05,1.2208802132156416,0.5348081983869992,2.9142090823170386,0.2815364016758674,0.2916408939257151,0.038627066072454294,26585.919853284347,54.214281155450145,government_led,0.534324871853292,0.2898371916866137,0.38032371479195176,0.256642001708394,0.4963213940234404,0.13217936210684503
SHWB_091,Shanghai West Bund,Shanghai,Core,121.45765249498814,31.184055968970767,waterfront_core,1,2020,2018,0,industrial_waterfront,0.17817670953835482,554.9075274592863,0.6224355501786548,0.5568945698651602,30.6577727220121,38.55391276933514,5.771331303709344,0.5239020369329522,31.151238837681454,188.07626338834632,0.7401743776107864,0.4818966424923406,0.6442278353179256,1538.7544401682699,3233.3064110287046,94.40428272337468,42.0,0.678889916086566,0.5549346917482958,0.6790150595433921,0.7144850429159911,0.7265482563081164,0.4845067406121274,0.690889847898224,0.7440587412062334,0.4009341441320079,0.4620044999901571,180.0,0.3811313288898813,0.42363513077700005,0.38746895577752594,14.766465295069573,0.5850922993596944,0.6074855061380953,3.0569760179335166,48.22649416053756,6.980033783054615,10.266313373862186,1.5444500897868805,1.1746394523085968,1.1059929723237045,2.9745624066285763,0.37363769105848926,0.0,0.05069889029882057,22444.320776718665,16.841786717480602,public_private_partnership,0.4945053609104214,0.16918661604885055,0.1952339658425656,0.34115773692218043,0.6029266559398072,0.2820017479624145
SHWB_092,Shanghai West Bund,Shanghai,Control Fringe,121.45486585886498,31.17892100866503,waterfront_core,0,2020,2018,0,industrial_waterfront,0.6090099647046798,376.037705195228,0.6649994767593429,0.45295292774042173,30.842980134697267,60.55836313221227,6.0656390942442595,0.6227239626070489,32.175962202658994,360.0,0.6696116864536427,0.12600359474469225,0.5602001802067952,1444.6108683676168,3272.631485963945,220.0,42.0,0.6946708985469567,0.6164740186146489,0.7328819738125804,1.0,0.645298993414921,0.7798024197850352,0.7178338050334275,0.6412490822966831,0.5237273118433092,0.7470461728427821,180.0,0.5243669381543146,0.659583309136269,0.5931073818778944,4.6646214641858155,0.2612968128597161,0.4855452676396268,2.3283791326442085,64.95328001727034,8.94115771395509,10.585428224652878,0.05,1.8371714235763588,1.5172705057112574,4.6,0.1294616707928976,0.04749728039764188,0.3943888653584564,15174.579596102902,160.81369830253374,public_private_partnership,0.1234815027816066,0.5499561755975778,0.4492161294760104,0.1658145986229272,0.5935075847977972,0.3776133827204017
SHWB_093,Shanghai West Bund,Shanghai,Core,121.4401868356484,31.172192146055046,waterfront_core,1,2020,2018,0,industrial_waterfront,0.8395286203314141,503.9100441791964,0.7299762841903001,0.5908478352984233,29.884166022950094,36.524995965236585,7.154991841254959,0.4692253023115418,25.611005715611967,287.25414124631357,0.7210257131357527,0.2775883199792337,0.9202069331382253,1621.202824868665,2848.7566908117815,131.4306863004294,42.0,0.6496811816946191,0.48023335912022747,0.639398966503293,0.9821291967543305,0.6800142708531675,0.7485321086020589,0.7602643249473113,0.553365878537401,0.6148032013598671,0.49709969826496675,175.8223209019065,0.45624504236706975,0.5571512184811568,0.3474791134166144,14.989118706154319,0.38698507498676643,0.5857187538072823,2.168399634699102,52.79561566707451,6.2257250717048835,10.317505758741564,0.28149100493534057,1.9592554379791605,0.7129061279224256,3.0028262610079555,0.30215020301419204,0.34869261675803087,0.2729584611144914,20472.173868113645,31.152777023307515,government_led,0.2511787030162879,0.2525076946592264,0.27410868168176716,0.3280484323506202,0.5052972198445282,0.09315542647623763
SHWB_094,Shanghai West Bund,Shanghai,Control Fringe,121.45269910561493,31.17307313151482,waterfront_core,0,2020,2018,0,industrial_waterfront,0.7323800743418696,422.17421126496833,0.5680206411818365,0.5519700300333356,30.90046892897786,43.22727257962103,6.533660222734055,0.5540991380259203,23.34550106503517,255.66229821907828,0.7643968959001641,0.20827969247681133,0.7034876883839707,1690.29208567615,4161.091968566156,163.73166240770226,42.0,0.71530944918064,0.5844339726420819,0.7138286662922267,0.6798477941317722,0.62117706996791,0.6295616239101747,0.7597888325940839,0.5797906932753168,0.5304439144692903,0.585763085320903,180.0,0.3920484828633938,0.5523089160351844,0.2641360381194913,10.10136558232603,0.43380740334575296,0.3896350607955418,2.89577912161005,47.189793444177354,6.154317023176768,10.067859392804355,1.795091114759499,1.5678198938564172,0.7118247411953103,3.1600977710191347,0.4255674227909505,0.07861566676237976,0.2407216608238771,25844.544583249277,69.594661859612,government_led,0.1861767777879364,0.3112694761691985,0.3409550331128624,0.5349506122683931,0.6454503891612727,0.2821604935023958
SHWB_095,Shanghai West Bund,Shanghai,Core,121.4790269438696,31.179438528769,waterfront_core,1,2020,2018,0,industrial_waterfront,0.7693703262667945,172.60682811973575,0.5803211151270374,0.30868034124943744,31.044516660103614,62.50658397524208,3.084380903036423,0.396443712157764,25.599320499714572,360.0,0.6746144457830027,0.3440418312202356,0.6141885359056363,1639.830591088263,4219.283720199212,220.0,30.64288639669762,0.5535408087381899,0.45057078325412836,0.5070471524376933,0.6963554157089976,0.5714476219175231,0.6436505490868,0.5350727225891687,0.5391802386911357,0.31399055244056245,0.6838159693966899,142.06998571996593,0.26776042376265247,0.6930972381749978,0.2839887319172446,18.637127271272576,0.5171303676038435,0.4277930216321469,1.4101352952884036,82.5527896039444,6.0374746978330895,15.03068010111349,2.6662247601078732,2.6952843874514247,1.8,2.1518494635205654,0.3828149844272661,0.3666078221665003,0.4649628981049271,6056.400786389626,155.9116732770676,public_private_partnership,0.3905733944753013,0.48762238687113424,0.5810932214519692,0.273068499674362,0.5741076664522287,0.3275348258130679
SHWB_096,Shanghai West Bund,Shanghai,Control Fringe,121.46597351081464,31.189461672084075,cultural_core,0,2020,2018,0,industrial_waterfront,0.43895694638414257,479.13004372835417,0.5797560593990536,0.4116242909486906,30.02950010047574,56.330915498548045,7.589894058914811,0.5748623522866366,27.09139622992836,360.0,0.565167865930893,0.13818084614189446,0.6743703828053658,1800.0,4500.0,181.81657428831022,42.0,0.5132749101595707,0.6275454469074015,0.6972466122684793,0.863193061990308,0.6667751733304056,0.6671412904091649,0.5524892470290633,0.364280599431983,0.505365877007481,0.37823372984493153,176.2322484271563,0.3752324182119355,0.4359150510781228,0.5755965612995473,2.9887504770511684,0.33725193996419534,0.5265057329434307,2.652570404909935,42.85271267743801,6.405046807507396,10.453419775411673,0.5089790180211243,1.5267467947042455,0.8138313981849549,3.102754061517532,0.4860224712796083,0.10901171352274461,0.04726498513243452,21667.067919643807,131.9832366705895,public_private_partnership,0.05548653614976995,0.4394482110705532,0.4689906423512633,0.5875215368269431,0.7434073495986617,0.36766788859140664
SHWB_097,Shanghai West Bund,Shanghai,Control Fringe,121.44649544560205,31.185295623424622,residential_edge,0,2020,2018,0,industrial_waterfront,0.6445573427067705,538.5603190537538,0.7031095303127267,0.6132640706875114,27.975740716916068,87.6804899092287,6.943750229100131,0.49096848255061776,32.731524474143676,360.0,0.8696250275723159,0.5005576444954967,1.0,1800.0,4500.0,220.0,42.0,0.5874401691285932,0.6172866878126885,0.7645286379654358,0.6920351868352344,0.9789632246815131,0.8657440420207357,0.8143637419165245,0.8571119337218772,0.7737992388339514,0.6580519817927345,155.46485150315178,0.2960828761384902,0.8019843497381047,0.47689766942004375,25.491171507479052,0.5977944678244068,0.5085258825294201,3.344650944683698,54.82122271763636,2.3992506822263984,11.99908422855297,1.6991768143684776,1.8828334257598696,0.8704223247882613,0.8416392849191482,0.832097460763004,0.4922511038086847,0.20334246674983697,21434.985736216528,68.11775561137425,government_led,0.6162935442536681,0.2184798855270455,0.8339468970982179,0.894648844633426,0.5592247620932538,0.18425801892982566
SHWB_098,Shanghai West Bund,Shanghai,Core,121.43990841669297,31.193983227751808,waterfront_core,1,2020,2018,0,industrial_waterfront,0.6031258269324506,616.0047888618064,0.8643286629238687,0.6519880823428476,26.78422628380286,56.09583836308664,11.474723211720283,0.8296349863894498,24.227234136205148,360.0,0.7212638355647132,0.5368620833971123,1.0,1800.0,4500.0,220.0,42.0,0.7966714812376355,0.6822457095884172,0.8241903846611941,0.9112712593538173,1.0,0.9395577141847864,0.8450469333829631,0.8754150485294425,0.7480079549239641,0.6414379578879131,180.0,0.3172209469272199,0.5652263552578637,0.35276714975518425,25.077026689761713,0.6630049877179374,0.7871698364682268,3.751351894572153,48.417278144062294,3.7973433666485588,2.963244002460164,1.080203822332431,0.8054680296828284,0.6205395777018696,0.6260101405269676,0.7845522093943054,0.32520962003452053,0.0550878195278785,26168.87321173631,100.46912720940844,public_private_partnership,0.6723889686834066,0.31344290047644413,0.4604255929892099,0.8331708698818361,0.5517780825901044,0.27481133168600064
SHWB_099,Shanghai West Bund,Shanghai,Core,121.44075470831844,31.19399615404271,waterfront_core,1,2020,2018,0,industrial_waterfront,0.5430300667689709,446.2008467815799,0.966076070437639,0.7388216566509723,26.02338532244785,90.0,6.530531377691044,0.4665979157085843,29.73638188834487,360.0,0.8353898136494633,0.19799872603389138,0.9166880707175877,1800.0,4500.0,220.0,40.31760101734494,0.7131670114608939,0.5877752412739152,0.7404565751299919,0.8901077606283083,0.9372000713357979,0.9237487490447064,0.9132877734237563,0.5869770100861732,0.8577366828347652,0.8524043354394824,180.0,0.43635689592453025,0.7616643476402467,0.5631433289868172,13.020593350516087,0.3698494672443946,0.6775344005833644,1.893106806261386,69.55368652939399,3.0939895559327764,10.658408494731143,1.001236894431238,1.8768785700368182,0.8032093674059271,1.0197558993610611,0.7745718113193131,0.08597797394499895,0.13174370908590516,22804.559281970338,103.23217854824277,government_led,0.2869032372393847,0.3844479489893949,0.6642152258173697,0.7491758486044163,0.7082960176546118,0.3036502502784269
SHWB_100,Shanghai West Bund,Shanghai,Core,121.43675737468119,31.189195323169265,waterfront_core,1,2020,2018,0,industrial_waterfront,0.6862200243842258,500.00429738197715,0.6937740575986721,0.5417713468146179,28.105488100413282,51.12911269508448,4.919712442607064,0.5104725808734502,23.803837056161857,241.4955063548447,0.7918767865947252,0.40776702394176423,0.6546498202117261,1641.0741109873782,4051.8038631677528,182.12999144559475,42.0,0.7740129046518643,0.5442107774115572,0.7105765139236484,0.7082245593853375,0.7295144817187696,0.6503238160697338,0.7716660806418961,0.658791779366696,0.6685169428383972,0.401433463144405,156.2527381493963,0.33877652948433196,0.5220606217903456,0.3362593590751244,17.607269774441836,0.4615992908670824,0.7423308544829976,2.8543395088965156,62.82856571728379,5.7761240751917295,10.86078942597093,0.5774105260237982,1.4121840554503735,1.0946176028030832,3.209466103555837,0.33873272850508307,0.2689808384269,0.3188331776130255,16140.737703642837,175.07526411830736,government_led,0.433120486686178,0.29628875634348834,0.31291635169045967,0.2711022791573275,0.6725882534951689,0.07797085304516065
SHWB_101,Shanghai West Bund,Shanghai,Core,121.44800465477799,31.17126234404477,residential_edge,1,2020,2018,0,industrial_waterfront,0.42848454705902006,481.6591566381457,0.4917741616467753,0.45381080399819396,30.816821330993964,84.36073103365432,6.509762335009973,0.6394604568547398,14.033817211671398,360.0,0.6953439855073607,0.417205516506085,0.6333310612276726,1800.0,4500.0,220.0,32.18270182318503,0.7643508394591685,0.7038450410703558,0.7251472417642482,0.9209761906456689,0.6901819504447171,0.6438129074399951,0.695335835330307,0.6137014157869677,0.4141584553690259,0.613640390310702,180.0,0.35709718282032654,0.7134806944132298,0.548597733065931,22.8426835684681,0.4633390697423838,0.6142400541557735,2.3644430211675784,45.08693640063622,8.455362906681323,10.086328322634689,0.6098845775265829,1.6053557148018762,0.9022797690100869,4.049594817887781,0.15060490464796156,0.13583015114233615,0.16387299531674435,18153.432320968444,140.32494476338715,government_led,0.3381710427557976,0.5114552848689763,0.756493689536537,0.1755468376580259,0.8408864323435103,0.10370158572831155
SHWB_102,Shanghai West Bund,Shanghai,Core,121.44407473101055,31.182118439751093,cultural_core,1,2020,2018,0,industrial_waterfront,0.7978205142420064,332.98656848497603,0.6204042042205159,0.5569305261321946,30.087412426852342,57.362018879018464,5.207742417660876,0.45650626907007197,14.075097609293632,181.56843122930914,0.7104462070084235,0.22959895664592875,0.6361289254807445,1800.0,4424.344155237098,135.8725091848196,39.69285922085848,0.5766028190025505,0.41696897200344996,0.542762286401473,0.7626020478410475,0.5700113920030975,0.7094071487043165,0.7759265512948472,0.5291252352480992,0.4344002634311196,0.37966433903984603,100.32932497159773,0.33200565690348827,0.4520544657391924,0.22385356866000167,8.324842241965607,0.3614917415800383,0.44756364771378826,2.293008761445165,63.00454812336764,4.769711945050686,11.884079311347149,0.9763192561414636,2.4542846054063245,1.008216557372865,2.464608076269699,0.4798467472048166,0.14455110025392626,0.02545214946174973,10635.58214254603,20.742681392738945,government_led,0.15323594843492527,0.0,0.4068501213779133,0.5208139299378132,0.7340750722833542,0.5111959367502052
SHWB_103,Shanghai West Bund,Shanghai,Core,121.45182563107076,31.173747675865048,waterfront_core,1,2020,2018,0,industrial_waterfront,0.5987732712251894,607.483421210988,0.9495770068869166,0.7567728701693032,26.44101599270919,68.59470315032343,7.784968178711161,0.6376289884713502,11.433090905211778,350.64239400495666,1.0,0.40141555208090607,1.0,1800.0,4500.0,220.0,42.0,0.7588091915361621,0.7018027463571184,0.7657029936482243,0.9167175543647118,1.0,0.8385506629951647,0.9419276605238704,0.7639630060115215,0.8806014340184894,0.8273409292973594,180.0,0.5336347531611654,0.6864216092777474,0.4765241488592732,18.57578379347709,0.5216370003377349,0.8429411004745484,2.7803695593377835,41.92315282563675,2.9045090478498494,6.566288401429806,1.3706098253568595,0.9796107435130409,0.6162934832859478,0.4056423064027259,0.8407070534030094,0.15283665911897965,0.152351961083473,23670.74309720221,72.75479052877802,government_led,0.2956294314246046,0.37472145531422385,0.3759563204906744,0.7748182945544279,0.35208155207412,0.2517764810742654
SHWB_104,Shanghai West Bund,Shanghai,Core,121.44534688472596,31.184859347304215,cultural_core,1,2020,2018,0,industrial_waterfront,0.6324848181607258,588.1595149675001,0.8875941989487564,0.7129046713676577,26.69067836531412,35.30598353405956,8.724428821474739,0.7169438673010329,28.351300790792926,360.0,0.8664494768844475,0.37404275194732856,0.8417844875985825,1800.0,4500.0,205.68253899825487,42.0,0.6876549034312069,0.7657137858989035,0.7523880382383256,0.9397358248294435,1.0,0.8220493628641684,0.8508034535158754,0.823399486952144,0.7498188316759464,0.5887076973114956,180.0,0.360487755776294,0.5337152876912831,0.3785656440242632,17.768246206902692,0.5297134300781394,0.7491121130593024,3.5560934461944536,42.219818028157924,4.206588063828471,8.713143314684116,0.7031391214511181,0.8704668542674966,0.5587733469464669,0.9181087304186879,0.8419065754361845,0.27886495842673265,0.3639252517758849,25652.26543290594,173.13523488355636,government_led,0.4618727978449042,0.5005086950739794,0.3109897717342729,0.7813823075672806,0.26900180170936644,0.17131964112258644
SHWB_105,Shanghai West Bund,Shanghai,Control Fringe,121.44687111517253,31.189634879075218,waterfront_core,0,2020,2018,0,industrial_waterfront,0.8549904689609108,481.00009192991314,0.627759820851939,0.5461510721036427,29.98819622053722,33.206029421722086,9.777938401692994,0.37829899889055507,25.592088753974394,309.5326801849661,0.5308601930599195,0.39746163232751947,0.7461531201875853,1429.5302134214571,3666.0070538843106,220.0,42.0,0.733129322223143,0.6125595882215097,0.7494155328346055,0.6526078933400448,0.7236900714901792,0.7489632447249323,0.7669592122284957,0.519476554815304,0.6555949019836033,0.4534981808338103,180.0,0.40458803218720074,0.45398894138335616,0.43709891504587817,20.26674273239337,0.5936406278277365,0.589153702725667,3.5911288080673014,50.04840334468332,5.183883370788723,6.656551679412393,0.9997372833794219,1.0795076477337557,0.8594191948059382,1.9725024162557983,0.5288103842474412,0.29313675763291724,0.3460475557878901,25406.167038513668,139.7983078518192,government_led,0.28226206134323606,0.4349856468558353,0.21749842346590048,0.6120117253706521,0.5736812922576058,0.21229673334018687
SHWB_106,Shanghai West Bund,Shanghai,Core,121.45678903199587,31.165328085041494,waterfront_core,1,2020,2018,0,industrial_waterfront,0.44740130149021445,355.0682334421379,0.8950178261250213,0.6625972938305348,26.045721254001773,70.75012669751214,4.719973277452032,0.5329587618567952,29.458705883582873,360.0,0.8027920697282549,0.36782780517035635,0.8331193762477092,1800.0,4500.0,220.0,42.0,0.5839118509263408,0.605013528860257,0.538238179681163,0.9096588140425916,0.8013275637903187,0.8723222065993987,0.8840521668417752,0.720397461738035,0.6399919205473098,0.6538111528451924,180.0,0.6175212370194648,0.8303941184302269,0.6054416587345332,13.693864408918534,0.43991635944942425,0.5817066871919974,2.1494366351265692,71.01485477985241,2.5214170671854115,13.175087062048942,0.05,2.121591251110831,1.4754366505730685,0.27637863804874063,0.7895061623495521,0.1888271632779725,0.35628075688629246,7079.188103633587,235.7048318770781,government_led,0.46567757446077884,0.7120781490570416,0.5685666817526361,0.8283606067745827,0.5136867888912219,0.05337100017462213
SHWB_107,Shanghai West Bund,Shanghai,Core,121.45794757347956,31.191894585584684,industrial_reuse_area,1,2020,2018,0,industrial_waterfront,0.37888441961399016,492.2209450411101,0.9107460676301585,0.6843187239562651,30.003212163474927,53.622769891832725,5.995532618752791,0.3083770462177443,21.75822503970188,339.32663222969484,0.8050932397870593,0.5562592657548857,0.7597791753999158,1800.0,4500.0,171.10539746121938,39.20084467063701,0.7528013768609738,0.35624237667670167,0.7439619534976952,0.7107732018872638,0.8133101649294235,0.7289103385016981,0.9256042811049736,0.7629668799382028,0.7292719190797935,0.5197693292822725,174.0365749677332,0.5433009389003169,0.6514638121117385,0.5090364502268249,22.825709421451535,0.5124995013509546,0.7143237376528503,2.984688760226069,52.369702964595014,4.012037925967949,12.205144656816259,1.5309480024065754,2.7784255401186955,0.9326788651758553,1.412961620881128,0.692645932646688,0.22393011529503032,0.09338757813125995,21627.11448393954,110.66350062337723,public_private_partnership,0.5830619139323184,0.24355695060435525,0.3770477186470211,0.48983225228967175,0.787491603499267,0.16801899130784648
SHWB_108,Shanghai West Bund,Shanghai,Control Fringe,121.45213610816413,31.182022321194033,waterfront_core,0,2020,2018,0,industrial_waterfront,0.6500159515563443,356.78541959824366,0.5884297886515731,0.49556824843958747,30.65881343673757,53.41538177076124,6.507109661202026,0.5122577085106361,18.00211859653432,358.40159599281293,0.5098442621204541,0.31189733532000885,0.6506412625584584,1800.0,4500.0,220.0,38.714549347567825,0.645711602358536,0.47297150752007533,0.569776270899867,0.7871043293996279,0.5285241025140353,0.6168468666900971,0.6613445811256351,0.6279178807319764,0.6456138684300191,0.4442453188675914,163.30377443347794,0.36144760025778255,0.6050745831145949,0.2765873964531514,16.045490272630403,0.45724078287137665,0.6113917835166837,2.584206559329351,52.16225410421867,7.000496944305994,9.520735327390486,1.1527700160460141,1.6461510603583827,0.8370045167627744,2.4310897980272492,0.476060559072969,0.09954845317601596,0.2823276926844464,15175.293905287028,100.16694215511058,government_led,0.42085103976657084,0.39237672462856676,0.48703458377085146,0.49108895532405267,0.7326708030020916,0.38398417362452764
SHWB_109,Shanghai West Bund,Shanghai,Control Fringe,121.47198468279129,31.177801238102962,residential_edge,0,2020,2018,0,industrial_waterfront,0.4765846009196344,322.83734580324574,0.865929455997209,0.5845280223238611,27.449333211081473,64.94619842115516,6.617277829248971,0.4595464225828616,25.391941670006812,334.3400979001461,0.828374753399533,0.33736569848413167,0.8282671055599355,1800.0,4500.0,200.5466215315184,42.0,0.6246010023602953,0.4563560481602053,0.5672829260570817,0.7092073375402389,0.7204708426111137,0.5954572464157384,0.7205822905349101,0.6055117230634953,0.6980067549885086,0.36585128627457486,132.09410953021543,0.019523048151403627,0.5764380554344802,0.30229212282353374,17.801279983820248,0.4888571664193362,0.4832713830740368,2.1356765187172666,67.26991338910369,3.471910235548003,12.665274532248558,1.200021654794407,2.225607662604322,1.4212130920196315,0.5939914799424093,0.822744598479123,0.1376119282604877,0.14263569984160585,13712.62813113077,10.0,government_led,0.26357130962048403,0.1457933361598763,0.5735010810693502,0.7812059909038674,0.706065126953558,0.19030731211222515
SHWB_110,Shanghai West Bund,Shanghai,Core,121.47155552471183,31.16269374760004,industrial_reuse_area,1,2020,2018,0,industrial_waterfront,0.41793850360465673,320.57701134115996,0.44719346605152144,0.46154107868687044,31.707147433854228,46.97392691289496,7.087813590006849,0.5302863361461146,13.108122959811384,310.69295910467895,0.6190765129100103,0.38185217503415625,0.6629371064302636,1086.0243196860897,2988.3878102648414,173.2959814453279,30.42783358139556,0.48121552680404966,0.5052230563599273,0.5795310764127064,0.6862415039865258,0.5520246163818981,0.576050848685839,0.505764926188056,0.5819706748699096,0.44017321165590034,0.47588144783838254,154.28208360628298,0.28566208059031045,0.5490694176457298,0.2873727263810004,20.6643715548076,0.4303680325444094,0.5722000027069871,2.2469521533355508,58.22667197988211,8.18909255031851,11.814614132881484,1.941395425894353,2.5257668400196023,1.2591251476101397,3.39244722473936,0.23353520594398042,0.1734980182209768,0.21672136108949375,14593.888678894667,134.4584116013589,government_led,0.3349407204242278,0.37169429221767475,0.32345176645889656,0.2980976160651581,0.7651668260975114,0.2626267989400032
SHWB_111,Shanghai West Bund,Shanghai,Core,121.4554718073062,31.173792078197234,industrial_reuse_area,1,2020,2018,0,industrial_waterfront,0.5160714951872014,360.52696906632343,0.6785441569047205,0.6229930569282782,27.837378076827424,59.291927036586344,4.489543639912552,0.4755301001674731,22.327667689014763,267.0998825011934,0.8029028973846266,0.23645639282986586,0.8392437131298273,1800.0,4500.0,145.1300383271145,32.918936195216965,0.6595094235722454,0.4448937231521157,0.5095686016934069,0.4970984744233643,0.9391947902391437,0.8328713354356698,0.8260468048001374,0.5646212278650694,0.6949036264416683,0.479391041511446,126.78613469492461,0.4419951138695555,0.6587845430405024,0.2972082968481237,10.601813363425928,0.43409815185202605,0.44105834052099196,1.4422215497533806,74.91947966784241,1.5,15.64329125184921,3.012309568466378,2.5531981240834716,1.1107064276389211,0.786868243227724,0.8755717724590023,0.09619148382071857,0.16569021177241067,8299.46340928777,72.04408737023269,government_led,0.2770491321357856,0.27246766011865825,0.3266227073935859,0.8000757957144657,0.39979119058842094,0.0666948374860077
SHWB_112,Shanghai West Bund,Shanghai,Core,121.46737027892323,31.167921378522326,waterfront_core,1,2020,2018,0,industrial_waterfront,0.5118359373127426,482.4792198529412,0.6400608373569496,0.4009108975147378,28.851745618543266,65.37184583387818,8.99000156894121,0.49643729722281815,24.019334701889747,360.0,0.6585036997162528,0.4105061727278274,0.8100695973306807,1800.0,4500.0,220.0,42.0,0.7070203521063334,0.7927446844709335,0.7022526217890174,0.7589326381734001,0.7205647422249493,0.7124692832227344,0.8580913041029633,0.6077195112075493,0.5248285277766622,0.7786941103298961,180.0,0.2937107077528549,0.6793947986447935,0.39851859053635286,18.765923323920777,0.4115596256048294,0.5955306691671218,3.7338329080269546,36.48259830968453,6.320379893135503,6.614114588959902,2.093539151257279,0.6206381750641797,0.4017376944373178,2.522956167414375,0.4302514109021534,0.14917105013618476,0.27285267165158217,29190.79949140537,160.01091121093486,public_private_partnership,0.4693807514976257,0.6898821163615094,0.5579149346103162,0.4953411306188684,0.760830432502317,0.16328595506921958
SHWB_113,Shanghai West Bund,Shanghai,Core,121.45402677694787,31.18571786312415,waterfront_core,1,2020,2018,0,industrial_waterfront,0.6678149366955404,443.32312806733216,0.6084973196571775,0.5521656648855274,29.45700444733355,73.57381308528463,6.716137105092217,0.542753174642787,14.32051606872623,358.7082182344268,0.5495184390311592,0.26928803530170364,0.6418895414579135,1800.0,4417.576235407579,219.01404459927414,35.382679617612865,0.5937966316033575,0.5403593888936832,0.6947777360909226,0.8457303307129846,0.6049146450909357,0.7156375742990109,0.6942488209622026,0.5184801622564402,0.5635400231083089,0.6411055769513628,156.4715459641446,0.3881493159939657,0.7143802902467415,0.4681949208068463,16.7037947551837,0.37688611221810386,0.5093510626624147,2.8779214389753935,39.729722492985395,6.152680589704328,8.256142029646337,0.2312429070966051,1.084034510601422,0.6337077508901809,3.024116767470148,0.39072948164078697,0.09189333231683113,0.12632328020215922,23583.509192641948,69.55421347376631,public_private_partnership,0.29268520394099007,0.33726327557022273,0.5145046086412023,0.4084042224976388,0.6205382423968331,0.26703698117396324
SHWB_114,Shanghai West Bund,Shanghai,Core,121.45908321278947,31.191955276418952,waterfront_core,1,2020,2018,0,industrial_waterfront,0.2701657057140045,650.0,0.8186120084062216,0.637186132827053,28.82807865769147,45.71116954920227,12.0,0.813162834327008,25.55134478051251,360.0,0.7931293417891646,0.5027465408655489,0.8529058927888009,1800.0,4500.0,220.0,42.0,0.8123181349750686,0.8622771744600066,0.8760349854962686,0.9414166321457135,0.9095603035526248,0.7756076499073129,0.8230305105704498,0.6752615644972328,0.5784744707714126,0.7374387436054058,180.0,0.5171236403214662,0.6684476092388703,0.3111442561334698,15.937852217347693,0.49858605802178985,0.7169245675574062,4.704412399392797,21.582937413620485,4.394132503086228,1.0,0.29292185977376684,0.953168883632753,0.05,1.9569783157056566,0.674067276696336,0.051312841376215154,0.22943456138380366,29660.819696202398,172.05787470579986,government_led,0.42100328854016766,0.7030545378845376,0.31582050553970686,0.6218656398355269,0.428373523282363,0.2567831536120957
SHWB_115,Shanghai West Bund,Shanghai,Core,121.43906304810969,31.18605818207239,cultural_core,1,2020,2018,0,industrial_waterfront,0.4543082764204415,494.70918705726285,0.6990703291719784,0.5579412092395234,30.144478803320396,89.77347143032321,6.24909116076048,0.5350862404467438,28.6828537576091,360.0,0.6617742860316589,0.5088869347823246,0.6998625445674499,1800.0,4500.0,220.0,42.0,0.7645943428719608,0.7140108755896217,0.861366424720529,0.8370213033804779,0.7813127335863654,0.657349576385061,0.7322585353600702,0.7939935807503068,0.5867518395139987,0.7237017124018166,180.0,0.4003676748228971,0.7726850016629434,0.4259441533115386,27.137143493932566,0.5331869991348525,0.6366325709710144,2.97063295897013,43.12831267907014,6.786628525317662,5.384497917123894,0.8622603041938821,1.27265998409928,0.5837156817756385,2.703892360542101,0.3582993559444676,0.20072392388408947,0.14924180904622902,22479.8351144358,168.88502358730574,public_private_partnership,0.4146285943498804,0.47339129231712995,0.8674173780302671,0.33295837864937955,0.7803065640226231,0.2995329819539661
SHWB_116,Shanghai West Bund,Shanghai,Core,121.44192925711586,31.190357001705408,waterfront_core,1,2020,2018,0,industrial_waterfront,0.7951836683227874,510.3418335790833,0.852429710733881,0.6322199675249204,27.81999654936741,28.23101832326203,9.20255338029382,0.5552860011046653,35.0,180.67032033919347,0.9136689427378274,0.22263160713999988,0.8091501689626707,1800.0,4500.0,131.73060869293386,42.0,0.7768755651236197,0.6815987610394165,0.7790090056244225,0.9493783934303488,1.0,0.8282216009190692,0.9809153036605082,0.6495025656906056,0.777434554973536,0.4309777502767201,178.36935541999583,0.3802862426311648,0.4785649668740905,0.42520091779929975,9.373235425711705,0.3763387934711105,0.6056680051591897,3.4946652884313467,48.604469534808395,2.17527513417523,5.645511261924721,0.5955676868365523,1.1371540791533428,0.5818460877959207,0.8056547303781879,0.8102288202853192,0.14515248564371785,0.20474388306822117,29292.92953007197,39.82086564809859,government_led,0.2035853842607415,0.1705476442294447,0.14502940550569662,0.762054099104375,0.4589433275470013,0.10465279620116337
SHWB_117,Shanghai West Bund,Shanghai,Core,121.45510490173051,31.199203560425477,residential_edge,1,2020,2018,0,industrial_waterfront,0.2638929520729869,436.2278892042892,0.6820167745742404,0.4583644114905273,29.669485089211747,64.85583685655898,7.721318933058851,0.5820840591863073,24.93739565914577,298.0891291007059,0.7147611328010817,0.3337571623527315,0.7813541536638955,1800.0,4500.0,186.1340795694925,42.0,0.6467948451396722,0.519025666948783,0.5760072578267181,0.6992583951005896,0.7926133252887377,0.767190235379769,0.7081702263313135,0.6640529515600351,0.7296930011818058,0.3909336053021545,113.65989449139018,0.3419797089308562,0.7818973842409744,0.37982538594841103,13.090787802179804,0.3952530969384158,0.5646484446337671,2.2221677680674214,59.050496535947225,6.054943464624693,8.159925057964,1.6653073474152988,1.8136737797551155,0.9965680482567891,2.1575458148800046,0.5499876218330391,0.1146490331626228,0.0,17676.36239237603,10.742169764553578,government_led,0.42245088324343527,0.0717250515198134,0.6312646669350253,0.6178399407305812,0.6068800226707064,0.24845821653350134
SHWB_118,Shanghai West Bund,Shanghai,Core,121.44808737873079,31.16735300374483,cultural_core,1,2020,2018,0,industrial_waterfront,0.4817706793816971,355.1534072194453,0.7824146005539206,0.5737503862833753,28.70306037043196,49.56398971400375,5.208196222598824,0.4124401904283567,35.0,235.88607574605527,0.907089953740599,0.4334116526112075,0.7669100000021408,1800.0,4500.0,119.66673738099679,42.0,0.6042934308911972,0.46571679964541285,0.7411793253170345,0.554989414279391,0.8396368663203556,0.6730646097895084,0.9297350762975486,0.7688264322352305,0.6957185048990768,0.32431939903099066,112.47150473758481,0.21014246671013093,0.6656835288867277,0.3044526273030739,17.861117478302674,0.5099573415898908,0.6059543540673465,2.0524122858430163,69.98981021835337,3.3185578077796762,9.782484206876775,1.7900825581960895,2.352422927164028,0.9774447752136447,1.3643623641039178,0.6958798767545991,0.2051222515484161,0.0,16862.73821689887,69.93624762750312,public_private_partnership,0.6829232750527418,0.15419706433087277,0.2492723675872892,0.6313243125729496,0.8765728920071824,0.09019148790296293
SHWB_119,Shanghai West Bund,Shanghai,Core,121.4600927284684,31.182253858304854,waterfront_core,1,2020,2018,0,industrial_waterfront,0.7254962756942526,293.00835287142115,0.6106691911906165,0.4399014406004844,30.715556973927317,50.33505979717455,4.056311961765399,0.5111163188186693,15.077693140796857,229.62816561071318,0.4901999224532805,0.386365255788069,0.6570905143509902,1653.122354851137,4262.433819741356,170.6541602163617,35.069424322572175,0.69064056789829,0.6725368016965435,0.5989292242631808,0.7336812347413978,0.6054624839739905,0.5427805200164751,0.7009684764125698,0.6050345652677022,0.4480190776820268,0.5096462470717937,125.07163166273104,0.4124088342913233,0.5268219551466471,0.41631177092465266,15.920384113755892,0.39636008905590914,0.6192027777649954,2.5642830251520414,65.61835289906713,8.27457877658238,14.686913736406808,1.7599831976894103,2.4470859448361737,0.8172618226508803,4.541862950889278,0.1886891693897595,0.2475631848090183,0.08230972709431403,13072.424637922875,97.58747765318128,government_led,0.39697458994146406,0.23083653921884134,0.4104251313633497,0.12822042435817885,0.5129186196837272,0.10216112682732559
SHWB_120,Shanghai West Bund,Shanghai,Control Fringe,121.4473112796123,31.18452732759545,cultural_core,0,2020,2018,0,industrial_waterfront,0.720589516293248,356.6049998516207,0.7552557167175362,0.522986494747995,30.832446569559142,54.963582708037315,5.491341117872484,0.4875751447306113,34.76158853493108,360.0,0.6393800470855246,0.48062575058147383,0.8273987463653752,1800.0,4500.0,220.0,42.0,0.6280179062693441,0.43381089780832494,0.5788053379514823,0.741804784979979,0.7313735316460472,0.7089307348517676,0.7927360022734481,0.7263139988306754,0.5475633353233172,0.6683553972451933,137.6710325119625,0.49363136124310836,0.5672051350373496,0.44805649276512255,23.378935974074675,0.6149332818882087,0.5768123846876084,2.115038552726957,81.71283765698381,5.996383747018631,14.94895557647317,0.32152725940116506,2.465765454372986,1.6830796359936253,2.7064382225080696,0.5267693301799705,0.3713257403292365,0.3793663275960652,17598.709786328283,97.8651668884715,public_private_partnership,0.5147588613801353,0.3966080282184993,0.47603870810597415,0.4968288038944659,0.377949157602681,0.22925355818554105
SHWB_121,Shanghai West Bund,Shanghai,Core,121.44169915440747,31.189428830967046,industrial_reuse_area,1,2020,2018,0,industrial_waterfront,0.5798564516780812,284.2931468491754,0.6296679283349556,0.5762992006178457,29.016815878167236,58.681664415296815,5.6563238756109,0.4369432677858166,11.48362257044495,309.6622355451957,0.7445661099214659,0.2366608019662211,0.6055373514135023,1800.0,4500.0,164.11334898510006,24.64346258624307,0.5937863544098967,0.498348042178461,0.5682803996643122,1.0,0.7040798798905905,0.7345708295233276,0.8155767430198946,0.48533537204321336,0.6117474119543876,0.5383033359544659,128.46800006962016,0.38772154491360944,0.5652820589746113,0.24716569723426407,13.276590637308558,0.4628928726957383,0.5019534712956212,1.8734441942118507,62.741724554508274,4.350616573926011,10.523442362889336,0.0656026705825997,2.0400178994682205,1.1495353260264143,1.7785010490479012,0.6404874394011039,0.16435806884166226,0.09903186816869318,14766.957435429003,102.06110847160393,government_led,0.11952307577133481,0.24165833206169357,0.4919916057472217,0.5511949176279707,0.8770240844641779,0.23071769956946328
SHWB_122,Shanghai West Bund,Shanghai,Core,121.43927753304442,31.18440349460751,waterfront_core,1,2020,2018,0,industrial_waterfront,0.7355458730330215,381.3107958023018,0.8752645931761178,0.5123321540551892,27.312493054302134,56.59037021581977,6.469694144082652,0.6397407048734475,18.430637665516592,353.7360227815241,0.6842276142173855,0.31195544072259507,0.766973363058112,1794.2324227635095,4500.0,207.9244359298722,37.14362266955391,0.7460240158763456,0.5974573730647837,0.8566548475420989,0.9650454745519986,0.833844897932751,0.6972433704963668,0.8597649222681251,0.6572254844832758,0.7992439051631025,0.682541548672279,180.0,0.5183455434376609,0.6328536130329231,0.5241583745285842,7.575593671315087,0.3627920189883818,0.6435018307930543,1.8180222211158628,56.78472901052892,5.485092273968734,10.807402068874312,1.2558274322604814,1.8570020215969583,0.8845987740314973,2.2679515734408167,0.5777212842457379,0.2343752105731354,0.3375227788170949,18840.11351009111,176.73835378005768,government_led,0.40205397365227746,0.5603837020850391,0.30169918168268534,0.690100378765018,0.5677471478889314,0.06686727996282689
SHWB_123,Shanghai West Bund,Shanghai,Control Fringe,121.455908298941,31.18861521400726,industrial_reuse_area,0,2020,2018,0,industrial_waterfront,0.3740697273864155,523.8397967386472,0.6696600832800804,0.5458607189505923,29.205427353955194,41.781601823801864,9.598583212188375,0.5798756524796391,21.659072761147648,360.0,0.7282254202175882,0.3613400185615191,0.8470374448225045,1800.0,4500.0,220.0,42.0,0.6517744316998222,0.7817234445665904,0.7099520304681539,0.788404883543375,0.8277553286968619,0.7910463813977251,0.7683114261442425,0.6744759794222,0.8477248947868569,0.6227913899490533,180.0,0.5125653563728303,0.5093715146058148,0.4765722901541548,12.80483126281926,0.51186181010921,0.5962293339996547,2.802078223556003,46.43406406198613,3.217956131883144,9.768204485103478,1.3904865846907744,1.357956562449742,0.6993591770886836,1.298176945433375,0.6828280311512478,0.09667141686286648,0.23263775674221893,27968.669750793502,144.8402195430873,government_led,0.11219725162902136,0.5651006861367645,0.32663135544623306,0.5869519451369974,0.4706498384296418,0.24819435153613495
SHWB_124,Shanghai West Bund,Shanghai,Core,121.46156450303829,31.181528986308066,waterfront_core,1,2020,2018,0,industrial_waterfront,0.42300490308854477,592.4236087709962,0.8648587317907258,0.5944389928365462,28.460987094722945,54.27290570736794,9.244536977625536,0.6414637078787879,10.98991848596624,314.5568730339983,0.7783505131070592,0.43914752435426363,0.6774464997565305,1800.0,4500.0,183.03443233800422,42.0,0.6032946646205601,0.8326510448204512,0.7967557277887356,0.9794599363676105,0.8331871788886835,0.7338658593015686,0.9625987397842939,0.5915643124487565,0.6697030309712697,0.43132311526788913,180.0,0.45518116647244955,0.6120343254408435,0.46665841822944026,27.55246712829317,0.5767717947939276,0.5870249803365415,3.0490380594947375,46.116065268516785,3.6761994832284395,8.198413224029728,0.05,1.1127466522968328,0.2423918868004018,1.6207430800898184,0.717650557716344,0.2573981744568589,0.18960921588003574,26363.019960037393,53.517234568700005,government_led,0.5587448336707441,0.378818291688163,0.33097111058207335,0.6269114807513563,0.6052462311614787,0.07475877788118575
SHWB_125,Shanghai West Bund,Shanghai,Control Fringe,121.45138113893523,31.189203871497906,cultural_core,0,2020,2018,0,industrial_waterfront,0.8454896832577468,458.68140422103346,0.6981504384805043,0.5670024771270853,31.15327356115607,63.48918417165707,6.308437286242518,0.6206708419718536,21.36555744977291,347.3078352994619,0.7772548138720308,0.42016798112073817,0.8290046378923922,1771.99099229564,4500.0,188.32309887607138,42.0,0.6686759752494879,0.5629370193783305,0.757081858118392,0.8486077423016971,0.7528907956798573,0.6036646897422389,0.7204833190839146,0.7838322350821115,0.6210350024409982,0.49571608320390936,180.0,0.23970784270866546,0.533084648025886,0.3170063262560919,18.4145226179799,0.6277466828868014,0.6351053873224424,2.4927057539793003,60.02455982039315,6.223175309152435,10.0350343866373,0.9588165221034028,1.9389029248458545,0.8003354940471947,2.8503961929718424,0.4326275287506707,0.45181139352490185,0.18693194989101236,20837.906192785053,129.5336650389032,public_private_partnership,0.3000482316055166,0.26620425883669063,0.4758322926728701,0.3360284008050114,0.6225811403044812,0.18253153130903496
SHWB_126,Shanghai West Bund,Shanghai,Core,121.44558727052838,31.187877592952884,cultural_core,1,2020,2018,0,industrial_waterfront,0.41752293009992236,586.5963791109127,0.6023880845260009,0.47960717807742426,30.06187128722714,57.48826266595427,10.76379712170628,0.5882204467721102,31.700062153750878,334.23638458636975,0.6579095367296265,0.3538761866949263,0.5177322488165848,1744.3485318738983,3000.0403884382504,187.08303608179236,42.0,0.622589585969196,0.8370614559576108,0.8721360227149495,0.9593195150592091,0.8231341818727919,0.6940441427943086,0.70890142225398,0.7715442382808687,0.48922973050418045,0.5089626234256495,180.0,0.17759802412040832,0.6729797923923937,0.2927732533766743,18.48616901771335,0.4229025775379571,0.6580776905990036,3.962070283466651,43.94185041810946,8.121011256094615,2.7916371331388543,0.5736027263948069,1.0729984057326576,0.3563674858476454,3.3778891773511868,0.25526400098023283,0.17270411795318255,0.12529044481953458,30701.729643714592,35.03835632256385,government_led,0.2887157835129978,0.2233668426657941,0.43877127547817385,0.2650178065779344,0.6497576872224974,0.15036444663943216
SHWB_127,Shanghai West Bund,Shanghai,Core,121.45401600014435,31.202877687298464,cultural_core,1,2020,2018,0,industrial_waterfront,0.4532644611624712,530.0148487613478,0.8010777468503584,0.5588296740518444,29.134487544460868,51.716149394805164,8.124468497503766,0.5740645712198347,23.378225041357748,360.0,0.8071806886727084,0.28950375523351596,0.838431492190613,1800.0,4500.0,215.19591334836744,42.0,0.6127293385117624,0.5464547401427808,0.6643050295849152,0.6752009921093525,0.7639196379583931,0.8059097842450148,0.830749696133414,0.6203561205716381,0.6684246244548399,0.6106866323042272,180.0,0.3258589487177843,0.6461820491468777,0.5201564889026208,17.672989413078202,0.4074788042789663,0.5682703478601716,2.5010168224594396,57.5090647260232,5.135248060799512,10.210065517225852,1.744062376822462,1.7327202632993735,1.0351681939426127,1.7069998712267929,0.5805243879786535,0.16205463813010273,0.0905652212099197,15206.274823669364,91.35246836346445,public_private_partnership,0.1277463513049551,0.35839608526837374,0.43852114539329934,0.6818190144198258,0.5911728561837455,0.2531055742247491
SHWB_128,Shanghai West Bund,Shanghai,Core,121.45624960647208,31.188600771989933,cultural_core,1,2020,2018,0,industrial_waterfront,0.5808994693328917,650.0,0.8085866460402606,0.6150172960998439,28.977387464896132,79.9408828776144,10.271633539944885,0.7834260998085443,32.38444826656351,360.0,0.91946506796527,0.33291464968246176,0.9708553735867808,1800.0,4500.0,220.0,42.0,0.9440884018820878,0.76825778778741,1.0,0.8507109810507867,0.96055091598938,0.8004809292596339,0.7224369886269717,0.7050264434328564,0.7626423514645073,0.677340398054966,180.0,0.4534302355143711,0.7180987020589574,0.4942379081459542,16.244887414014123,0.43331238494039276,0.7882648111208204,4.179269728581413,24.880534292058613,4.854956443271615,5.9799896480208705,1.6699953151227134,0.5411449621663524,0.9502268287486966,2.128282932239646,0.6400559814609672,0.19379486946239025,0.0,36000.0,107.18738853931602,government_led,0.2842680621857507,0.2707948741716998,0.6284723684422865,0.6282161602873129,0.6553194347220168,0.09783644456468112
SHWB_129,Shanghai West Bund,Shanghai,Core,121.47781506529279,31.176287488582716,cultural_core,1,2020,2018,0,industrial_waterfront,0.28383174886611706,386.10960505256236,0.5541727454975839,0.5006158958232071,29.13826214711337,59.69194775286475,8.820048740343534,0.3777643419309993,10.985152447542301,360.0,0.756943505276714,0.3363896523203156,0.6605407922191155,1800.0,4500.0,220.0,25.12037122162417,0.6464929628925108,0.49113317905558307,0.6684076057703998,0.6328487522944332,0.5426568652235176,0.6075202456139156,0.5826353655735769,0.47362075087200023,0.43442334589503756,0.6423735799923299,180.0,0.3672853794116965,0.7137049256946184,0.37348305168210943,16.794859231563706,0.3598277154955534,0.5170543672315593,2.805814844161258,53.24380715308166,6.517702284552757,9.605836141641301,2.316930438024883,1.6501544346675052,1.077019915190847,2.906867931733146,0.45801714936054294,0.11474281127868734,0.2278722572314502,19194.2108653316,212.40958153972528,public_private_partnership,0.37560209382469034,0.6372690984661162,0.6144439335512141,0.5354940485003107,0.5010729102944391,0.3292619002232164
SHWB_130,Shanghai West Bund,Shanghai,Core,121.43798316570712,31.17063514159574,waterfront_core,1,2020,2018,0,industrial_waterfront,0.861652879690533,512.2855602058793,0.5974644953580427,0.4331103944540352,29.4278033470012,39.85268655874691,6.731744463903573,0.5480641441780169,22.416528480267363,319.2078197168936,0.7471864262347124,0.37135255596106903,0.8060200087294933,1424.308023512736,4500.0,201.13586171340944,42.0,0.7495446817831017,0.8175135129051236,0.7138324962802304,0.6003435666910363,0.8395771702757181,0.7067516199795081,0.821307958002252,0.6014423081380214,0.5759914803832443,0.44484642206639063,180.0,0.44530920769469784,0.5442172325068714,0.4341540781598741,19.45900830684043,0.619061098115967,0.5404342659448118,3.899481164760533,47.703714326290026,5.93985788624333,7.639204635427446,1.8559424040518362,1.4367153772746124,0.970007268712641,2.6125641607841965,0.4404146003965249,0.35294900492860826,0.30826210354105715,22160.346100478066,101.27445747837073,public_private_partnership,0.20376889295615186,0.3957395024549144,0.22011651315510364,0.5023184123425578,0.48088648863531136,0.47145833061479897
SHWB_131,Shanghai West Bund,Shanghai,Control Fringe,121.44574910650105,31.19432287911512,industrial_reuse_area,0,2020,2018,0,industrial_waterfront,0.23967608378698155,287.19446982338764,0.7309946301426916,0.5635085686155654,26.945721852165928,24.712180284691954,6.464175916641027,0.5448436672908461,16.636302825306714,228.03812619532502,0.7594350188456289,0.3055602775243294,0.7271205614058422,1800.0,4500.0,116.90995953748697,38.716213767322124,0.5675373878331261,0.49271674100151286,0.5551848758208281,0.8314356501991877,0.699191104425852,0.6363827812285545,0.5730756830171337,0.5285479308364224,0.7857488142313697,0.4538519863630451,112.42536852188893,0.27931111408063425,0.4801813928077696,0.21943989221813748,11.967152785351743,0.5035181960552912,0.21223903707294198,1.9366042258924283,59.86230615677962,2.995970822737118,8.841702234396864,0.6091872034028876,1.9550602619465445,1.285633166798388,0.7039074906471998,0.8321681574305047,0.05139258531807338,0.01608280133006121,13699.446967894964,83.03105613109439,government_led,0.23360798228399715,0.30319643579124284,0.25745288832483837,0.8667567974388007,0.6769366040650954,0.24579944523211641
SHWB_132,Shanghai West Bund,Shanghai,Core,121.44913234093436,31.161446192821117,cultural_core,1,2020,2018,0,industrial_waterfront,0.7838771701695273,548.2034529683663,0.7021190685208081,0.6124834346901789,28.78741456794829,51.73337017396666,7.91790914037896,0.7598447628726596,17.815920475074847,360.0,0.7085814313706235,0.5339809473900388,0.9308195352282221,1800.0,4500.0,220.0,42.0,0.7109474409838136,0.700702064385951,0.7185075852369575,0.7636379303398441,0.9010371181597235,0.830719205251561,0.7597819315004455,0.6369792265719934,0.7945292912691835,0.4786295095086021,180.0,0.3921276449240531,0.4324148489108145,0.3057495396628188,34.47198365118906,0.5770091058707768,0.7277820748630486,3.4717467756687626,44.56202208488932,5.241215443848753,7.274593118324764,0.8023919881470403,1.1799516074996297,0.7638792395083556,1.217710742432171,0.6879458460396026,0.45737563048143914,0.4572065283103041,25354.837299284376,135.77126591772307,government_led,0.40150626714935556,0.426947913387458,0.4900403776607491,0.7874054536932481,0.6334600883119574,0.381556320820096
SHWB_133,Shanghai West Bund,Shanghai,Core,121.46226715986488,31.18303401462491,industrial_reuse_area,1,2020,2018,0,industrial_waterfront,0.7029874688681325,416.8268698776576,0.6314415500620133,0.5146889279781021,30.303590959886847,42.51051278704067,9.288271875486462,0.6243822422799263,14.256517519201001,256.5473923581248,0.6997386702662374,0.4630542408144791,0.8211412270540017,1800.0,4500.0,188.31390915855522,42.0,0.7124023207915434,0.6304655671394539,0.7663720965814808,0.3881986311199758,0.7713464017031227,0.6649946873809884,0.8595898180414181,0.5343689084648815,0.5745117251796343,0.5526298536438119,180.0,0.2958334356406963,0.7225691275622277,0.41917408258909317,24.03131699894808,0.389273669353391,0.676827489772428,4.332667208775361,30.396243680414695,4.205947382206645,2.3841078938992317,3.9272429700400133,0.18017567500541765,0.4686431340578534,1.9753490807206584,0.62499507936325,0.34540197596195954,0.10976375268503015,33252.01184579988,40.654757271337196,government_led,0.5466906052306747,0.2545811488482832,0.49683187553372177,0.5788927798595107,0.7657819257367535,0.338983416141711
SHWB_134,Shanghai West Bund,Shanghai,Control Fringe,121.46707137638637,31.19324466092789,industrial_reuse_area,0,2020,2018,0,industrial_waterfront,0.8457499613829849,650.0,0.994942186080596,0.8147693672993938,24.94721719559543,66.374705986382,8.26804463566955,0.6262261054878797,35.0,289.07832086439896,0.9895586934965276,0.23411401600894877,1.0,1800.0,4500.0,165.90738294160607,42.0,0.9219316760534705,0.7038959459896429,1.0,1.0,1.0,0.8985945695934465,0.9582353296114272,1.0,0.8663801478903537,0.5310879451546975,180.0,0.5619711489582796,0.5696271929282091,0.5475837503858517,10.255850555005019,0.5611587830557476,0.6222552564540648,3.6669054317164598,44.767964662704316,2.374121498156496,9.115643780665415,0.34366900370171327,1.0810629101084364,0.47015501125368775,0.35336980140107344,0.8277293519487859,0.19948513682394545,0.07647794800468193,20823.243610739846,37.279672170503844,public_private_partnership,0.234345253105379,0.09104627742694216,0.3012414382043652,0.7021106998481971,0.6863156610073444,0.025807940219156982
SHWB_135,Shanghai West Bund,Shanghai,Control Fringe,121.44227717834086,31.180750430274028,waterfront_core,0,2020,2018,0,industrial_waterfront,0.37960056866852426,595.06493626244,0.8978424772877359,0.7300666340124881,30.085506615177184,58.676838233456635,9.653844499803618,0.6392029455383016,35.0,353.9694641739332,0.8874893709375785,0.3614441650041737,0.9739244602382133,1800.0,4500.0,220.0,42.0,0.8251256733746034,0.7741719737983098,0.8844240780527408,0.9550707277622195,0.9360590012656204,0.8002737592085971,0.9263053961937384,0.8031369730948967,0.8207740692659035,0.703614375596497,180.0,0.5154982994789662,0.5761573376527225,0.4103330262239734,16.50065694636632,0.6095105278401763,0.5957929136315193,3.485024102158195,31.040026545020588,3.8353835665156035,5.472186982536434,0.1646642633654643,1.2588871115477906,0.6608687781410567,1.0626587899556454,0.7055069672139039,0.09375162647317832,0.22579295008386596,36000.0,122.52121128411908,government_led,0.34917873913854947,0.37174402289009345,0.26822689435174674,0.6924229495045819,0.6348540156454207,0.4139028590203046
SHWB_136,Shanghai West Bund,Shanghai,Control Fringe,121.43311286590368,31.19158636098484,waterfront_core,0,2020,2018,0,industrial_waterfront,0.6120219157536677,299.63929493953833,0.6952435568453641,0.46442272309623633,33.52719018967446,51.916716923730135,6.296360420622152,0.3321490254007097,17.304935852837733,316.56606926540064,0.7388525907952356,0.3905011087775035,0.7120534809310525,1110.373323704876,2718.594829057691,214.97083606368201,37.736741587178905,0.5987014134465423,0.5474139426692943,0.5834913621933403,0.8319206532348097,0.6607763934491308,0.5950857011964076,0.6646603527732695,0.7607019714453053,0.45040742457445726,0.6128901427436911,178.45061947548402,0.544530150851694,0.5549452422751506,0.4681933461772113,17.511727092866423,0.4503583290443607,0.6571190067398746,1.9402552027748305,65.21318451624963,7.327621816769497,15.88285175174523,1.3523138688801526,1.9542711197020353,1.4098333496883273,3.547107987932263,0.18292932894106548,0.10439269691274591,0.25575693336806576,12038.580179021756,156.4360526041355,public_private_partnership,0.48857054944544304,0.4587486866491532,0.33149606079116434,0.14231359902981583,0.6435247575672888,0.4825002673252681
SHWB_137,Shanghai West Bund,Shanghai,Core,121.42647951160136,31.193637580631673,waterfront_core,1,2020,2018,0,industrial_waterfront,0.46406967252342374,369.30632893594816,0.9792431215762444,0.7170347095021334,27.143526098154705,41.41695739231222,7.23006826435591,0.6667149671420687,21.47846224633531,280.75706183301526,0.8782947077725194,0.2454506429675979,1.0,1800.0,4500.0,122.7154081882951,42.0,0.6799854044752146,0.5042129258107463,0.8213994606290369,1.0,0.9636529102360972,0.8054262093437428,0.9656516823773715,0.6799845231713184,0.9226620639873645,0.4860743533655551,143.19192595474186,0.4653154396603838,0.6218598906315655,0.5307687495005771,14.753765824203393,0.3688220384383836,0.48499091962262186,2.187921436493785,69.55625538134375,1.5,10.074791045312308,0.09541106823257287,1.9637542304055309,0.7704040442329428,0.05,0.8973211154542342,0.09029437187514999,0.019937613222871006,13026.329208797482,56.948383895314294,public_private_partnership,0.17268959991875446,0.10036167538753635,0.31334692331193537,0.9371792527533698,0.455644101274245,0.3500862628108767
SHWB_138,Shanghai West Bund,Shanghai,Core,121.43784514235571,31.179652564472732,cultural_core,1,2020,2018,0,industrial_waterfront,0.7355112104985508,262.04645017277073,0.7583387017621905,0.5650802071049084,29.832644969713527,64.8315299619349,5.644927372777817,0.5048218687875153,24.669251079744043,360.0,0.7339984717028015,0.46422135377688856,0.5862419491952864,1686.6243069522488,4195.004436665052,220.0,42.0,0.4876252078866344,0.5473731629196023,0.6232232256324898,0.8222040305069014,0.6482054853810515,0.6693114464875237,0.7291178239698103,0.6630007971340297,0.339549768469131,0.5502675883459927,145.61046444819462,0.5004562588538511,0.6882331935203704,0.4024389125099088,16.838161617513858,0.5669314527765261,0.6365643232570583,1.7285728607297033,76.13023827886776,6.892776660346252,15.789275772238907,1.3635289548618927,2.2652770191946843,1.6370309276293915,3.704034892224232,0.24571896627721757,0.3499132483260958,0.31349703215813113,14224.473356070115,181.96440334904003,public_private_partnership,0.40861554893112617,0.392817013654533,0.5920924678795362,0.18242000461202817,0.7952241670230381,0.24907765628347012
SHWB_139,Shanghai West Bund,Shanghai,Core,121.45163283165522,31.206790788788343,waterfront_core,1,2020,2018,0,industrial_waterfront,0.7517394070917242,620.8453768866591,0.835315783730584,0.6972079417929675,25.874362019096242,87.025009733727,11.03889529156386,0.7524079483917803,11.31078535139855,360.0,0.7388581401334408,0.29975259205451604,0.8225659159730625,1800.0,4500.0,220.0,42.0,0.7634472310651499,0.7073783285622102,0.9567362042952704,0.9277401216195964,0.9759170023364718,0.8176917446405795,0.8041813737451134,0.7680825955682197,0.7945334764767567,0.7409951024637826,180.0,0.5695841483478568,0.7895601113477833,0.5018245328946278,12.049450499047204,0.41376426102625213,0.7280737005290683,3.319830508019219,24.726973091758023,2.76864323814972,3.3059718560373716,0.8957483015168647,0.1,0.5903977778807961,0.9255374256626321,0.7527197697191921,0.16744648591607725,0.3272595580292274,29694.126534597483,111.76816900314252,public_private_partnership,0.3309661107690146,0.4063489118285615,0.5882188707085287,0.7646557966544695,0.607406405124073,0.667158980346856
SHWB_140,Shanghai West Bund,Shanghai,Core,121.43733889163477,31.193337100462333,cultural_core,1,2020,2018,0,industrial_waterfront,0.39239552101971376,264.80136090683004,0.6828432609712509,0.5889946739833131,28.629776712819538,39.285488454966384,3.357785234363118,0.4794984603395804,24.604480141570235,239.7981561319885,0.83833723152044,0.5705061139404894,0.7241196565849396,1586.7140055598109,3340.378289401774,155.45213630766838,34.36165926077165,0.5533201217526152,0.4086304816461201,0.4549625038736783,1.0,0.7690752111138399,0.5807311969145594,0.7392349972380143,0.6472002524193707,0.6609914986410849,0.4447045153633261,143.057367072404,0.21030598787854302,0.5042998714968908,0.4205608714148422,29.207270964847467,0.6545688021242447,0.6368869264289274,1.8787912414522474,75.2583706122744,5.481695530592127,15.547437167918806,0.21210060357518512,2.61160307392857,1.4444640068314063,1.5826550448511223,0.5272120997375215,0.24979218209149975,0.11683130245018214,7709.126872225507,94.5121929853376,public_private_partnership,0.6541614110799455,0.3908614277663376,0.2151113036506149,0.5864898423355189,0.9981675324455397,0.022748182952283
SHWB_141,Shanghai West Bund,Shanghai,Core,121.45727282604065,31.1826073021411,cultural_core,1,2020,2018,0,industrial_waterfront,0.41226030777197603,611.752658712505,0.6505222368027233,0.5181536913918184,27.64587017100671,53.3045552278135,10.49511757366349,0.5883656957133375,21.103422876968313,330.0907017990099,0.6905714410725827,0.3323411701573122,0.8209655447748455,1800.0,4500.0,196.91148080107726,42.0,0.6665133880653392,0.7784786106115364,0.7459084164847685,0.9181983737625259,0.8409478148327735,0.7787995790090249,0.8911199315161953,0.5770603239948271,0.7420766288770859,0.5468048003154246,180.0,0.308143979204609,0.6238583523009731,0.3753533214492229,18.81713149247417,0.46531372586485065,0.5146507025459729,3.1404699245669034,37.83973958112973,4.4805733722945345,7.181707931910133,0.2007733214698777,1.2288930899728696,0.31777182778746893,2.1580935702088686,0.6689030376040729,0.20679755931158803,0.13167281740465694,20369.665630678748,71.87122761591297,government_led,0.3679590700346314,0.2735581711245182,0.38815601287950874,0.5653030172972187,0.5840769191790209,0.3007018599300448
SHWB_142,Shanghai West Bund,Shanghai,Control Fringe,121.46555579120187,31.166875790491833,industrial_reuse_area,0,2020,2018,0,industrial_waterfront,0.770900517025493,447.0234761276181,0.7247602071341434,0.5368441307526268,28.57371740457922,67.82622044708026,6.621453678008634,0.5112159610277569,15.693653422644168,360.0,0.5738878445349354,0.46832622851308564,0.5707408747732033,1800.0,4500.0,220.0,42.0,0.7300759331072898,0.6119015208365027,0.7454769620371844,0.934929676178393,0.762415917178668,0.7014241988625721,0.755595028785624,0.7111048917775714,0.6585679491088938,0.6770589157094465,180.0,0.5534228990379332,0.5483732808333394,0.548678215672732,21.988228883308803,0.514035875697332,0.7465788778203318,2.8513518011640464,49.682886878366794,5.304033838171827,11.264038741455828,0.4666512577229844,1.785703683796729,0.719061292678139,2.3484190487884806,0.48320339411219543,0.4325456599110815,0.3443239830023512,18414.552145831527,154.06774067080204,government_led,0.5399513825598986,0.5536923574707262,0.45428013679117824,0.340899132292894,0.5649298239370732,0.14806101652372042
SHWB_143,Shanghai West Bund,Shanghai,Control Fringe,121.45219370199807,31.18387698532886,waterfront_core,0,2020,2018,0,industrial_waterfront,0.687257584099005,548.3630130027143,0.6845389157062897,0.6169773825907144,29.487457157205906,50.268835345919676,9.411438851588922,0.5606335631946008,29.714210715342613,243.2570355245703,0.7363000741443053,0.305770402538129,0.8021976348442716,1800.0,3684.337279955243,136.8478413150536,42.0,0.6785411372979792,0.7531969116036614,0.6830074963360995,1.0,0.7020115439834149,0.6775606857638587,0.8199275559914866,0.6096522054577515,0.5120551026097525,0.36540305796562994,180.0,0.3029290375195482,0.46660268760617946,0.41819844739259593,14.23023833787105,0.5238143429774665,0.4942325923786075,3.663132764039185,57.566616593691414,4.842937609179824,6.644052414309648,0.05,1.577701890512899,0.6923847203874332,2.0081679958309375,0.5035820940403751,0.32988800283863395,0.09673131087990527,29033.51858387707,46.330160461861595,public_private_partnership,0.3145629309479349,0.21631687056754845,0.25098858284566755,0.49245596593611185,0.5962727976469651,0.17848526195205805
SHWB_144,Shanghai West Bund,Shanghai,Core,121.45521476583139,31.177069109814582,cultural_core,1,2020,2018,0,industrial_waterfront,0.20818937906670723,552.8758882897691,0.3834495717433506,0.4925905085229984,32.01560474393605,40.582838156134684,11.072207572552355,0.7608220209590351,14.419073840122767,232.3798158177055,0.4832817782130293,0.36106909674176374,0.6280793032989765,997.1746846168944,2994.6210650799485,140.2641763341879,42.0,0.7415414454362543,0.7419087923791778,0.6562912654630507,0.7074518418468974,0.634077949070246,0.5391340673863574,0.5610875395285683,0.6103058025727122,0.4604437755702726,0.32699996845404306,179.491489417594,0.10692816039255168,0.3237079712323777,0.18991562046116423,17.32015804215393,0.4001204991904219,0.540231009618968,4.422662731541878,22.692385660958035,8.064412917106523,1.8855933736584403,1.934350242676255,1.1450832523047145,0.2469506868262047,3.168546660122572,0.29554957322725556,0.06478397401147806,0.0,29867.77782476037,39.121114134568174,public_private_partnership,0.2216716156762185,0.25807686593557155,0.2682933003321065,0.20570373167022338,0.6064163107811716,0.45407018020493495
SHWB_145,Shanghai West Bund,Shanghai,Core,121.47529449648286,31.189511690031136,waterfront_core,1,2020,2018,0,industrial_waterfront,0.7863276726964759,520.0810788718318,0.8457355863805537,0.6628336455177201,26.9492589996928,63.93626026822326,7.55797370737441,0.4137844690960779,10.864210235954868,323.5095124140254,0.8863024093575942,0.19952858705224813,0.8525720933606812,1800.0,4500.0,198.91077734813078,42.0,0.7228230355626205,0.5529138543288925,0.7505023763728076,0.8980321971378495,0.9294734593235223,0.7982192127704187,0.7798556814455697,0.6429992779963447,0.5904553712293777,0.7382007004846579,145.7182097158862,0.41520911074097844,0.6759733076375973,0.53147971603821,7.396331713721082,0.3258066964619632,0.5353180121718336,2.4580459439015003,56.17572603146579,3.841636578151523,10.694140088384634,0.594088188784156,1.5041810306168477,0.8469831013371877,1.509683184852942,0.7183287049660051,0.19730040179326885,0.045748747708002524,23298.770467839524,44.08821157646347,government_led,0.13459927545977998,0.22798737906703587,0.46495694115715497,0.6133452902851256,0.6227005652653171,0.1116787040651242
SHWB_146,Shanghai West Bund,Shanghai,Core,121.45091740969208,31.18904313671078,waterfront_core,1,2020,2018,0,industrial_waterfront,0.6544730958361545,611.8011780696248,0.5343498907025114,0.3906326009688734,30.642516590160366,59.508809883591795,10.11922538235779,0.7289209530644143,14.985562220111685,360.0,0.49972880092071137,0.4868070534540563,0.6158858593338346,1800.0,3775.6497588631255,220.0,42.0,0.738842554489106,0.710624034637069,0.7463340135105597,0.6220028301042383,0.7049762583800561,0.45300424547236356,0.586585602197899,0.6453795147786426,0.3784931396211665,0.5542782811806007,180.0,0.36349278559553555,0.634392812978041,0.44040223034800785,23.150675687814296,0.6422303823239022,0.5969650053554217,4.451052786706081,27.794486715633635,6.533524771805057,5.850224548914902,1.987395275377421,0.45989552472515627,0.3755662925045828,3.759350932924614,0.3062982417412185,0.25798075420304745,0.40219023705261886,29619.79529748784,141.03923270487547,government_led,0.5434174146328798,0.507025244702427,0.5229425042092801,0.49186382718958016,0.6037539836334463,0.1417300589369896
SHWB_147,Shanghai West Bund,Shanghai,Control Fringe,121.4600192256285,31.176861013633086,industrial_reuse_area,0,2020,2018,0,industrial_waterfront,0.8246858577825562,155.36363556055446,0.6591139553633308,0.6641678367700838,29.247462191977945,67.37517224537979,2.6740239734841964,0.420725560178031,15.871918544639176,360.0,0.8286452693402734,0.28349663407650627,0.7025613931384835,1800.0,4500.0,220.0,23.135793466559647,0.4241692804445153,0.2897233805555863,0.5516833062802585,0.7064289772641373,0.6624468722336191,0.9634313698480197,0.7469528141460009,0.565520070350569,0.5416396230070399,0.5787725463930837,121.68233555594023,0.28431810895949305,0.46695598112971104,0.572093059865415,9.69397663897433,0.5301652871526781,0.5382701949976489,0.9128479145877184,82.1073227510622,3.0282188197564115,16.262371795340428,0.7068455148911373,3.2,1.8,0.5639338198150401,0.7496626415883889,0.19362045723725835,0.37898503495527563,4000.0,122.52612236051077,public_private_partnership,0.2391912832589311,0.4705358069261104,0.5202038018466214,0.8741747832527367,0.7511007890531358,0.26209839660839807
SHWB_148,Shanghai West Bund,Shanghai,Control Fringe,121.45502800292992,31.16998416430419,cultural_core,0,2020,2018,0,industrial_waterfront,0.2458454470691016,462.93118975416684,0.7616808910269066,0.5735976943264629,29.61921477845209,71.55630080507825,8.772202359927624,0.5074379077242008,10.934000347672788,327.1616781606039,0.5327665408442185,0.5397976773489825,0.874467370587503,1800.0,4500.0,220.0,37.76661617497358,0.8286895353571804,0.38806789073293274,0.6721263364071034,0.7944090920247733,0.7395519307412383,0.7710772766224061,0.9288981731341369,0.7788977457204616,0.716443338920815,0.449988405520304,117.48761299394826,0.2667419663943562,0.6758442210173309,0.3622475086202127,29.628198403752926,0.6814705911477054,0.695767453510739,2.2564605223027416,61.58090067709367,3.6092002747478364,14.332492868203362,1.389182400747618,1.5393376844940214,1.0097155511493234,2.4376587330345303,0.6058108127484778,0.21065733386832514,0.10489432401150624,14471.949021828106,127.77634302045078,government_led,0.4996722003019161,0.18075092577705976,0.5701398571180905,0.5783751754800766,0.5732918126367463,0.2141360248457951
SHWB_149,Shanghai West Bund,Shanghai,Core,121.45956566971775,31.179326836231255,waterfront_core,1,2020,2018,0,industrial_waterfront,0.6756847664220225,454.94365235936664,0.6038352910928494,0.5177422560818623,29.884790183949754,44.57200919080418,7.328604628565963,0.519931987336709,21.192228073398073,273.66054409845697,0.7081414484647703,0.4691822871434078,0.5803728842242892,1470.330821967335,3038.6492620594463,198.8867655822462,42.0,0.5923422933562608,0.5552695673659717,0.7824228223233243,0.7039656072788532,0.7554385934523709,0.580864113163013,0.6339459804931872,0.6336728885187842,0.4015900673748939,0.5802731859772222,180.0,0.34661427130844186,0.35514428922790237,0.438990377309363,22.450774366861925,0.5115902400347928,0.6118197727521905,2.9761447364284903,50.8193408319989,7.4514327193635035,5.632641786056207,1.3278890747715686,2.167599746613499,1.086112157603807,3.0858600237089466,0.3407765040917237,0.20204753442653528,0.2952594569055705,18160.32381761093,150.84392564677296,public_private_partnership,0.4628648228959496,0.3838471950022477,0.22447156248453773,0.21646682643051363,0.5101303355815126,0.5130025698468658
SHWB_150,Shanghai West Bund,Shanghai,Core,121.44716899817054,31.183077278996898,waterfront_core,1,2020,2018,0,industrial_waterfront,0.12136326992557504,517.722379504824,0.5116392113020785,0.35826678238786014,33.105275809156446,82.25223575135188,7.804616901024118,0.7435910027124069,26.40148056359773,360.0,0.611890025073499,0.5869152236399469,0.6216167766298647,1769.5885620808062,4500.0,220.0,42.0,0.6596008430934696,0.7101411227490185,0.8186084724949875,0.3326666473461814,0.7231131262586222,0.5789224373213449,0.6335553733780372,0.7930090384094793,0.3299081954405327,0.6207991562403259,180.0,0.33196909727030904,0.8461746825744012,0.4940634947358937,33.49869325658708,0.6236419576701971,0.7099661503967609,2.850793467503732,32.244133894820386,8.331095095705301,4.350976921941624,4.021641743505529,1.0478405611091517,0.6685236911372001,3.3132594571766836,0.21217146160809866,0.12213068212127202,0.0,20323.595368031332,198.27574340637946,government_led,0.624977756699142,0.5710415106020928,0.7237338612562125,0.30082405750529695,0.8086788849559338,0.10034341432754033
SHWB_151,Shanghai West Bund,Shanghai,Control Fringe,121.43085590692502,31.198554435940814,industrial_reuse_area,0,2020,2018,0,industrial_waterfront,0.2683076624170684,419.96814805500657,0.8066428849395076,0.6511366899333277,30.18440633271086,82.91955734254822,7.032525763830488,0.5566021006238124,18.33193239477345,360.0,0.7508327091685244,0.4159440770308724,0.9656798403181261,1800.0,4500.0,220.0,40.84875692687039,0.6302724191233622,0.5646300635248789,0.7298454296917782,0.8599335755678055,0.8325500816115308,0.8925503199276202,0.849258506392379,0.7578892293592941,0.5979224454267756,0.9439214985245323,175.45600979855706,0.7149907489968651,0.8238387409002864,0.4600650988191539,20.206222684070735,0.5344370491976522,0.5405587320870126,1.6203426435682138,77.55945938962807,7.131581531150048,11.446347876605774,1.5961995332865178,2.594216066119271,1.246429277135308,2.662154623662474,0.37057285566317844,0.17840057834295847,0.14435247077162755,14154.144186726331,135.95458117717504,public_private_partnership,0.4318336603518997,0.4880830480258975,0.6344942521333223,0.35695629315616745,0.5064818157726346,0.20626780687031193
SHWB_152,Shanghai West Bund,Shanghai,Control Fringe,121.46752958858654,31.1782698128242,waterfront_core,0,2020,2018,0,industrial_waterfront,0.46843058545278315,454.80246468336617,0.6885770419386046,0.49375305451426443,28.04354023424052,44.42174559305711,6.506856284743345,0.44937640978771975,26.34157015637938,335.0296473526709,0.7236476305957515,0.32320704819036,0.7173969008753601,1603.3284797283443,3817.9105154771737,168.2409202514297,42.0,0.690712227527204,0.5976216830192576,0.6642794396563948,0.9039177634732352,0.701370665732823,0.6471878900606749,0.7910282906193644,0.7571408772175379,0.5105618835947521,0.6109690365827254,178.56070708914618,0.30695267056679726,0.5757065678640377,0.4438954355959739,17.89485633060714,0.5453138440589225,0.5726744266681912,2.768215150348068,59.21453819127544,5.738421031374659,8.792739639947383,0.05,1.7395348272734483,1.3042663373765773,2.9659986926305923,0.3893367445219793,0.15106665833493751,0.16640575656220546,19598.84237804287,136.85661093251701,public_private_partnership,0.17161594138672776,0.41732049877816046,0.23607820106880026,0.4551994719850006,0.6093002907948923,0.12231421740839978
SHWB_153,Shanghai West Bund,Shanghai,Core,121.46616354494347,31.175004041600445,waterfront_core,1,2020,2018,0,industrial_waterfront,0.6338883015102795,552.4528358162788,0.6263212423268367,0.5397076947370136,30.04918821707309,43.19394048084537,7.325666207245271,0.6987601673083927,15.798401702964165,360.0,0.6187266068313085,0.2106467497231639,0.5104505759888727,1684.5639715072396,3166.1425210885004,212.33821517741666,42.0,0.5935024891679836,0.6210625848994206,0.7996346349800381,0.8726449729414072,0.5574582286998626,0.7271930125265934,0.6161024073939968,0.4654089134180631,0.4191671001947217,0.5636737058420159,180.0,0.4505345703730192,0.6061355276283287,0.5082723309028555,14.00967176125584,0.3472938581152501,0.5961157106159,3.4047456131433744,38.11229359537694,8.256071055807205,8.999766828116314,0.9017598644538849,1.2301386259085294,0.6073404325322356,3.534690444847363,0.3016717883408354,0.10091893784142023,0.2858444109888149,27712.58826939472,149.6963339952817,public_private_partnership,0.2012382787084414,0.4527806469664821,0.3878203092471906,0.14909422933107522,0.7306090737141783,0.10672748663009825
SHWB_154,Shanghai West Bund,Shanghai,Control Fringe,121.45991832217744,31.195764726705253,industrial_reuse_area,0,2020,2018,0,industrial_waterfront,0.3350646984905307,361.25259694007997,0.6925013344666764,0.5421017995027732,28.91604547580403,90.0,4.437793246859508,0.4509137182758542,15.470921588099282,320.51007322105664,0.6752002275091932,0.2988448828834457,0.8667934523567086,1800.0,4500.0,220.0,42.0,0.6313382423049951,0.4627785329578113,0.7974307056184461,0.8665795211830944,0.8672762943292623,0.7643714773063751,0.7481897791097454,0.672715449577884,0.5596904110978278,0.49198457416512875,132.42610654490954,0.3682996033285479,0.591585311961855,0.32107364592541776,12.329330186597986,0.45800227985021275,0.5294691619072445,1.8397392567961013,79.2981417914807,5.117415469609205,13.008226137641392,1.1488089233213823,2.158188722791155,1.287292123417531,2.053963112374105,0.5513698014568068,0.10900512013451236,0.0,15674.940454519327,37.52289874020689,government_led,0.4047868000355408,0.08402563776376548,0.7417759965626286,0.6341357729533801,0.6058820169457522,0.39394698041902726
SHWB_155,Shanghai West Bund,Shanghai,Core,121.4652116946144,31.18595886600075,industrial_reuse_area,1,2020,2018,0,industrial_waterfront,0.6782003072021773,438.31214001733474,0.8854655036050078,0.7350652752912091,29.319664076946427,67.79788621651049,7.238808416062606,0.4554144957281537,25.126247008834902,360.0,0.9542641464012639,0.6040689883869246,1.0,1800.0,4500.0,218.73017794823622,42.0,0.7509136365432837,0.5206833226536784,0.7370356618326248,0.8601863115866867,0.9037939667200574,0.7127505681714144,0.8490187929714871,0.7613330869015872,0.6512694943718123,0.5997121441678551,142.55610035592943,0.33304892994241125,0.6625149597065584,0.30411590108287334,35.622809951304994,0.6256390646276646,0.8040544173763641,1.9075011096011574,52.907690872173994,3.696083179508041,11.20873493546438,1.0239257634980297,1.6752655486090144,0.8702736472067181,1.5572533498857988,0.6392391110200545,0.36937802351501164,0.13111011057169303,16725.829983068757,42.75325312972776,public_private_partnership,0.7567498596349478,0.18065749033818965,0.6362386653402913,0.6978132470771914,0.6256605436267885,0.042188402241003446
SHWB_156,Shanghai West Bund,Shanghai,Control Fringe,121.44185232882046,31.178875778691424,industrial_reuse_area,0,2020,2018,0,industrial_waterfront,0.6430681836640719,468.28278015316613,0.6278403673935523,0.526057176600639,31.406746346109188,45.15660839257666,8.087309044664673,0.5670118137659353,21.679911386252794,239.79594237060567,0.44371980287431056,0.4846943976177027,0.5908684071911823,1208.984613068879,3529.0192460943713,169.5825348642967,42.0,0.6289420829952964,0.6432825445931958,0.7396116064291871,0.7484964788379161,0.6477858168733907,0.49253674944816817,0.6746706014303192,0.6228950493944972,0.44788902021238924,0.6162311301042851,180.0,0.32225776231744857,0.5699555054513605,0.37130117095345433,16.203495678811585,0.5501883129414982,0.5975255684693848,2.6444313755684927,57.36168745114963,6.781801589837165,8.295780066156691,1.3270004613474091,1.5464337732982174,0.8962507709997695,2.545672645758251,0.35050738387457037,0.34599235344679014,0.1077124740091852,22959.944126011498,43.18422651001424,government_led,0.5027072306927504,0.2866873135472839,0.29566117363028355,0.2753027818210423,0.7777567974991404,0.5749815708624584
SHWB_157,Shanghai West Bund,Shanghai,Core,121.44374756835013,31.17537836143239,cultural_core,1,2020,2018,0,industrial_waterfront,0.21338837872585914,281.08666610666415,0.5961781140382829,0.5265523779754838,30.91320384819604,63.91496302953367,5.084658121040813,0.3592705246944566,11.637854787166606,321.8063750061872,0.6336360812658646,0.3725707337251062,0.8625091001517822,1633.7259175689444,4213.630105822116,220.0,28.134685277698605,0.5230375452137969,0.49191937726978324,0.5564675459060575,0.8129441318907654,0.6060126348484184,0.7402195101485546,0.6955960737601168,0.46996448998386353,0.45741360076362514,0.4442879316115237,117.3318243993587,0.41501933049783957,0.6389056054778399,0.3145909238829492,19.57522081786213,0.43097123705127144,0.6031934308543897,1.7565418483616704,79.90392543872314,6.288542139957946,13.416367460757325,0.832775036104305,2.268756919249764,1.2400627160206554,2.888973974187477,0.336888596131428,0.12650393746263536,0.0366901369667604,8824.872119906206,131.41782525661262,government_led,0.30716329314633356,0.39240093718829216,0.48499563500780946,0.46004197110951245,0.63220980833007,0.10293037205310689
SHWB_158,Shanghai West Bund,Shanghai,Control Fringe,121.43653293298898,31.178853298351402,waterfront_core,0,2020,2018,0,industrial_waterfront,0.906915016671743,359.3032247716317,0.5737253913324905,0.47340815296897854,30.90656763516773,51.64712570188389,6.0232178313896485,0.5222931123590374,8.925676496300007,315.0546493196483,0.6082936336310012,0.2746513674951899,0.6874234253920011,1166.0827852376028,3068.194756910583,188.31437159441828,27.9542196261709,0.7696345046841283,0.4824619897325834,0.6986786645355065,0.9493759422265801,0.5888278321030238,0.6124716632593433,0.5488080042617368,0.52899604111766,0.4306624553085678,0.5258388011028564,180.0,0.14560720759017293,0.5675691385139661,0.25317038667263403,10.546422906948374,0.45108647922807815,0.513690387313317,3.0963281990212055,58.233775793327716,6.861111579207669,7.707691886811963,0.3013236794983606,2.0617861978676095,1.3115499956948338,4.2328214656737915,0.17094945216498555,0.224721832976777,0.3927119276585123,19513.78682404725,121.21306140126988,public_private_partnership,0.29648961430748394,0.38728454132250173,0.39285808320378496,0.05572934439934825,0.6530477649860863,0.30971103467624034
SHWB_159,Shanghai West Bund,Shanghai,Control Fringe,121.46635359911487,31.182368676037253,cultural_core,0,2020,2018,0,industrial_waterfront,0.7499683427496989,595.0679508153834,0.9193510372215968,0.7531315111023742,27.102848112650026,80.39111723053651,9.677047251080747,0.6089778537983046,28.205848625280634,314.39168644247985,0.8047895660807254,0.3259746133594484,0.947270955639981,1800.0,4500.0,220.0,42.0,0.8188960924998226,0.6374566340019896,0.8000520358697505,0.8576288767585437,1.0,0.8700494110790058,0.9894791300572082,0.7238011373316996,0.7757560522962995,0.6154588794695309,180.0,0.45137833929933113,0.7025172165675257,0.4670806326043076,20.148668876981038,0.42512279311519424,0.5763589310890094,3.588985870215274,29.87186992773424,1.5,8.615449710575561,0.7357080541455896,1.0213481234262347,0.5503563584568554,0.2813716955459393,0.92243835073502,0.20314161617674897,0.12351839262084381,24647.364071708394,59.105268446511715,government_led,0.3542646872050076,0.15205496329445436,0.5960481193396334,0.9309656339616269,0.5736888149925422,0.1399492372377497
SHWB_160,Shanghai West Bund,Shanghai,Core,121.44765605592396,31.178807577831027,industrial_reuse_area,1,2020,2018,0,industrial_waterfront,0.7923925709127616,505.17667396652905,0.8475746921289524,0.5548832851826101,29.577565859581586,69.09059773100591,7.5348353819754195,0.7327493751660691,23.64541351250719,331.32766818102164,0.8476364658965766,0.615003925359078,0.9180947672693224,1800.0,4500.0,220.0,42.0,0.6166355860171421,0.5183901554743245,0.775755287687503,0.8671183230111996,0.8681741919752134,0.7441411103191121,0.9685845568481686,0.8946476857044449,0.7842337758186393,0.6405111626133875,180.0,0.4192917946390299,0.628865314015425,0.6280172267193017,26.823979436550847,0.6409178990541221,0.9068326112919703,2.5399794102417643,52.40915633251337,4.95428580272846,11.514329180098647,1.1764495578039627,1.2207923463111257,1.1439606926849428,2.112399716236134,0.5668653601467886,0.5377371856213292,0.3251729105117373,18639.834360926154,89.19071764318994,government_led,0.6887149095369745,0.4173974441471227,0.4401174049848686,0.7041179786537608,0.3693312499844124,0.5569568807596003
SHWB_161,Shanghai West Bund,Shanghai,Core,121.4466233992378,31.17285798845273,waterfront_core,1,2020,2018,0,industrial_waterfront,0.6795012427692771,468.3338726748328,0.7242479471643881,0.43353771497154076,30.152821595741944,45.571312834313474,4.316588222973228,0.29081446910385533,13.018789758035421,293.67720919144375,0.744472746034523,0.3512371580762787,0.6831713003579949,1693.7518966796363,4500.0,168.6020873019354,42.0,0.7242901886227285,0.5812643930272128,0.7424038463617085,0.7300567703989999,0.7160056086808099,0.6940711677912732,0.8145161022377875,0.642808145019592,0.607257938653172,0.37551100388899195,134.09631231190633,0.4100474479680689,0.5009567189521819,0.44142104073582883,16.685766084859374,0.4334737972825302,0.504141956171942,2.1590419715062286,69.07253994707119,6.239425003602797,10.429881284653504,1.6739933305279653,1.5942897243989322,1.091174939355206,1.9325922373127795,0.4916343963994518,0.24912733558103384,0.006928310229981083,15800.56356911114,71.8626568784767,public_private_partnership,0.49123850991434703,0.23449798018514467,0.3792528613265756,0.412534744226335,0.7009078295103911,0.18402844707670146
SHWB_162,Shanghai West Bund,Shanghai,Control Fringe,121.46174810442368,31.191930752019157,residential_edge,0,2020,2018,0,industrial_waterfront,0.23045293088104382,397.4929437042349,0.81865838912486,0.5554018618684781,28.608095678949756,84.07551503252945,6.019711289666079,0.4443296586031548,13.079674119704494,310.8043437251726,0.7241725751394757,0.4959010758370882,0.7988120662209496,1800.0,4500.0,145.597961542166,37.20239284471509,0.5710443464957925,0.4119057215434853,0.6492341590905704,0.9152088240837208,0.7863368577345793,0.7637947666506603,0.6471777714786529,0.677528088847305,0.5504037007936667,0.5124691115876461,108.86696768143813,0.2802426688256818,0.5780118931458024,0.22902388578279892,20.992161923998182,0.5668749444240465,0.5547586405513413,2.9766260089731604,76.24235258153702,3.9263949438841044,11.045723891894031,1.248850787967622,1.975169149706416,1.294844835505161,1.8735265965179528,0.6846174750577111,0.07504403470008976,0.06106044797243792,20160.253965462492,81.02926477476919,public_private_partnership,0.5033204120993316,0.13403887822483665,0.5696402628360049,0.8146423072070265,0.3451893076845847,0.014478314896828728
SHWB_163,Shanghai West Bund,Shanghai,Core,121.4545738593997,31.185296977692147,waterfront_core,1,2020,2018,0,industrial_waterfront,0.6381518112850343,650.0,0.6329028202281027,0.5385207244625468,28.058145299645883,46.513843117492314,10.245150288478541,0.8120087884213263,27.181860935171017,355.03802045972554,0.6523933983479936,0.3267409540117439,0.4441894011339427,1800.0,4048.355931774104,205.03457041601752,42.0,0.810502604941911,0.6397734893942904,0.6573146230533256,0.8345311358710558,0.7922920006321158,0.6962088850694391,0.595294242098819,0.5436524318175137,0.43027943042678474,0.5146389841096916,180.0,0.23129022244215994,0.622082716541543,0.25980752834171805,26.75631404109416,0.318979671230338,0.5345775596883724,3.7465363152947004,36.58623249475577,5.8461354945057655,5.406328046721803,1.1794453964179519,1.024190767125617,0.3094769262112524,2.0952107397172135,0.4729361275686142,0.16954558043191628,0.37137005171412946,32418.6483071613,117.42534874268591,government_led,0.34240540848005563,0.49039760417290273,0.3995622312116036,0.5783884492744884,0.4647316939058804,0.11807394806876262
SHWB_164,Shanghai West Bund,Shanghai,Core,121.4742447085954,31.184734104648143,cultural_core,1,2020,2018,0,industrial_waterfront,0.3057181071891819,414.4968100641852,0.9048660709039613,0.6061485067177702,29.087580847300767,71.03318677357005,7.138465178941009,0.5089346443278642,20.96780565609872,333.42431065447454,0.6948604056370334,0.30767797038661554,0.8505121302766143,1800.0,4500.0,220.0,42.0,0.7498894320737545,0.5179627203823606,0.7335678549297417,0.8054285329219077,0.7901029984878654,0.7158145105223337,0.7640213605997412,0.6780097147289645,0.6179186535707464,0.4934473228683426,180.0,0.4492163870992171,0.7573344182464571,0.3706761652549705,12.966396111189196,0.44598404956889337,0.5414014839876514,2.7059558728142408,54.34684735698582,3.6454150567561174,9.044054199191168,1.1304971240923538,1.6161673914808832,0.9479748866570529,1.0135941770383816,0.7468956095532562,0.024096605106038782,0.0441528148940592,23111.699187563296,117.32934789430209,government_led,0.31719087328926887,0.39966270906398116,0.4787929239084744,0.7313370543370035,0.6012079040926191,0.1993735237155855
SHWB_165,Shanghai West Bund,Shanghai,Control Fringe,121.47780665196412,31.191978590904572,residential_edge,0,2020,2018,0,industrial_waterfront,0.5659744791848943,280.762716782111,0.8359640850879987,0.6441893752737836,29.390172970962613,67.0139985384341,4.632460394253615,0.37701663015076076,11.959220972414629,360.0,0.6386139119302969,0.24628265405040276,0.7714920291125601,1800.0,4500.0,220.0,18.321772185241862,0.6172082765848662,0.4711421663807092,0.5177729349838929,0.7417690627752312,0.852286258159805,0.689388989456879,0.7764980990967325,0.5415401841384814,0.6239514847080927,0.5946213278387297,146.3788031936459,0.35026028316645946,0.7251107804113317,0.4039545117826519,16.246604234001005,0.38609515806209893,0.5370627099851754,1.3000188293463073,83.45560132053613,3.889004458205262,16.921072011317268,1.529263152447138,2.086719347520585,1.5760952548834657,1.7410380172590383,0.6693830890546922,0.18545855918509666,0.24829267388213375,12224.876643651964,123.84960357353575,public_private_partnership,0.3293140743526456,0.41455540584818673,0.531159803193669,0.6551906579949056,0.40924238481844843,0.0621154478668577
SHWB_166,Shanghai West Bund,Shanghai,Core,121.45453494562278,31.18210974378463,cultural_core,1,2020,2018,0,industrial_waterfront,0.6207466074598236,479.03094463127246,0.5350246351841765,0.4661713265259719,31.108203163965243,34.1769175260573,6.991956917566034,0.5693604846480385,19.449173343499773,218.8815459953344,0.5045499606103354,0.49919769136931513,0.5858362142151202,1057.6868425405132,2915.4276831556576,129.03771163983052,42.0,0.6697741643749058,0.524119140596758,0.578388279554376,0.6248728542379275,0.5677228297642788,0.5878064322782801,0.7568962358121027,0.7178091961244746,0.4089189858646462,0.3744512646295192,180.0,0.10459780815640363,0.3962848655744872,0.16002041512473955,21.66588116321049,0.5593383796695577,0.6657065247385267,3.2561365303279235,64.73720768995739,7.753928182020165,4.287031724678087,1.6106742573549466,1.1288336621312562,0.7907625366870294,2.719967787643253,0.27334817338265377,0.2993544063095315,0.18353386392424992,26384.638528805528,107.17368809620933,public_private_partnership,0.4677212188021672,0.2859142013161809,0.24402251364689329,0.19675338149064475,0.6441371885774695,0.24589192841639346
SHWB_167,Shanghai West Bund,Shanghai,Core,121.43551189499516,31.17821421991419,waterfront_core,1,2020,2018,0,industrial_waterfront,0.537552873673126,381.9769505633818,0.5711580171744723,0.48814558694367405,29.989829280800567,44.553330640509806,5.879256247505197,0.6456426817911831,12.670092535635748,330.8293543737214,0.5895868433668053,0.5294250499366869,0.6654970968697324,1390.301706227664,3566.3735541888504,157.37212121570693,22.86274124792453,0.5615610474720901,0.4753147709674345,0.7159915431105554,0.9756888464393713,0.635079043369051,0.5883031000964036,0.8016851197871998,0.5329688726630339,0.4193176007283893,0.5824527147984376,145.64707918028225,0.24696747032358346,0.5899343779159959,0.26401735397677234,30.978586024754584,0.5610856876609195,0.5973097861331252,2.2644560724099287,65.81866843902836,7.606644478984176,12.559588580642874,0.05,1.876039613756574,1.270170656360828,3.202639081411045,0.29935272157110043,0.3579427114387712,0.17511764918342632,19722.16289325303,100.61598681009689,government_led,0.4260748384973496,0.34090626597488194,0.4022779699719457,0.29021454653183576,0.6171845273321048,0.3640519904705844
SHWB_168,Shanghai West Bund,Shanghai,Core,121.45066931877925,31.198041351675087,industrial_reuse_area,1,2020,2018,0,industrial_waterfront,0.7336086532327779,650.0,0.5780228325576315,0.5167053869230964,28.7436091884579,65.22128775325177,12.0,0.6899424474399948,18.830319138976428,300.6551170428394,0.6530352274305034,0.2597066880678063,0.6695174411260162,1800.0,4500.0,197.53271006937177,42.0,0.7534587147107653,0.6170721612514354,0.7715913162031134,0.7318035378469937,0.8007562962132938,0.5045196927623206,0.6397778682937162,0.4916186819456353,0.5730444886625342,0.32484096910679067,180.0,0.3275953979870444,0.5494052351032253,0.32856498311778715,14.069172571161742,0.3782005147484329,0.3342551180357318,4.563681665762193,24.75590672438557,5.6703639807460755,4.8939482969614465,1.7446711574173743,0.3884796087771971,0.2468253989638075,2.2031144143599715,0.495052111650827,0.2473070086967966,0.1889353739837904,35703.67177981579,25.183300962427552,public_private_partnership,0.2839274406641485,0.20450386086563263,0.526725035839942,0.5584190627407137,0.614030390825216,0.6370412918837636
SHWB_169,Shanghai West Bund,Shanghai,Control Fringe,121.42589173658916,31.17990677268711,waterfront_core,0,2020,2018,0,industrial_waterfront,0.6699091033090853,485.60063491991747,0.7097872260189333,0.6731058149769947,28.65982176089982,75.8607756873267,6.695668635949989,0.5360187015006329,29.691596712600926,360.0,0.711566048061537,0.38263545665067855,0.7144128882277951,1800.0,4500.0,220.0,42.0,0.8214508652830581,0.7342341090392366,0.551819091835255,0.607960312950077,0.951024905604395,0.7659707099316322,0.8403924427643652,0.8159729504629893,0.7270131199423132,0.7254849898827236,180.0,0.4085505465225616,0.7823696822236557,0.4947058202250811,23.358301996080282,0.39155007547045934,0.7915908468379969,2.6500753108320456,66.53307125943246,5.122056626054947,10.800675484354235,2.679615362200948,1.191659618872007,0.7756423838668893,1.6736661466742748,0.619236951489263,0.392413558038209,0.2771033028105756,21209.69195105619,83.14638890116625,government_led,0.48574605442220786,0.4514718219625098,0.4680385011251171,0.7020941704043787,1.0,0.43712094381514677
SHWB_170,Shanghai West Bund,Shanghai,Core,121.47201141665025,31.186446790060668,cultural_core,1,2020,2018,0,industrial_waterfront,0.7142824472548113,545.3036213149742,0.8391526370222244,0.5551038542073656,30.268958861269216,63.312008560147,8.309936590618484,0.6633880562480392,29.96442233647644,195.2306169182605,0.710748098019239,0.3559015314872311,0.761446225393201,1800.0,4500.0,119.90477593282888,42.0,0.8648633416818379,0.6602930691515844,0.6141388889495706,0.9193665656460888,0.868313444815026,0.721562081118077,0.844393232095649,0.7658888958189037,0.6583368805456374,0.4984290731739795,180.0,0.3238960333636952,0.47300152936520606,0.42921449865877614,20.795874666160813,0.4679436533797211,0.6495335943859801,3.971398515399378,25.730237720405338,5.635840507824971,5.473335466424997,0.9295944340651348,1.2283632710552115,0.6359503750328821,2.0281674423549783,0.4970594737187987,0.32235674520821866,0.1416811253350828,27893.006451837075,80.42580784269018,public_private_partnership,0.32118627968058117,0.10477523624378923,0.30086317826302544,0.5950416167901587,0.4619631383536369,0.4673631833662427
SHWB_171,Shanghai West Bund,Shanghai,Core,121.45700890995107,31.199370963474014,residential_edge,1,2020,2018,0,industrial_waterfront,0.3314275336051874,386.0649685205014,0.8908969424129595,0.6203651014965168,29.87710704116055,54.79945054692563,4.973266995917128,0.5385681648127993,23.999549679661364,349.36857977868914,0.6752506443484984,0.2569276186902696,0.8033565372957493,1725.5087754579304,4500.0,216.94634481374462,37.575270036431384,0.7759869821742116,0.5753290415871389,0.5249048544904811,0.9698716161087891,0.718247054312198,0.7253564708924713,0.7168237359211531,0.6819847001116307,0.7261207579246353,0.7573247349111529,154.375350111059,0.3999335438747046,0.7483637721407503,0.26764029227666675,17.233179671828392,0.4178134140192944,0.6258964559917486,2.291231721775092,73.82392920059546,5.395736051943736,10.923628895165367,0.3090516224203656,2.7127736317772086,1.115150879251579,2.6504317332852425,0.5127494765428402,0.08834041024899159,0.019025801380653684,13096.094204910474,109.18941850514939,public_private_partnership,0.1366953179293143,0.3672674228373471,0.38623160163295317,0.5533687216138681,0.608491722559268,0.15015947298574264
SHWB_172,Shanghai West Bund,Shanghai,Core,121.45459757213794,31.17581383663032,waterfront_core,1,2020,2018,0,industrial_waterfront,0.6858687711295598,369.0632970039073,0.704888552690856,0.6148017879631201,30.028820020283806,29.133465702499322,5.747352734296857,0.4552637005360031,9.642690460822294,273.2703599223605,0.608534177415372,0.3189112174607844,0.715814534097152,1345.3302498511061,3993.674566282089,220.0,27.935363549997547,0.6295341974826193,0.6393024555967876,0.49262248589668295,1.0,0.6395307061624194,0.8040247745594902,0.6597211191469216,0.6375942230996634,0.5898926044154185,0.5353224858400891,180.0,0.3305857033870897,0.5567008498725979,0.5290539661369336,17.367028947928993,0.39927172087684554,0.5750697353183786,1.5516328381934785,65.67284494880154,5.235297865128919,9.685084119582767,0.08012585198642423,1.876832695630091,1.2940966849476274,2.4667908974128445,0.500234761692239,0.16010242951623296,0.4178955755226122,16836.277598164816,155.78319827461112,government_led,0.3120953861780327,0.6458257504270233,0.09660938516622859,0.5097970629085332,0.5285947421782036,0.3038071939547393
SHWB_173,Shanghai West Bund,Shanghai,Core,121.45205558563005,31.188249036411055,waterfront_core,1,2020,2018,0,industrial_waterfront,0.2653013159789065,346.32820824729265,0.7270984642159689,0.5270621927659368,27.740361814806086,58.40664151003665,4.438553207919771,0.4740554538082339,35.0,338.7751723682745,0.8253317800900243,0.3256148663939315,0.6434591951327956,1611.9137238082524,4180.635247164513,214.513280339111,42.0,0.570453391477597,0.5453490257073791,0.5076980726745935,0.8793027327759443,0.7757261672245653,0.696084503755658,0.8057032900780583,0.9114905379057046,0.7008103523653562,0.6473179354895537,107.90330722170863,0.5701528566958048,0.6850367639650289,0.47629382942935605,7.852802565069648,0.43501600441391325,0.7633180687478733,0.9698875033806361,95.0,6.537495900961591,14.601394329169997,0.5135247619440747,2.463902405519512,1.6395939285591277,3.258135023592745,0.274972493886231,0.09226638542658928,0.05319013811708694,8950.538587163686,86.61101224629806,government_led,0.4004039068681419,0.29213640526417833,0.2924989615439906,0.259752286527085,0.7675017218586284,0.33288592944491846
SHWB_174,Shanghai West Bund,Shanghai,Control Fringe,121.45879288699649,31.171355095328273,cultural_core,0,2020,2018,0,industrial_waterfront,0.05589841114477957,514.4191804138429,0.6728674820889491,0.5034466343493674,29.61653072439392,57.79761243410248,7.180134622246555,0.5977825930026027,18.938267448218898,287.18830958795365,0.8020741409790773,0.24018135404487456,0.6292075090412118,1800.0,4500.0,154.70582973931516,42.0,0.6154695795002231,0.6706475339854082,0.7518893486601821,0.868903239562049,0.7103944538915501,0.7556691185083733,0.7471266625870869,0.6318514784243089,0.7096361389455756,0.5728948781655807,146.1226152212345,0.23383937867329013,0.6433408544012083,0.41611754320811656,6.289504027410489,0.3487678206650301,0.4937012309250597,2.871741272547065,55.46397144778905,6.039819209653025,6.590793100566231,1.1085371460249225,1.239347919395903,0.7654225668289625,2.3946903508543445,0.5015834018682138,0.04455499357098498,0.051423283734120175,17321.08523273642,21.93290847609272,government_led,0.2990678919254321,0.20596613949918083,0.4113635799467258,0.5022770969862018,0.9352717641705429,0.09152514974122318
SHWB_175,Shanghai West Bund,Shanghai,Core,121.46657593351287,31.18041197798485,industrial_reuse_area,1,2020,2018,0,industrial_waterfront,0.6563388104287055,447.0260283864848,0.7978165735167152,0.6537831820008093,28.54333733347087,59.670269630200785,4.840113390467137,0.6993675870164363,17.640209721450947,341.43573524502966,0.7394484405497992,0.5173721599919922,0.9624663944578429,1800.0,4500.0,180.067349508009,42.0,0.6615600269405103,0.5543766572861836,0.7309395533394184,0.729420954498002,0.7075137317273518,0.634355735919961,0.9433004268132734,0.7149746382797515,0.7861781025420735,0.6304753478175297,155.12429987603477,0.36977720975593703,0.6000258875262395,0.3533210438274411,22.400025833894695,0.627186766795518,0.6504705122308873,1.9859119757570083,83.82646849258545,3.9808498235063006,10.550617132804245,1.049295414667631,2.01988139948594,1.4038016842957441,1.314489982220821,0.7178736127187082,0.22693232553429557,0.14943304333213428,17563.909640211183,73.85057973141349,government_led,0.505878890953237,0.30715115675653315,0.4207138729477307,0.7449165258836873,0.6866870412175831,0.19895750806865453
SHWB_176,Shanghai West Bund,Shanghai,Core,121.44781130471375,31.182638954843007,waterfront_core,1,2020,2018,0,industrial_waterfront,0.7794163692577551,304.83378390149926,0.6617008700422052,0.5023094992332164,32.03187371858282,60.290812359550415,5.018038595051272,0.49885474887223547,33.014349983374,360.0,0.7331386761125348,0.22517261644401076,0.7165535632520124,1240.8005236115293,3567.081940465766,193.13516446965616,40.80329837779409,0.6068893762883056,0.4529191453554534,0.5497892201279121,0.8340862160580603,0.6290773981877096,0.8138677326744291,0.6913396381407737,0.6281587300673078,0.5715255587035211,0.502342155515843,154.40308050476082,0.5188498361168014,0.4712939745553999,0.41797151616890116,12.695646084450937,0.30041502861012315,0.5253836884056895,1.0532909193446753,70.07766515827038,5.7298936682230615,13.551472113868183,1.3024288574773506,2.012599216366018,1.2251764223194792,2.9344825224876225,0.36972353191969115,0.12112206773606318,0.4086594607072995,17349.871732399377,162.92185380434503,government_led,0.24662639922700655,0.5000155262592645,0.3899255793759637,0.27183534173849655,0.5023183445756042,0.23457672113813688
SHWB_177,Shanghai West Bund,Shanghai,Core,121.4480556851467,31.184982066423448,residential_edge,1,2020,2018,0,industrial_waterfront,0.9396589001549023,235.67030161276128,0.6665971973448798,0.4580432418142147,31.513194958805194,81.49573924184364,4.489613922692737,0.4349026017216017,26.01401345767755,360.0,0.7638792947568828,0.21882558036236285,0.7934505362000299,1800.0,4500.0,220.0,42.0,0.6215594595722341,0.47912142160611415,0.6231157724098962,0.6582463373216061,0.8501360322084024,0.721695911770816,0.7472366421449739,0.5771157146089843,0.44928159926197253,0.6807562444410478,172.82131924021493,0.32040633657081996,0.7094135287557214,0.4513320675757318,9.49466858175353,0.41685872083121617,0.5542765577416696,1.5806195938976026,85.34836536034253,4.638681564250819,12.292823935321756,2.176523022072167,2.204315945190511,1.3070098578776317,2.067540632918964,0.5489714714277313,0.2046605887891913,0.42217936915538984,11105.198549984038,158.44965007979152,public_private_partnership,0.16315142035353103,0.4709099293578836,0.6407632833299987,0.4931118506530422,0.8330138294874814,0.13031168581191896
SHWB_178,Shanghai West Bund,Shanghai,Core,121.44348030145187,31.196664195084562,waterfront_core,1,2020,2018,0,industrial_waterfront,0.47799854734688657,577.1111750404787,0.699167209328336,0.5531688197480809,30.088316146937597,63.50253205395522,9.817129826727896,0.7042836009556638,16.61603041391789,360.0,0.7112654105450346,0.09635822757885965,0.6818929398802945,1800.0,4500.0,220.0,42.0,0.7457687222024236,0.6548838911106711,0.9280555582864469,0.9648280078318003,0.8348358104892232,0.7530878235427206,0.8267010239344508,0.4318918307468659,0.5332902212386652,0.645587990308846,180.0,0.3837963364114525,0.6482364433502494,0.47200636658515993,6.908038766996429,0.25259828736548007,0.4345661221833575,3.9427231905920506,29.44521378816516,7.30678640757611,7.844605381860721,0.05,0.7391801918205562,0.5750595065115859,2.1844179519105213,0.35121598146472566,0.1045641860080058,0.23050391038700074,26579.522223192802,82.64155052058507,public_private_partnership,0.22223501627417064,0.47902044565848656,0.35401023286013816,0.33447133125190015,0.48451144365112386,0.3761882526215538
SHWB_179,Shanghai West Bund,Shanghai,Core,121.4466103261044,31.17622355510592,waterfront_core,1,2020,2018,0,industrial_waterfront,0.4922362136463641,270.8702439764405,0.6069783121648247,0.59262595832037,28.67303695555771,58.91182305165106,2.5418660621065876,0.3155851975069999,12.113417340213473,182.84999005137337,0.6737540417594072,0.28021773399151384,0.7344713790746545,1800.0,3756.4381855474835,136.27353156021462,20.35220066558459,0.3712091817225698,0.49503204556640923,0.5033712213032545,0.9318049005421893,0.5998439222012948,0.6253548986256455,0.7844453467579185,0.5660465692924224,0.6353156479800857,0.5289233035219062,43.49550133175636,0.22853520031280128,0.4547332333791282,0.3265683130797067,17.846826781344085,0.46493343363273837,0.6315381277055905,0.7,88.21663480224099,6.669152836700023,15.649927064081144,0.05,3.1785015864599417,1.5592962086049758,3.212402840048955,0.3756293843849239,0.11995753589288669,0.0,6041.955161759123,50.4580481920674,government_led,0.22085222535658428,0.0,0.3532006533142474,0.3930572135197615,0.6338053792623752,0.11577285018600628
SHWB_180,Shanghai West Bund,Shanghai,Control Fringe,121.44880499619357,31.19163985170306,industrial_reuse_area,0,2020,2018,0,industrial_waterfront,0.70541082816892,458.34865162713606,0.5523002191418861,0.3565797693325121,33.554503966151024,33.45208343658837,7.424706433705986,0.5112788201365179,27.717127567671316,299.54608681561797,0.6674620132139498,0.11863907115412747,0.4684695714908299,1143.8873086384415,2056.893695747356,173.16339003767402,42.0,0.6988204197088352,0.618367908340104,0.7113292699867946,0.6543862513230616,0.643969246809268,0.544577288033667,0.6089530764304333,0.48737148239029443,0.34367480334999934,0.5343191233041429,180.0,0.44482173751647724,0.5127941254042727,0.4901346483178838,1.0,0.3213976200445131,0.5064025481679267,2.5018488399876726,59.06112409337355,8.633066056889493,8.510435381808264,1.604460354249897,1.8676293384956273,1.1982479046885746,3.6223756316428735,0.14408990115360443,0.04791944434685779,0.2717524597759319,19100.654923955248,115.4028521180079,government_led,0.22969699626755352,0.43764407350189166,0.1717854695149196,0.09629944498980575,0.44975296404611387,0.32718052779869977
SHWB_181,Shanghai West Bund,Shanghai,Core,121.46449487827627,31.20511971991806,residential_edge,1,2020,2018,0,industrial_waterfront,0.2542918393629138,269.5532919727202,0.7975056583212721,0.5395652778960145,28.69915916993051,42.45119571300493,5.256607339545122,0.43741033278298125,21.231058195126437,334.0623561336665,0.7401897170308733,0.3813427736958743,0.7113043429182949,1800.0,4500.0,188.92189560068172,38.300136008570604,0.6115321080314423,0.4810883224674305,0.570899603402998,0.8979601228752104,0.7799403678821201,0.7006940936459605,0.7543176074119592,0.5773987199887654,0.8248254469758045,0.39156438567981744,111.5564307473719,0.3579388578191202,0.649010537961029,0.32610083563296927,19.684368228592938,0.5169922065807893,0.5653478060620235,1.577971187670685,69.08456187071388,3.576098353868927,12.541476304929652,0.09532336094896053,1.8140598435695803,1.3921607124188398,2.2282395248744753,0.6674632737223102,0.07996327801171786,0.09919706048029939,12384.576410735739,54.533949534481906,government_led,0.34617310508245597,0.29377404450897227,0.46504968884420744,0.5010277239863612,0.5625748239026183,0.16937150923325017
SHWB_182,Shanghai West Bund,Shanghai,Control Fringe,121.45796046769836,31.158717723238414,cultural_core,0,2020,2018,0,industrial_waterfront,0.12954623154732708,646.9403080991349,0.6185564362850964,0.6312333315073948,29.257640383714346,45.423800201454284,9.051869913527124,0.6562903356610308,10.87762225414072,266.61091412084494,0.7015640515693407,0.22936286925405533,0.7719614996843891,1800.0,4500.0,174.73869886899803,42.0,0.7944092693705813,0.652109696691964,0.7801671933239827,0.805476165325434,0.6687055517453113,0.6583218473506307,0.7586229700165098,0.6107595863245785,0.5431340179350985,0.367133694347887,180.0,0.2780223994169552,0.5781913627374683,0.18459188190028183,12.171524631646623,0.38087740010688353,0.38250161123646853,4.224356329455733,37.711589564438995,3.632904691572815,5.736676098203724,1.3963424681946104,0.4825426257096207,0.21821630174529594,2.230375659955568,0.6451308272680604,0.0,0.0,28128.053260168766,88.88205990559716,government_led,0.19480959127617506,0.26866657908309055,0.4474699421333875,0.7538772103075781,0.32520232466883725,0.41817711587432943
SHWB_183,Shanghai West Bund,Shanghai,Core,121.46273979819924,31.184486919411466,cultural_core,1,2020,2018,0,industrial_waterfront,0.49144775354083786,328.0025216795966,0.5429503603265777,0.4120687004291501,31.51801120982724,26.42899072302442,3.8828387511424998,0.5744202949893538,19.0750107836702,244.88473588211988,0.6368187347417287,0.2958223691337908,0.5066387421819059,545.3938258816977,1352.5132080178066,188.3866629825336,42.0,0.6521554129666662,0.5174997518314106,0.698026234227904,0.941354600937744,0.5155136207580969,0.5991784992142923,0.7024047930145876,0.5948139029661056,0.4077226380891954,0.5613590835271645,180.0,0.23939560138191265,0.4081703719651093,0.27788116383968253,17.81679034206661,0.4568514535734491,0.506692869982614,2.1953917877524343,71.12436945117548,9.409952917526349,11.531021202360815,0.7835912652000624,2.0626242282215284,0.9001894378264187,4.6,0.051164786825915805,0.08148521015550274,0.297698958470224,15059.097793291468,120.67761433657094,public_private_partnership,0.33348028665003393,0.4471994852014997,0.11418478531980121,0.09970538736595194,0.3368719241387713,0.3081216501616944
SHWB_184,Shanghai West Bund,Shanghai,Control Fringe,121.46060975450622,31.192028459944957,cultural_core,0,2020,2018,0,industrial_waterfront,0.898317514832395,595.3076186705457,0.7224657807072723,0.6138375060917844,29.691360060748295,51.85749481035038,7.793688114169395,0.6188044971539963,21.861202487511484,154.5475681747156,0.6696049266243937,0.1947214333556655,0.7620437915907925,1800.0,4500.0,117.99265718305111,42.0,0.7792950726909283,0.682817056591303,0.7536321525521177,0.836955243294248,0.7440000507794944,0.7766011552654918,0.667025739709022,0.49928683716504907,0.5799211780459635,0.43933477778536,174.2471428617857,0.2897666527584673,0.41098954407411525,0.33302878821749327,14.038844953252541,0.3340960538660821,0.48723405656360347,3.711973777033255,37.82969156461333,3.154440242206009,6.9821723881849005,2.1917261490286584,0.3392291509830845,0.5944054227385716,1.7252518645404114,0.761075438326197,0.16448272461087643,0.12673120002596527,28877.735950032824,11.714779228584305,public_private_partnership,0.2009839059757783,0.06157638920128122,0.310149738701216,0.7039666425064393,0.7508648630864659,0.19897008531118932
SHWB_185,Shanghai West Bund,Shanghai,Core,121.43083238550452,31.1964705833207,industrial_reuse_area,1,2020,2018,0,industrial_waterfront,0.6362606370651296,231.20134934288444,0.6243602625516457,0.39545994633651294,30.22351501860072,57.298387778541695,4.19358873965115,0.44063815352691643,8.887276236010575,286.9361507543192,0.7050267695164972,0.262821239940617,0.5796985100088359,1539.905430061679,4500.0,174.4378890233952,24.89609205457143,0.5898197193367394,0.4924604552763902,0.6155810403266754,0.7215141097594433,0.6542420398222263,0.5800666355675056,0.5770817891746501,0.46381117373625164,0.4527589191735191,0.5559692677488494,97.19686753380854,0.2857302892425614,0.6523749505681168,0.341291329424522,10.979408040657272,0.3748577392104182,0.4507252810935116,0.764898138836001,80.10176676641264,7.171409157025658,14.982158217276062,0.8109070727657631,2.4213377013153554,1.198773204592242,2.7281067069832106,0.3349019517159084,0.20551931650472105,0.16955799344988295,15574.828040912995,89.63288592225716,public_private_partnership,0.3066916308036741,0.2424455329338957,0.45107675083971466,0.39624326077093985,1.0,0.12000528224613502
SHWB_186,Shanghai West Bund,Shanghai,Control Fringe,121.45882499341592,31.182019738412396,residential_edge,0,2020,2018,0,industrial_waterfront,0.7858231369419427,306.59686773636605,0.8235586092214596,0.6395240600914365,29.08166560067358,69.15708072019413,3.016652353901856,0.3411340767303909,24.393876362108514,360.0,0.915010257246383,0.34995653302688495,0.8469753439543385,1800.0,4500.0,220.0,34.7565839102746,0.7568033295571,0.41682587474370913,0.6576371477208504,0.8768234412201765,0.8133846089168274,0.821408200923956,0.8469544006823613,0.8506351855199975,0.7026139606622861,0.638907956186391,151.6621691174533,0.6147916858162452,0.7578037753806215,0.4987650604402503,17.69394316198308,0.5864402279164554,0.7905993603156405,1.3992195929197555,95.0,3.968997989014002,18.0,0.9658556581455976,2.9262422023831283,1.6738491070572326,1.9444088270004554,0.631332946664469,0.3765239426901994,0.4283969730690159,5200.800678465712,103.63327979104615,public_private_partnership,0.42083056477589675,0.4929432693593989,0.5982656381082747,0.7146610212756265,0.9670253396614156,0.2860620403465448
SHWB_187,Shanghai West Bund,Shanghai,Control Fringe,121.44908725607124,31.18192182153361,industrial_reuse_area,0,2020,2018,0,industrial_waterfront,0.27196047481296554,534.0034025104741,0.6637911075013654,0.5202398746064378,29.134218708347973,53.78582902053526,9.03187655770639,0.3880419205319472,15.154385957949918,360.0,0.7560280427527324,0.08622638380007996,0.801633566213471,1800.0,4500.0,220.0,42.0,0.7397792916830572,0.7279351634366987,0.6880482467859911,0.45971185898682376,0.6863197221658283,0.7283544229943818,0.8887857880781862,0.6233167232912877,0.736082944546092,0.645390965798254,180.0,0.3762970865156958,0.6464296564990922,0.5166303958370968,1.0441848357233694,0.398323454533188,0.5753870004859526,2.9544342132174943,34.13852932671301,4.5465663305903625,7.260851303926441,1.7337089337606264,1.043172841587825,0.6126340593545118,1.4089620717524363,0.5328269774768736,0.06656383946106717,0.22163664884701967,23334.98279559319,194.86559521769144,government_led,0.0,0.6854835527997237,0.37066667866466585,0.4758442602901204,0.6446351165124701,0.22137790976132607
SHWB_188,Shanghai West Bund,Shanghai,Control Fringe,121.4558522514528,31.175342463389192,industrial_reuse_area,0,2020,2018,0,industrial_waterfront,0.375294334539056,468.3806211025438,0.7217052701116871,0.530212859363983,28.502086326973462,84.2458728752286,8.311085476623049,0.5740318416625966,7.83731563565343,360.0,0.7721918239642429,0.22867881775327964,0.8150975719170439,1800.0,4500.0,220.0,29.067437304677796,0.6515090150789407,0.7506103444924088,0.625463671405164,0.8672379959571523,0.9125704574839604,0.7375164714381119,0.7339320038602225,0.5410923266148963,0.7124564444152562,0.7418939185268498,180.0,0.49798549878858245,0.8656039337478123,0.4953341393595326,17.005825099396638,0.4314833923637814,0.4911299869897472,2.582353418682273,65.3607566149179,5.921791473019856,11.267902116994275,0.7923006116952218,1.183919053405502,0.7608641292527585,2.086018922627655,0.5790030756941121,0.21592762212115946,0.27806355466037125,20169.11294067136,184.81303016805256,government_led,0.18566711179902662,0.5958957503127612,0.7668253345271696,0.5744917650232597,0.5105729566042608,0.12004266834835854
SHWB_189,Shanghai West Bund,Shanghai,Core,121.44836080596608,31.17040968284376,industrial_reuse_area,1,2020,2018,0,industrial_waterfront,0.8013462304503015,575.3775470647346,0.5476534396033796,0.5090595040210656,30.726358553408044,46.97997675202703,9.369053176309778,0.7703781983737898,14.41381584647889,360.0,0.5835059873472981,0.13550151034785324,0.574222556176946,1800.0,4082.7753664209868,220.0,42.0,0.6619157070792022,0.7599052502110983,0.6141562448021974,1.0,0.717765550266115,0.6766082264025799,0.6695577278191429,0.49489346932462647,0.5046691204414383,0.49986705600908826,180.0,0.43931967700777824,0.6322953610225122,0.30846016871654386,7.742446899876421,0.3189365095841536,0.41203200349737973,3.4958743078599746,50.52430630939566,7.446944128181285,7.821159179117716,0.15032891403079607,1.4308311346585938,0.5534544551523862,2.634358675984031,0.45367582585777405,0.16279839572569096,0.4304352180726256,27563.36848209687,146.52042295528366,public_private_partnership,0.1532576811256424,0.5079224045921358,0.33033961879455825,0.4825902369250851,0.5795515313972901,0.19343533617294972
SHWB_190,Shanghai West Bund,Shanghai,Control Fringe,121.44578104336954,31.189817382307872,waterfront_core,0,2020,2018,0,industrial_waterfront,0.43712406820422905,302.9446317342691,0.9196644821147242,0.6265003931708581,28.951295318069686,60.690804810703625,6.601496328534509,0.4235912559615997,18.319632706202473,281.3584725347255,0.5960953190618794,0.3880462726155657,0.8623722936044255,1800.0,4500.0,135.1794306291779,31.437651586739044,0.5580222234058663,0.579190165425207,0.6026807456519194,0.6834200472830347,0.9351138042773053,0.8529333951485188,0.8839244683780305,0.6060457531479435,0.6735632947790398,0.4233385375822956,124.96985457944503,0.2331657553726049,0.4240628213615033,0.311298624663869,17.34230975827261,0.37009690283409924,0.4656621586046479,1.4510312044976397,87.62642978294335,2.8707006283191174,9.878132526581608,2.1194266198423173,2.0101970212665576,1.3690208308585565,0.41770310942390143,0.9264976524183757,0.11863735578130533,0.18745979305250082,7898.864664891436,54.651472423681575,government_led,0.48043352425628333,0.2451550124608044,0.41781035774192843,1.0,0.5151627748729286,0.026142948212534673
SHWB_191,Shanghai West Bund,Shanghai,Core,121.465215975087,31.182764417079166,cultural_core,1,2020,2018,0,industrial_waterfront,0.7477609056090733,371.1541513435897,0.717340409164018,0.5111089050522546,29.861553244090338,40.182643098103185,5.196262211675302,0.500759442029555,21.747760887411168,220.42230786697294,0.6826026345434014,0.1968158882687687,0.741149168086574,1417.9094758524968,3042.7626448849355,157.7103070115808,39.08915866274176,0.7433032103014896,0.5861527303768828,0.7394554378515078,0.7530953228521724,0.8575450362685672,0.7637571087931078,0.8437006572176226,0.7302773612229511,0.5916500562610904,0.5303383443750919,142.9820533572595,0.37645763640688834,0.44884098001355827,0.4532817241267283,6.945147228039762,0.39082501890603494,0.6882025001621948,1.6794084109382095,79.61844675387246,5.52817002516946,17.72285296352591,1.503697446592477,2.399104381549273,1.6412437863506557,2.6938381208356104,0.4240407556682447,0.27343413660302573,0.20952978076686593,14299.809466306018,92.56378519909543,public_private_partnership,0.20207285814476716,0.28897386034086775,0.14703303506447918,0.42019442497849013,0.6764309507460862,0.025226166869800844
SHWB_192,Shanghai West Bund,Shanghai,Core,121.45545451063306,31.168149251667035,residential_edge,1,2020,2018,0,industrial_waterfront,0.27630344914483984,650.0,0.4568113391257782,0.4959012681024614,29.65489584709236,49.567158324115276,11.602254274957716,0.6232471662624464,26.273360799493236,360.0,0.5931204581394415,0.27660990650504785,0.5079804899926418,1280.6158859513785,3528.3958474422725,220.0,42.0,0.7519827400609399,0.7136145003699713,0.706086802173014,0.5852941656017092,0.6096569053368215,0.6565286810073026,0.7522164518465749,0.5711488610718567,0.4127019084214826,0.5822016335576468,180.0,0.37191316562611865,0.6213401397857897,0.3293362133694964,9.983386145712876,0.34293413760517044,0.6538909958106607,4.292038260680271,26.43380098624171,7.823248768032209,2.7467857233057598,2.2890353698240093,0.5548185545861043,0.2715033061338356,3.3672271605442745,0.2680315267674764,0.046982875437129035,0.049152501854511324,24362.688756747702,81.95654899406833,government_led,0.3237669677079934,0.47959330677687506,0.38529971615908765,0.2875173409893292,0.722477512129869,0.4004924445815155
SHWB_193,Shanghai West Bund,Shanghai,Core,121.44689205914288,31.18762159594242,industrial_reuse_area,1,2020,2018,0,industrial_waterfront,0.6296499842591714,423.08184957113224,0.6683305563293528,0.5253264933039343,30.542183936824305,60.29138519669508,7.071533141043556,0.6282245754249146,12.748075120587686,360.0,0.6648856281250544,0.38456596298008194,0.5915848840618204,1661.6012202684512,4118.603523163217,220.0,34.76351586128448,0.655308189323675,0.577333399139927,0.6479926348972708,0.9350755737837011,0.6052072139437947,0.7258995068887483,0.6265724587046351,0.7319240140319756,0.42292730127394496,0.6402495075171539,180.0,0.2626831958121658,0.6907593754926535,0.5578510920758907,20.888876071337094,0.4835951112449224,0.6761674787238727,2.1205469671380675,64.89026170350417,8.72503051344097,10.525555401410895,0.7891890332298306,1.5067097172551198,1.1212522664840556,4.50108061483494,0.23965310653873886,0.20148049442910132,0.3912813206197761,17521.79592057927,189.43389028765887,government_led,0.3878978222791152,0.6086252454534152,0.5651974638198679,0.31161612560581753,0.5224242048588514,0.4057780669475964
SHWB_194,Shanghai West Bund,Shanghai,Core,121.4453446399417,31.188164449517366,cultural_core,1,2020,2018,0,industrial_waterfront,0.3692375304195992,424.519546302625,0.7834206378320079,0.5407685397725578,28.971507920693885,84.1594243329034,6.639135831011373,0.47521401718534867,35.0,360.0,0.8808513172826722,0.31706214339243877,0.8816332144951239,1800.0,4500.0,220.0,42.0,0.7602836749003876,0.6441397800937683,0.6535717677991179,0.5806565381223252,1.0,0.7555269364147557,0.754246191246326,0.6476133785873512,0.8054410672048695,0.5727051178414035,175.8436543298601,0.5343014818959819,0.6650065096067139,0.4799664267075065,11.08679085991589,0.5590456516595749,0.6563318065961448,2.446876708746866,80.39866097359284,5.1468736444986245,11.047313448463429,1.6062128172433714,2.244592703775654,0.9184490133869371,1.01593509998014,0.7028914819899675,0.10173551240353801,0.10679465087373996,16176.149208638515,65.80220827553049,government_led,0.3354047750195456,0.2699878952409587,0.6604934532170358,0.6084940110623109,0.8115805094448983,0.3046441081322271
SHWB_195,Shanghai West Bund,Shanghai,Control Fringe,121.45301894347584,31.195360486487345,residential_edge,0,2020,2018,0,industrial_waterfront,0.7872016488199487,348.1172432428007,0.4935393961654525,0.48859152041469667,31.311265860737073,50.90959884329205,6.75804240978218,0.48237465761460646,13.320459230499187,360.0,0.7932861202510454,0.15114819057878628,0.6356799922070774,1590.5454443257604,4500.0,195.0955401691907,35.7862407921856,0.5165058218549914,0.5767119260341876,0.5788402892188826,0.5909528637343783,0.6056046300112758,0.6271357029051726,0.7774343321252962,0.4449779223511724,0.5505034025084418,0.5857905561506883,180.0,0.36263361445937387,0.5631108065230847,0.401192503528964,7.623196635261633,0.4263166441861052,0.4173252620970254,2.646087528951681,71.58568159264709,5.8985361047339815,12.780226805205475,2.2291587818990095,2.53771118460004,0.957139708466189,2.5837557595733593,0.5002159760995046,0.07540919086428395,0.37270867777112593,18350.828674612207,173.08419005822014,public_private_partnership,0.26728951528712497,0.5725886170463695,0.3602615981856359,0.453566344231893,0.7559857856163206,0.15016576772407478
SHWB_196,Shanghai West Bund,Shanghai,Core,121.44347327716875,31.189112819370695,cultural_core,1,2020,2018,0,industrial_waterfront,0.568645891456583,436.8253141081194,0.8482414644477024,0.7475694019810026,26.777199183717048,37.20718449766076,7.9133143137802175,0.7602324520727279,21.871490532922113,208.79128377831768,0.8126059374161467,0.46253253895929103,0.8983990603526766,1800.0,4500.0,116.00036545620678,42.0,0.7311185889723666,0.5370579181425934,0.5648944326663429,0.8654278175315134,0.888420677146918,0.7286234374035444,0.8736273147693888,0.6098395174077561,0.665345580824461,0.459501272137764,108.86569753423508,0.18174708425114247,0.4201560493576466,0.33943872031307165,17.05549341240881,0.632708451441121,0.6946234242116794,2.9701432482858516,53.86156317346457,2.1579800908533118,9.760537308155975,1.0074063811132152,1.453888017122725,1.242912882915376,0.5535545757233629,0.8864862003162621,0.3315043751055318,0.0359798333686777,18672.59963223665,47.076887641523385,government_led,0.360912471356262,0.12601560171448686,0.2845640573935819,0.7636210113407601,0.6099176440551763,0.3251635558261365
SHWB_197,Shanghai West Bund,Shanghai,Core,121.45689256370923,31.183798520844938,residential_edge,1,2020,2018,0,industrial_waterfront,0.45413343855806415,260.3276905355699,0.6105471191422753,0.4264687523406658,29.612086482404017,78.20672966322334,3.1909972609868196,0.44186304004225996,16.446414966256384,360.0,0.6652474950291485,0.45159350609509097,0.6885952391685423,1800.0,4500.0,220.0,28.054643529204146,0.6143842572207242,0.45559738111127474,0.4332461374325219,0.8970414380252892,0.690840503180442,0.6300346894038056,0.6290233933866831,0.6224185061283735,0.5000377191561183,0.49817812429810704,122.08284184619265,0.49755529965833045,0.6554162009898251,0.25846763015608953,22.946127017997163,0.5775642512586827,0.638020896666664,0.8032276786469262,76.72010855783881,7.989164639410566,15.77208966101568,0.7133851196769476,2.7949410595953283,1.357955966095856,4.146075526288567,0.1705990497387772,0.17119780062126286,0.012105173681393008,15224.733290355894,124.19346921054249,government_led,0.556020990736457,0.28639790725696995,0.7192988677335099,0.13763802044082982,0.4900183348588999,0.31120716871393256
SHWB_198,Shanghai West Bund,Shanghai,Control Fringe,121.44972244271746,31.185450840058436,waterfront_core,0,2020,2018,0,industrial_waterfront,0.7402369576039626,525.2936599728628,0.7713065570271433,0.7225028281302293,27.51638814946719,73.53356748366151,7.21262438261478,0.623114787753455,16.23151188069271,306.0840247088012,0.8526281421704842,0.36572586727792666,0.8835248181867561,1800.0,4500.0,220.0,42.0,0.7741683827249214,0.46953048650197066,0.762883016470361,1.0,1.0,0.7978398259335977,0.892590389323746,0.5853016569910795,0.7103725030196335,0.49928902054125146,180.0,0.45712774998825156,0.7533553639586466,0.256188360878937,12.87791447851385,0.4372873498589772,0.5392046121230626,3.7459598080267433,38.860716350594544,1.9823013129083924,3.9157895758445407,0.4058039749726363,1.0582046171318162,0.6735454038344946,0.5249180218687173,0.9362056419595837,0.20980945106546378,0.1378092680089585,21884.531694816076,54.20737433849095,government_led,0.24016874532132163,0.18162921509717886,0.6602175220195473,1.0,0.5075928140753927,0.12918836661864844
SHWB_199,Shanghai West Bund,Shanghai,Core,121.43328628532457,31.179252965914422,industrial_reuse_area,1,2020,2018,0,industrial_waterfront,0.19795815031973676,539.5869656712882,0.5789061259070227,0.44231829685966817,31.34583144382673,66.30946981474304,7.224990877869461,0.4586455467858745,35.0,360.0,0.6751705833540612,0.3749810063328588,0.6326891995530408,1800.0,4500.0,220.0,42.0,0.6168848451720924,0.586743155396727,0.6341521577835617,0.9316297114740195,0.7298128255201256,0.6227827305145742,0.7145831710688937,0.817328491782278,0.5499986018380327,0.542327035391321,169.03721151401336,0.41324258217845833,0.7368584221274016,0.35975881355859246,21.595802941507753,0.5027891853171393,0.4753511462190873,3.411250749913714,61.20965297141611,6.460503156110306,11.396624719706448,1.1937068016998165,1.2190788087962159,1.1780817094419318,3.1084812485910778,0.3204401014038437,0.18461808899071996,0.05947573624918327,22263.02082000894,167.58277217842002,public_private_partnership,0.29176454563429954,0.3421098386963931,0.604551911132192,0.18753265685615106,0.6117487431784076,0.17010096240783143
SHWB_200,Shanghai West Bund,Shanghai,Core,121.44778086448868,31.179368282987063,waterfront_core,1,2020,2018,0,industrial_waterfront,0.748992365781872,626.2631859864638,0.7531260034308395,0.5387537534302423,28.995024711259273,41.84940180061537,8.233529174551697,0.6811557666288268,18.361089951399663,186.4302310002763,0.6570900045599718,0.39196739703316136,0.7478287051168991,1363.9182128206046,4254.027621857168,130.36899357096408,42.0,0.7848718181276025,0.6611517073713526,0.8074039377307721,1.0,0.7194578572438377,0.864572628374043,0.7937371465496476,0.6608158456547903,0.7310879687860359,0.36300085815114097,180.0,0.3788326687637521,0.5846156763474479,0.3135487548084516,28.4200315709287,0.6028640911808059,0.5586655340135763,3.3656095733653197,24.190476126945534,5.932441581887771,2.4873510061885242,0.05,0.5845079385162125,0.4683112573250997,2.431331822370314,0.5016931138567403,0.2412441612836888,0.21960050332552117,32553.179253646336,62.70293397266373,government_led,0.3339843416360781,0.18660871689875316,0.2571073403105212,0.3700493447123109,0.5254386678931239,0.16451694075252074
SHWB_201,Shanghai West Bund,Shanghai,Core,121.45361824118271,31.186359392985896,residential_edge,1,2020,2018,0,industrial_waterfront,0.7135531539595202,538.942143408779,0.6607843821155408,0.436495959071814,31.55131663085532,64.45131657248893,6.640396535097614,0.5812586824304075,26.308503889152572,357.1591162091964,0.6649620973371015,0.06640725811284631,0.6514028434356576,1800.0,4500.0,208.19210929877477,42.0,0.6041093485126162,0.597439020996827,0.657009366165438,0.6369980498385373,0.6221688116745266,0.5885237906332487,0.543141871342447,0.5379318876444593,0.42202942987423314,0.33522694757604354,180.0,0.4607299920729948,0.7082511037938599,0.29944782003667353,5.861056979810255,0.38981645390867825,0.3712696146071835,3.683157442629449,35.483793420974706,7.755140152749317,7.5926705299094275,1.4285284176397552,0.7847964163966744,0.422333073735344,2.5842766325777498,0.35535666860578485,0.047472334512499374,0.1556565201116989,29366.463646532527,55.52358298051502,government_led,0.23205960837110162,0.2631115711323373,0.621364062848197,0.42206109256162133,0.41481294235000654,0.11858622508228096
SHWB_202,Shanghai West Bund,Shanghai,Control Fringe,121.45220765524559,31.192827093251434,cultural_core,0,2020,2018,0,industrial_waterfront,0.43435022193195083,502.2179090325525,0.6957764032755958,0.5535538855594518,26.83871609277857,33.280968214489974,10.523274137651214,0.5867513792496789,23.978871508726137,237.5246585155239,0.7077001126104953,0.3905707524113732,0.720840503212671,1722.372641619002,4500.0,160.28538546605003,42.0,0.6912489279040491,0.6904940271135414,0.6849459486897308,0.8723127798809582,0.6753697330102393,0.5895811471743027,0.7524226101389452,0.5591715764362963,0.5873202953249328,0.4837327648891777,180.0,0.28992547418643083,0.6020595075494153,0.2920999972110875,17.68442416829852,0.48314563886726897,0.5296181047442383,3.8051369330874163,33.80749385720743,4.366437651753071,4.920706844075707,1.035243882115698,1.1373512337498157,1.2917690761461638,0.7300903243623533,0.7636602638103361,0.036957941618316115,0.22131257954506778,27953.02944905087,146.7651903838286,public_private_partnership,0.3805412741027746,0.4937628691412506,0.27052825313457385,0.8082230632915155,0.49179615285972156,0.10529632371020621
SHWB_203,Shanghai West Bund,Shanghai,Core,121.4630688080859,31.19142990653026,industrial_reuse_area,1,2020,2018,0,industrial_waterfront,0.4502761736865587,549.3608526557125,0.8667986490450219,0.6130303870578482,28.27969181916073,51.40368868683029,9.227493808011289,0.7215276241431674,27.842433186211373,360.0,0.7123750013239244,0.3304624203037198,0.9086798554663329,1800.0,4500.0,220.0,42.0,0.7205609025635403,0.7705370855618666,0.8090453421405615,0.8408222722349666,0.8784028941495091,0.7390584411401651,0.8857072011710944,0.6699643035666261,0.5767339067676317,0.8531482798066771,180.0,0.5114623422463171,0.6614205462549506,0.5807132637228755,25.05988253265192,0.4958951642887076,0.6129326832500088,3.758379727537694,34.38109833042242,2.8789638493649674,4.310129825015345,0.18784693982867195,1.0005301006872653,0.06966226788276444,0.5126770817370631,0.7872886076244181,0.19329948132434122,0.17601858251888258,30333.015219641296,201.50985657901595,government_led,0.5347861822578681,0.5477206662492541,0.40820613824090995,0.797057194387903,0.37356953742095766,0.12281958585429663
SHWB_204,Shanghai West Bund,Shanghai,Core,121.45239677956582,31.196986498811942,waterfront_core,1,2020,2018,0,industrial_waterfront,0.7903449965398754,405.4320940682843,0.6345085681916098,0.5690350698064222,30.991776717450687,84.49839444180368,5.436924050828757,0.491890509010945,21.484110381288275,360.0,0.807231452964307,0.5254532449847772,0.797482350571997,1800.0,4500.0,220.0,42.0,0.7325187442666956,0.638179774370509,0.6230179792375518,1.0,0.9120408853658208,0.7707019981348008,0.6929313047644948,0.8370722480264396,0.502688520049279,0.7197494758907877,180.0,0.6957054994052749,0.7889532493266128,0.3879033553996272,33.68119076020732,0.5890762527365713,0.7085558327538506,2.4650835111717146,78.22352477385125,6.577603676043618,13.89864969196046,0.05,1.4948342154158913,1.1964606746873405,3.559722165737563,0.34364121061687714,0.3873726260440242,0.42543333842190345,15496.147290837123,148.19700904062182,public_private_partnership,0.4450526733971698,0.5554895787492387,0.7055473569133895,0.24061486776783136,0.7107588817164322,0.4579485927730384
SHWB_205,Shanghai West Bund,Shanghai,Core,121.44215761197151,31.17856694484575,industrial_reuse_area,1,2020,2018,0,industrial_waterfront,0.28689413636641864,598.8687838605027,0.7360676695461656,0.6287296359513386,28.24709850423336,61.962392079278814,10.242230836050945,0.7554314955823862,16.077081845836226,350.97793311306714,0.7298236613871143,0.2848404317001156,0.584846281944365,1800.0,4500.0,220.0,42.0,0.7438765353879334,0.690366655299956,0.8466850681832654,1.0,0.8849361605547337,0.647051992726611,0.8225458259263811,0.6524400692974892,0.6463398846004841,0.5056648621305905,180.0,0.4261013954295305,0.6485626398334802,0.5000614491332505,13.23813735298189,0.37014831445983276,0.5389871931032442,4.459420844155634,38.48398835322804,5.793555629962707,7.90185427700603,0.05,0.8709403630852395,0.5074450676271658,1.716581723362419,0.5838369209021994,0.015570716155312914,0.08676582275013797,30518.91013180699,129.7731743557203,government_led,0.22360964980449174,0.5007895448070822,0.434735208428955,0.4585365916562746,0.7375204758044257,0.4478872647357117
SHWB_206,Shanghai West Bund,Shanghai,Core,121.44511610848278,31.163000698076395,waterfront_core,1,2020,2018,0,industrial_waterfront,0.9057257184821806,472.92422551141027,0.6560111275686675,0.5832024394500269,28.268208330105733,50.892414632664824,8.809487997884467,0.6381563071255948,14.088291654005507,299.1551968973285,0.8195803910688177,0.2698181937783623,0.7638329087632539,1800.0,4500.0,136.9225275083892,36.996924863916924,0.7204623819203652,0.5360976754033399,0.6910327634176813,0.9200055762092126,0.8378657117645529,0.6704873455862874,0.7270901653833372,0.43813465526050416,0.6564368837841658,0.3298056440868412,180.0,0.45991664687500194,0.38512227510708164,0.4956748002343348,12.08928460796358,0.4115201878957173,0.5045706872432145,3.0762828152090886,36.020672992381165,2.6620945420115207,6.416084676643225,0.46610972486888297,1.0913814571783194,0.8970615188694063,0.9248377222588933,0.7207496266942998,0.1955238599387081,0.31509071857273035,23512.75755458607,92.92644519889554,public_private_partnership,0.2967082558516184,0.3583164257650462,0.373738186544195,0.8027520642031681,0.6410364780075065,0.5253127279276515
SHWB_207,Shanghai West Bund,Shanghai,Control Fringe,121.43309009118099,31.171833519888995,cultural_core,0,2020,2018,0,industrial_waterfront,0.17387489314674096,314.60798679862353,0.6865805303853703,0.5379293331233828,29.71434953109493,31.964917216991235,6.272888803149391,0.47669899545184735,16.13315946796382,236.62514935371055,0.6761776179397695,0.21458696513295922,0.7893320168698955,1314.2486472120963,2819.8321570611047,147.0543940029651,42.0,0.6918535000437507,0.4501828980948,0.674178339756197,0.7778074602884799,0.718584240579078,0.6687316016504553,0.6808032217054071,0.6910926879770137,0.6760843986988891,0.38974725744919925,161.1013169832822,0.4426742413548615,0.4765929411624843,0.35277967701209956,9.562156398155889,0.5033891600266809,0.5600041095759355,1.6594797369164036,84.5367632539357,5.655719265015169,10.672298368835783,1.3021915205758199,2.0952724453945364,1.419836065024311,2.274623260434166,0.4976806526652053,0.0535723113137086,0.03799240238593724,11041.604934133578,73.03264978992215,public_private_partnership,0.23993952545394023,0.34269666366141704,0.06467214287560555,0.3333419896896954,0.3702393284426595,0.2228030057109772
SHWB_208,Shanghai West Bund,Shanghai,Core,121.45617214365748,31.17441448842413,cultural_core,1,2020,2018,0,industrial_waterfront,0.3888553310635832,448.9234395941717,0.7981879193156669,0.6383809902928846,26.61646727579833,53.175661484056384,7.279004433931998,0.6373758203563458,23.61685317128155,341.17611278323824,0.6003258917931831,0.4849121646930072,0.7468314904635626,1800.0,4500.0,213.0696946358745,42.0,0.6649507955560894,0.2909135768069776,0.5918562047962409,0.7630967177385886,0.7458262285626426,0.760557795399435,0.8230654547543038,0.6374065705836855,0.6240659668483927,0.444262569326849,143.6322380200525,0.3035878148149049,0.5512913809485054,0.24335506585638958,24.45474482984446,0.5197739367091662,0.617399252863798,1.8106412589770455,57.8209649024263,3.6038523426266282,8.912086500442209,0.8352713888696047,2.249211267998435,1.3695971142592338,1.598394234359652,0.6096092726330896,0.26439060726250574,0.1404282470161335,16289.725333932043,90.6780729497859,government_led,0.5233538750985232,0.2797655823294729,0.5034598567303301,0.4063565576333741,0.5145891165914669,0.4279595624142634
SHWB_209,Shanghai West Bund,Shanghai,Control Fringe,121.4365724552503,31.189697372053864,waterfront_core,0,2020,2018,0,industrial_waterfront,0.5228674811112659,505.6431720541306,0.6795827211820302,0.5640775166507058,28.969350802140845,53.91216015893873,6.426344978945855,0.5246528925427302,16.90833393374691,360.0,0.7017354584989648,0.42990859818105603,0.8627340575161963,1800.0,4304.013188489896,219.67495723431026,37.6716890765481,0.9178576070874076,0.5801323201321701,0.721928928436706,0.9014070166365755,0.8523228783805272,0.7544001337105559,0.8368762797719111,0.763824145363009,0.5472011031939701,0.6451876332269337,173.25747908028316,0.5978336771919209,0.5572761563212458,0.4595255340812107,20.148270460027938,0.5138348818788544,0.6914244941161464,1.848698666533423,43.986768537598046,6.4661121480459505,11.085656409473167,0.9340951256688514,1.6968620465873139,1.1684678241787847,2.5152593414460673,0.4058134827441266,0.2319172524631018,0.20573367133011392,17961.722690316717,122.58680102278079,government_led,0.4099629958817459,0.38643811057286,0.44035566466496595,0.5235977658208517,0.8503343488650547,0.1615983703721241
SHWB_210,Shanghai West Bund,Shanghai,Control Fringe,121.45228801421304,31.195915165883584,industrial_reuse_area,0,2020,2018,0,industrial_waterfront,0.7705927047777787,563.0853442754246,0.7297520392539074,0.49015669204510215,28.60244205484863,47.28710255427363,9.255155357691688,0.7027040870687133,35.0,314.7246497479804,0.8129543367601505,0.48384113009790036,0.7333796733754081,1685.9373488248334,3308.7318237092154,169.60796874613237,42.0,0.7449536494037438,0.5727128682813847,0.8301455344765437,0.7649540800471785,0.7919031102876269,0.7111739483282975,0.8116404890410999,0.9631823860105384,0.6029635532571027,0.6199152360425422,180.0,0.3802469074603585,0.6397108626352822,0.30812404544034433,20.3102034065621,0.5573887389625788,0.6925150112668458,3.6464876821004015,27.898184829954104,5.324387707039912,5.232645317853843,1.8005547173648844,1.3062065200748534,0.6093227378773821,2.3480017789990044,0.5179324890343517,0.3259674274022638,0.4353397547913869,22118.381637385584,125.32624728903905,government_led,0.5665279733182691,0.39395308627059616,0.23970822752040125,0.6190743259165806,0.6350291332961973,0.14493843857130975
SHWB_211,Shanghai West Bund,Shanghai,Core,121.44304523646231,31.192956297378966,waterfront_core,1,2020,2018,0,industrial_waterfront,0.804242813089798,422.3809394267808,0.5237256421198527,0.4746662880552174,29.84919777614717,39.250150077238544,5.938215825166576,0.5269114666922795,11.795811789100705,270.1017017376679,0.5679175611998686,0.2797724813969782,0.7053510002345211,850.9690990023324,2816.054092483868,188.5059119415082,31.246874315622343,0.6235518750047854,0.43757415614317113,0.716245968941379,0.7772105053981,0.6333714138502016,0.5876230236500932,0.5378755958105975,0.6039813192543562,0.5261189428468656,0.5510773130994309,171.16997798956365,0.29086065320905324,0.4804310387283694,0.39802978194610794,13.63477222787712,0.4868084970422807,0.4921028127330559,2.396440540532426,71.51795663197734,7.80667918393258,10.909601742217223,2.0485199394865052,2.0799604100598983,1.049927430560814,3.437877703184724,0.2724278559884369,0.26710236464929804,0.35659607004864724,14695.503537228775,144.8301871248356,public_private_partnership,0.4767406282116083,0.41545471625694397,0.16739369359165465,0.23765148178861414,0.5337728821279522,0.3321557812197752
SHWB_212,Shanghai West Bund,Shanghai,Core,121.44708325788066,31.190796848732326,industrial_reuse_area,1,2020,2018,0,industrial_waterfront,0.5553391820496564,441.54809042324024,0.4553189219806171,0.3476503608900461,32.676431210361336,73.96877357867774,5.654946441205408,0.6255380183326608,26.95649612844323,360.0,0.701483453014357,0.28789808346564627,0.5444421356457303,1800.0,4500.0,220.0,42.0,0.5089354368582509,0.4572000587430053,0.6179923547075455,0.78034095161751,0.45942323895943116,0.48752448263522874,0.6172379141727641,0.5139549075238594,0.3955969306700812,0.6653575052234451,180.0,0.2773772334637843,0.7145089237102501,0.3248542143399272,14.188812136998962,0.36773767938505836,0.45034116880105296,2.042321880876831,59.98359793572148,8.173559927756035,11.776366270263411,1.8675424268669982,1.7281037601717812,1.072695403444603,3.6142174811110137,0.25117492131851277,0.13043791440143165,0.29368548672720357,20476.617699175553,170.6675355737304,public_private_partnership,0.36044101359747716,0.6091972116938018,0.9240997503326285,0.17829027092316324,0.7827778706396082,0.10070432847406327
SHWB_213,Shanghai West Bund,Shanghai,Control Fringe,121.46475747940616,31.18486589368935,cultural_core,0,2020,2018,0,industrial_waterfront,0.13959708990300518,416.2812296374927,0.8026612537545953,0.6081957204630781,29.828735826482966,42.26811531662555,8.186624558950339,0.45055061612623926,16.669605058796954,298.7943914170441,0.5560408363146541,0.4813903764063995,0.8073587440049141,1338.3355957722015,4500.0,177.04883007823116,35.17695105510724,0.7451236248647709,0.5185323817152055,0.7027696840912349,0.786359738319482,0.6351937659665399,0.6550997697109712,0.7242622030030845,0.5186875097454879,0.42806426063472147,0.5617490822126762,180.0,0.3209928165732866,0.6307561616787382,0.20537391598430382,22.832863525939967,0.46493614833932745,0.6631927176331179,2.6883919878176314,63.17250663397335,5.640015963143394,11.177789552626702,1.2257320241326968,1.9140297561965585,0.913047094162397,1.8021189683261678,0.4382149066987861,0.1429984164105312,0.07222050182227185,29930.216574245933,75.85167686587872,government_led,0.44060908909165786,0.36960373737266305,0.29641174044565566,0.4853946550725654,0.8264887942542329,0.3594871515299522
SHWB_214,Shanghai West Bund,Shanghai,Core,121.46261233175966,31.189386759284446,waterfront_core,1,2020,2018,0,industrial_waterfront,0.36651582312832026,462.9579139983285,0.5770518308415662,0.4704630469612947,29.836371722756546,71.17771496466031,10.148349644440092,0.5966650446245327,20.035575621174278,360.0,0.6133460621780941,0.36559846691112735,0.664575916183031,1800.0,4500.0,220.0,42.0,0.6002576891758432,0.6393443224373503,0.6520566094721831,0.8743741258575047,0.6492501992337248,0.5239036808404841,0.659422159451828,0.5851535775419168,0.33671453073237556,0.5340792423677401,180.0,0.2483594376747124,0.6938397640108981,0.28586934361740923,18.0854857431983,0.5018078479632865,0.3794884749484008,3.1391430608176156,51.03099412493436,6.735660619402091,6.69824562694681,0.8512123024288553,0.915059922459515,0.7668865002699375,2.375912597635331,0.4215272783466253,0.06191296463901248,0.164855179373866,21462.217542792514,132.9783714406488,public_private_partnership,0.39771627640950047,0.3759709691109791,0.7024451417537978,0.37193636690280774,0.7458224574068231,0.08592415417264963
SHWB_215,Shanghai West Bund,Shanghai,Core,121.44414827990235,31.1796855833747,industrial_reuse_area,1,2020,2018,0,industrial_waterfront,0.3407442471570091,377.88398719269,0.656557869370855,0.4638961993207398,31.034048857279238,40.882790634374615,6.072278711420925,0.4397680416258116,17.621667367274064,265.6066134520378,0.6260143754869603,0.31074563779462777,0.6606256686252759,1628.7986562847275,3772.491215255267,220.0,34.88352417460817,0.41224766338443664,0.4922227895224933,0.6347065840300823,0.6334040705116865,0.7199917067116133,0.7206211026620812,0.6413145744579111,0.6411617095978679,0.42892384478415563,0.35596462768914217,161.27537463329566,0.16743657196746806,0.49605207330440576,0.3347758988357995,5.335514763893767,0.437498990069805,0.5573791852437066,2.950993586559096,73.48473658229399,4.9774030121249675,14.806348714100062,1.966082448238038,2.6779565291984726,1.2056562925615673,2.1934276430675417,0.41231409784924516,0.2721566427738325,0.19570784036288844,12531.146825105066,118.84333911374567,government_led,0.41324067544021537,0.45741090982766336,0.3973867587564812,0.4010708089552633,0.6222081260838724,0.3769548968158952
SHWB_216,Shanghai West Bund,Shanghai,Core,121.45832038260191,31.183768711318127,waterfront_core,1,2020,2018,0,industrial_waterfront,0.05770510417414744,405.6581875888389,0.7086203905625471,0.5707964352424412,28.72462325565522,76.71972808139051,5.273813069961147,0.5431077814886219,20.17342541213456,360.0,0.7245148465709016,0.39717378087625743,0.9238843629467737,1800.0,4500.0,220.0,38.78616810264435,0.6477087293956705,0.4886313865534576,0.6111005009151512,0.7471757102269563,0.7011214917494879,0.680744602392773,0.7167262331986622,0.6632361791184673,0.5165044648368045,0.4963202783699708,121.8126513071794,0.21769080883101496,0.7764371490470756,0.28823896815276495,22.18209092571875,0.43406289611750437,0.5012368925931552,1.8109870149495937,65.80930507357611,4.318598082293687,13.144157040900016,1.8198396583408256,2.234384335753914,1.3867784119075763,2.0158648619193413,0.7367842041180532,0.04184867255176852,0.022272403788724405,19325.215018568993,122.31112430845766,government_led,0.41172022955813087,0.2804876677610794,0.8271173423745817,0.628007933914882,0.559885531100945,0.2697773677112795
SHWB_217,Shanghai West Bund,Shanghai,Core,121.43075512916074,31.178103774148482,residential_edge,1,2020,2018,0,industrial_waterfront,0.6028476422212842,403.17053929700785,0.8816426904569536,0.575833583984799,27.754576438214293,46.63641812219035,3.698512760964795,0.46989914932310684,18.835009729546467,360.0,0.8096940129076065,0.5506622428427449,0.7472704849475665,1565.7258154566723,3936.6364396911836,212.02922013662328,36.33112540017158,0.685730341203433,0.5172993808317423,0.5832085956240994,1.0,0.7453243388465061,0.7067641778172999,0.704569575731259,0.8870298430830377,0.6918343923907164,0.6603678115474917,180.0,0.5084615908437533,0.7181155143757701,0.5258239874979224,25.626463727686954,0.6608102368898627,0.8374606318592956,2.1051429624070916,77.90863272087012,7.092760098811236,15.072294410215289,0.05,1.8272923598522353,1.5702046090489306,2.8327679877053353,0.4080659660221834,0.34012307308632556,0.33547906716585113,10842.394529115201,191.58817164722907,government_led,0.5192837914317181,0.5756641641361362,0.20795338317774312,0.4035316648998659,0.6947776123354932,0.25489544020395294
SHWB_218,Shanghai West Bund,Shanghai,Control Fringe,121.44215984942538,31.18170061806734,waterfront_core,0,2020,2018,0,industrial_waterfront,0.6390332144158836,650.0,0.5853489985636829,0.5048802915279409,31.307254689932172,50.32252042342637,9.709036877667252,0.6278516097287307,32.585880122449545,191.90171069714577,0.7023719762105447,0.28057987749802016,0.7029803602376221,1422.2821671385927,3552.050237229681,111.51839596391568,42.0,0.7847972788665647,0.6749972605846873,0.8194117846821775,0.7895320277464255,0.7535379804217792,0.5664856466940792,0.7575228624560838,0.5805199063019364,0.5765117212158044,0.4638377315312596,180.0,0.206352332106696,0.5397490888718347,0.3389758780691236,13.106310027531313,0.4120634285160904,0.5249424744164513,4.3329201810721605,24.14728141527419,8.221696148428933,4.9964501192491895,0.8510375723155597,1.0225081348553322,0.37593079515438316,3.823274387298338,0.22883132026864794,0.21278252194989572,0.03429922825205027,29794.09585835083,70.1958625427539,government_led,0.2221725519527294,0.05395661750457753,0.3672282356942578,0.20278458626647325,0.3989714054085785,0.3347243263447701
SHWB_219,Shanghai West Bund,Shanghai,Control Fringe,121.45826485617609,31.17040553282429,waterfront_core,0,2020,2018,0,industrial_waterfront,0.3895201519546742,578.7160686902844,0.5616919198029148,0.4207329992358529,29.20181544392037,25.831314892208347,7.174700991951894,0.6834761993674903,23.742000320505454,251.20251975014793,0.5763096964541876,0.4738850040553227,0.6719867126443195,1280.5115058977565,3392.2914614754036,148.22102409631432,42.0,0.5447280014468593,0.5789827159997015,0.6102045324993263,0.9727628632062916,0.5615371829670237,0.6747243438970604,0.8047020039813317,0.6002715255929585,0.40354363548977573,0.4444553573361341,157.56943472387113,0.3618078516300891,0.3703423336781897,0.3125615589719457,21.270921693479043,0.6003492784143429,0.5404098328138836,3.563582294304397,50.564380540243285,6.682511264270109,5.431204656096096,0.47412771491929734,0.736428632424287,0.6445403406248196,2.995979648936527,0.32202108650292616,0.26304022135507826,0.19443711329849525,25343.213970299057,99.3771580753781,government_led,0.4018737689313655,0.3316024855483433,0.24833064082348116,0.5461407208362665,0.5099858683823312,0.15984467737053354
SHWB_220,Shanghai West Bund,Shanghai,Control Fringe,121.44575335241026,31.19609529739921,waterfront_core,0,2020,2018,0,industrial_waterfront,0.7929796802712702,396.3358998124509,0.6852630915877843,0.5099277177843099,28.80506324206159,57.78219309351228,7.799195572151083,0.6193850269165592,25.672270319395338,360.0,0.7310302736375032,0.45895355716600655,0.8126858582979463,1800.0,4500.0,220.0,42.0,0.6834728730159703,0.6190420082718769,0.5985809188198219,0.766941430639933,0.8354639898527523,0.6978106486543935,0.8067721963392346,0.7351409116571885,0.48789821458495597,0.5779146203794028,160.39815020372177,0.32835779448977165,0.6649408137774867,0.2961567558093712,25.5233411542948,0.5135654654438447,0.6194254464930881,3.1809038806225134,34.76693188670236,5.760833391260988,8.326621596568202,1.3938238426601215,1.5523914442738678,1.2846388094654557,1.371517591338698,0.5440193506394676,0.43898790986170033,0.24830677076208132,18334.743699032893,145.64863175272814,government_led,0.38889077852493936,0.33688473980821537,0.5598193802296134,0.6219916602444157,0.6772223885026927,0.22781158032972282
SHWB_221,Shanghai West Bund,Shanghai,Core,121.46010509622825,31.180521421164453,industrial_reuse_area,1,2020,2018,0,industrial_waterfront,0.6581280826197021,582.5862638246799,0.6972388499422852,0.5365905140324531,29.684565098778254,58.996284161712744,8.616824318715008,0.745538503838231,25.949595417669492,306.82789031783744,0.7046277955779425,0.056289515991447325,0.6182559883929629,1800.0,4500.0,171.5037662981501,42.0,0.8732710585549243,0.6556551617603064,0.7151136703210061,0.8306347742334396,0.7718108679049416,0.7000133288222399,0.6887328958506359,0.5647648694571525,0.599410548497516,0.5580515847988151,180.0,0.3352507610025815,0.7017789382654921,0.30632481978691684,5.4402918520281975,0.18577175790808848,0.33716750109376925,3.7701649651537394,40.95392401955014,6.298174185871676,6.63026605081579,0.26893950982684456,0.7548710146694548,0.5163461086501209,2.8565865987083305,0.4759755402640998,0.0,0.15617769403012585,26369.93158737885,51.871713377445516,public_private_partnership,0.06655759950320232,0.2112466178088098,0.4872577103594969,0.37158839530642174,0.8878796387276787,0.12550225956199001
SHWB_222,Shanghai West Bund,Shanghai,Core,121.45174255617881,31.166608830829244,cultural_core,1,2020,2018,0,industrial_waterfront,0.38900546995130314,357.6399285810225,0.6938310903437122,0.571821607330906,30.36917743457355,67.49832691265073,4.748631210363836,0.43871420970820646,28.877740241689395,295.2806019690838,0.8121029551450752,0.27915843646006344,0.6712181529063231,1800.0,4500.0,204.34243709905283,40.55437291309641,0.6693240662013589,0.5124598986293346,0.787578146212554,0.7008910206125812,0.8216220893384083,0.7210331452342277,0.90044289831186,0.7911421159217459,0.5544428777509923,0.6233423308873567,123.67283583638398,0.42937755320811927,0.6795458277055718,0.3882674294799125,14.10871997485855,0.4118202849705601,0.6534526803157111,1.8689060497761327,71.15384777203406,5.700040850096218,14.28151333330665,1.444079473354325,2.341583826635196,1.1927070329341822,2.298257068466263,0.4688165966666329,0.10225740368259127,0.056764819556439056,13368.833693631166,56.770339574832306,government_led,0.31291056403130363,0.11926065188794002,0.5487211262851202,0.44441857671240226,0.6997374661218161,0.06792776897051474
SHWB_223,Shanghai West Bund,Shanghai,Core,121.46632658539585,31.19683061592174,waterfront_core,1,2020,2018,0,industrial_waterfront,0.264916290953423,569.7056431074338,0.5067885061684673,0.5326913403882383,29.931692066579977,68.15176929064303,11.045268734043017,0.6610680411528986,32.151163871371764,360.0,0.5527977977729182,0.17068202590811893,0.635021153474065,1800.0,3848.373870678749,220.0,42.0,0.7122643825633614,0.6925322789680531,0.6616470255612064,0.6540589821002623,0.7432113700117355,0.6473113978525814,0.5769533905137831,0.5445944051480615,0.3624470737021451,0.6019129577711131,180.0,0.6006270499893647,0.7158649479493402,0.4843698344977581,9.988779368655686,0.40853382523189236,0.498162362452103,3.870633990791964,32.81488874679637,7.2159321170504604,3.204521495457393,1.911407757348333,0.9361155255004255,0.7793275672179841,3.396751245470151,0.3214804186388743,0.07129340351749366,0.10292448548140144,24252.081260074,159.41496375009055,public_private_partnership,0.019891592371969108,0.48906079120122115,0.55280434300151,0.32841905722625714,0.4722594225956699,0.2765176011474954
SHWB_224,Shanghai West Bund,Shanghai,Core,121.46709531937407,31.17229537300106,waterfront_core,1,2020,2018,0,industrial_waterfront,0.3420125775210982,506.8820748734606,0.6821715403441047,0.38834747953005394,30.261525468651453,45.9203259945277,6.821062567019679,0.5583256203963266,12.419371054623735,331.7225211114686,0.5284081685216373,0.4958101950863524,0.6762173349272785,1800.0,4500.0,201.21025430437234,27.856291259479104,0.6320545309703196,0.5481589780508157,0.566203282251087,0.6172473135379085,0.7588019422807537,0.7286557518168072,0.852317177774957,0.6109454497828272,0.45532505428124603,0.33270647786621055,180.0,0.265762734133978,0.4770330178545646,0.29031506479264213,27.234400574804088,0.48527686676854076,0.5078634653311112,2.952701455844731,51.27315392374921,5.34681846035026,10.320790870000204,2.0796586266111925,2.074439615880998,1.1099803526547407,2.1789150528329757,0.5535670437870546,0.19711523706953732,0.13529247371935088,20527.683896563838,103.8303110261912,public_private_partnership,0.5758962229466137,0.4559680574015244,0.4598575841987107,0.6770553056672981,0.6403681706821933,0.08358607078849614
SHWB_225,Shanghai West Bund,Shanghai,Core,121.44131692011425,31.17923861905026,cultural_core,1,2020,2018,0,industrial_waterfront,0.6083355870143606,574.242745858008,0.7225781034278511,0.6626392191622554,29.750490359476025,51.31772430090975,8.490522887411785,0.7082726232798743,22.077443782309707,321.7533573615921,0.8203120517786666,0.44962957639648726,0.8138025575263694,1800.0,4419.712937254193,202.80516281053903,42.0,0.7786840525254933,0.8105463997130506,0.7668215035647482,0.6279599257789326,0.7934628722235758,0.823975631776586,0.8600612792588662,0.718347194103562,0.6780164287635008,0.6845491043082709,180.0,0.3920232967287986,0.7058763526928316,0.3755070476807093,20.682103699196837,0.6110088229342122,0.6905852356492961,3.5911368742127587,42.573184100595846,5.572974427700186,8.205863248943656,1.7014477732430942,1.2499358616730654,0.8657642343968242,2.428375406639016,0.5782264038653665,0.3216364749545497,0.30081106923939593,27920.34968327866,99.61543266857409,public_private_partnership,0.3359709999260766,0.42310671606274686,0.3507557466017711,0.5132503893191491,0.6795622250277962,0.42820498081154895
SHWB_226,Shanghai West Bund,Shanghai,Core,121.4469887726522,31.198926425126302,waterfront_core,1,2020,2018,0,industrial_waterfront,0.43868410153959386,285.85911647037324,0.49679154190111846,0.39142518542788984,31.687751107104315,60.559559754943244,5.1017465443398144,0.4208641789091726,22.543760691627863,256.64045414265235,0.7171719785581883,0.31468677028328884,0.6343324167819412,1800.0,4391.877181150677,160.91492508965385,34.126365147282776,0.5520931831198141,0.433548131291395,0.5413607486609165,0.7275880889112145,0.6665559068980463,0.7375621009838539,0.6572107454803173,0.533087819566746,0.45949602123869754,0.5220254371697761,86.49400829422629,0.31558398835910373,0.4977119849895363,0.17479503745187924,16.118005896034553,0.4218778091336449,0.545736566891284,1.6180868757861266,77.31028112140741,6.257499444915261,9.436573519637221,1.1924382162390512,2.4694291915073228,1.1808982599896214,3.1617170831984853,0.3831691735337405,0.07861625393324206,0.06691867655640243,14771.342479699428,123.96850446281735,government_led,0.3396911170689536,0.20970399121880912,0.5635899511998533,0.3744233197090252,0.4994146706227947,0.1531513838833118
SHWB_227,Shanghai West Bund,Shanghai,Control Fringe,121.46607979428234,31.18493550238873,residential_edge,0,2020,2018,0,industrial_waterfront,0.576012935723322,302.82453518691966,0.7118531417182622,0.598657729181535,28.135276059083694,66.65906501014163,2.5,0.4625054714713622,28.71685517457036,360.0,0.8012971376195449,0.2881986187064913,0.7495449276775169,1800.0,4500.0,211.13987355114173,42.0,0.5845576133853321,0.44192850011557894,0.6268075608253325,0.8716279705241586,0.8071067855840749,0.6583413197973436,0.848524542272175,0.7203690039611457,0.6315438858211586,0.5943002093034274,129.53169816877107,0.45797968254675236,0.6225853817487507,0.468225841086607,12.500979260736962,0.4217680724084351,0.5973882986164659,1.6145090749877196,90.98274837239194,3.586799261903465,14.730980774124928,0.42138656937984975,2.412557460783793,1.3500381831343902,1.8638111064957472,0.6867262304963226,0.2293719141299807,0.21243788441696876,9793.877892647874,112.30977112736616,public_private_partnership,0.31699452536539796,0.369687528021154,0.4211231180140463,0.6945807706280639,0.8076765838650151,0.3398890944356051
SHWB_228,Shanghai West Bund,Shanghai,Core,121.46201935696816,31.183116959051034,industrial_reuse_area,1,2020,2018,0,industrial_waterfront,0.1882615165419787,555.735021433388,0.8364917352493982,0.6383011789888418,27.567629637849446,29.290793693263705,8.184378666791783,0.6432718368902548,21.120170300553486,212.30249591036466,0.7448567297005502,0.3830350044777414,0.8227638408966259,1800.0,4500.0,183.92659337407628,42.0,0.7688635497578821,0.6841065722610711,0.7802672191653964,0.7541629771605844,1.0,0.7825039669387032,0.7910181864641719,0.7015852636639769,0.6071913494214863,0.5539613985646741,180.0,0.336772490803364,0.4113525516613767,0.2996141356265549,18.783894402084037,0.4688515283649423,0.5336520754431808,3.9776908629258267,29.127473179459948,3.130069342380697,4.897383381980135,0.6027354804597317,1.1965937875418677,0.6603150939845106,1.4574993897954518,0.7248997416713959,0.1591308359312109,0.15090840372833036,26142.404843392873,115.20659645355994,public_private_partnership,0.2941732697199584,0.4256874940938098,0.08384411506826657,0.7046181093088235,0.37159631720742203,0.26064474297835144
SHWB_229,Shanghai West Bund,Shanghai,Core,121.43399759653879,31.188211137394735,industrial_reuse_area,1,2020,2018,0,industrial_waterfront,0.3900528859347797,453.55911794426027,0.6338477106833705,0.4832929510100291,30.761334438082045,38.60640901515595,6.598345875899821,0.5927734421609384,19.08702252832006,296.6279441746051,0.7081270868049939,0.45762762252823985,0.6450615186239793,1148.724224571807,2879.3156503941823,205.84622020705166,42.0,0.4713000885708184,0.42950938519435755,0.6190848866446717,0.7483511351114711,0.6451880987809995,0.6072040240866624,0.7103067406720808,0.6193617170450071,0.48737623963763066,0.42158369595182354,155.08025724826615,0.21328862150779146,0.5503162049804753,0.3933615777159459,22.93740347001217,0.5230033963056877,0.7972319222991621,3.6082343509353896,70.65979047551403,6.413606995737417,9.417155797246853,1.3268059824143152,2.339888276385908,1.1352567759727168,3.280266670672575,0.3437804708873232,0.20103380558523598,0.23452096142551693,19136.837211712187,145.99172242641376,government_led,0.6558869783532513,0.40644517039686395,0.24834131756494734,0.3249151175941334,0.6581554509430321,0.13814671257049718
SHWB_230,Shanghai West Bund,Shanghai,Control Fringe,121.45657226296568,31.19944170775484,cultural_core,0,2020,2018,0,industrial_waterfront,0.2450187384911074,438.75035209286295,0.6496149132037919,0.5573278907882279,31.48654820164029,47.59232227983324,5.31918880487427,0.448536446049135,27.427732626998743,340.8847163379324,0.7697161783756813,0.5138426171547263,0.7726235381082104,1666.4680713910861,4191.284449141793,204.80916934239383,42.0,0.6946784479469479,0.4640149077523827,0.680388542700238,0.7081314782477967,0.761965448684304,0.7763075062350585,0.8222037071629679,0.7491161367458179,0.48799879330560475,0.6885538427811124,180.0,0.5892968671935873,0.5558471121375868,0.44635006971657376,21.282017018236655,0.5912885363955178,0.6415260412582404,2.6420072906422387,66.17596200495797,5.830001479513576,11.523068430953238,2.5334174827688454,2.1986231305738864,1.0413487651652173,2.5794967489429816,0.4099781363967919,0.11612802210298691,0.15077191363909548,16493.334658095773,145.89219805766,public_private_partnership,0.6280596988842156,0.49194258607047975,0.34220557308779265,0.2911818036445232,0.46996760957561096,0.31292763881395697
SHWB_231,Shanghai West Bund,Shanghai,Core,121.4538507185042,31.16811837535963,residential_edge,1,2020,2018,0,industrial_waterfront,0.7817205361525817,239.65363400587574,0.8061664028261851,0.6912985984320307,28.10513503896509,31.24167089547143,5.113874047414678,0.4150842334233056,25.244279458468117,236.66360469025133,0.8499777889578618,0.37587751156034416,0.9257982954089791,1800.0,4500.0,103.75558270519363,36.21969281631089,0.5590537318777581,0.31803340152982285,0.6068056826330303,0.8328178291183314,0.8369550381088399,0.9603970320792536,0.7988889957876436,0.6889214054017424,0.902066773962823,0.6280835165810305,73.405687994642,0.5647641028797007,0.38360528525437154,0.3568992225276829,21.113165609712656,0.48905018592250793,0.5590373192298551,1.0885320117494408,95.0,1.5,14.564191991252882,0.6105205341716481,2.7950663163325604,1.5912871846380636,1.1703596904442195,0.881892578682251,0.36410143238654386,0.19608080000924064,9130.703645644187,106.67975782352151,public_private_partnership,0.4448272697110557,0.23178999584494575,0.16609644083296848,0.9311528399455445,0.4925905381773484,0.13484584840746192
SHWB_232,Shanghai West Bund,Shanghai,Control Fringe,121.46087003253444,31.193498283615064,cultural_core,0,2020,2018,0,industrial_waterfront,0.5391999626315161,516.7607296801176,0.7616364835095477,0.573691344863343,27.86648588222903,17.107763563889158,8.147313685306303,0.5039402821966028,19.08754196099359,360.0,0.7778081981397713,0.3661969035577984,0.8224074001062915,1800.0,3961.6856652015226,217.30424836302208,42.0,0.7872163382567993,0.7111313940192733,0.6650306413543109,0.8918170912823167,0.8982461179500585,0.8701348501527474,0.8560194126537729,0.7183793813561984,0.7082335511868871,0.5775732396537201,180.0,0.6073959989086442,0.6121137038446082,0.6552695468950026,10.616864278874754,0.42403490836777835,0.7519278956401173,3.5705396063721357,39.83859169698967,4.653569030333139,6.563064986685204,0.6617078645952493,0.973532764982505,0.6514168322421188,2.212756568845201,0.6573483849656513,0.2443555932408826,0.5084352218332976,27992.080836766774,243.0208437249597,government_led,0.43525844969272365,0.799833491819893,0.09245951222064804,0.6995386144460014,0.9088994657500256,0.46991585490661075
SHWB_233,Shanghai West Bund,Shanghai,Control Fringe,121.46484200008494,31.18580651317817,waterfront_core,0,2020,2018,0,industrial_waterfront,0.339207056695846,343.86176600524044,0.7043062663799763,0.5442994991138222,29.2269021220101,39.44063979450455,4.19297694782311,0.34249049734218706,15.34172409895655,269.94700509208394,0.6453184431833066,0.19863639517106937,0.7222776611524144,1460.9809298035136,3818.8370416422413,155.65529894020364,30.495217815034998,0.6481803484740717,0.44611061467670005,0.5856364570407128,0.7121596021155732,0.6821790172916755,0.7331314210642064,0.7173050608633899,0.5545400807970138,0.5312585785158899,0.33274192756505905,134.18312399272637,0.39370691308836975,0.6222200498295963,0.3773432755572848,8.413339281384099,0.3243205635814745,0.5075046698353457,1.899932209850812,76.30289681171735,5.94462363468576,14.784519666620474,2.128518064961237,2.1801034195991007,1.1964271511754914,2.726545763248818,0.4183891995031881,0.0,0.0,8654.572506022692,69.14266072542884,government_led,0.28952958861605527,0.2964942741978158,0.26610930463617744,0.395591925064893,0.6338208294146747,0.24380739306065444
SHWB_234,Shanghai West Bund,Shanghai,Control Fringe,121.45865645924039,31.17698451373233,cultural_core,0,2020,2018,0,industrial_waterfront,0.4097232296137227,338.72749950888465,0.6555904643615738,0.4043997614969859,33.049107842703705,59.36096226910173,7.5088727079504345,0.4715069443459192,11.42100409336379,360.0,0.5108575254734986,0.43877145856839495,0.5586976777811227,1411.6318889540216,3449.4538609819183,220.0,32.02862956002497,0.6665971440660472,0.4567253291112111,0.6143823696184127,0.999952577764692,0.5373709195632602,0.5952552142199791,0.6908159921943181,0.5503787228294044,0.3212385405401522,0.5806410752128326,146.78910083714223,0.30340042778426635,0.6180321250735669,0.414702430064977,13.188560068430235,0.544893294122337,0.5598627536186636,2.079925878411557,67.63938811231434,7.458076930899091,14.242824901474789,0.44059569768203327,2.2145276972792467,1.102779389489703,4.00807636254055,0.08449190768944997,0.2607731138608701,0.135072173631942,16798.043173532533,110.56844503485776,government_led,0.41823143184858963,0.4000879729684258,0.5572389188888236,0.13348998516174387,0.546627172101757,0.12361562704551467
SHWB_235,Shanghai West Bund,Shanghai,Core,121.43916746716204,31.17277813262044,waterfront_core,1,2020,2018,0,industrial_waterfront,0.7080971599034435,472.9449668294973,0.680289067739072,0.49006081997778195,31.15468115442841,53.918016601906686,8.077447086395319,0.47917033980088564,35.0,308.05853608166996,0.7606489121663155,0.3218255984560396,0.6668143373804405,1800.0,4500.0,182.47495391304955,42.0,0.8041051225206333,0.4644318723007539,0.5722363712922527,0.8553820418599589,0.748138737694691,0.7108391382420955,0.7297887164434551,0.6920128448793467,0.4835665612276866,0.41731548453706163,141.90233041129284,0.23160150555475256,0.559456526461582,0.2345483980196852,18.718364214167767,0.5329800559960416,0.5096703213103538,2.217377774088588,57.47024665701316,5.785413809614147,14.7225950796767,0.5242137287708145,1.8058935457300744,1.3618711299351072,2.9405580026305693,0.38705739765571895,0.2709447522195387,0.10973184593977586,16211.033328983674,44.205019073647634,public_private_partnership,0.44264439421403146,0.17577868865002363,0.5324471860128864,0.3359097947323147,0.6964045296009923,0.39509585462917474
SHWB_236,Shanghai West Bund,Shanghai,Core,121.43423041546838,31.19130983000958,industrial_reuse_area,1,2020,2018,0,industrial_waterfront,0.1479315805529357,443.5923779192749,0.8356116877375818,0.6489698155360363,28.31438440122646,48.407407854620736,8.13510717851973,0.4295683372295951,31.20750412173989,305.3744824617723,0.8412972092500313,0.4142463806572185,0.8529497262958504,1800.0,4500.0,156.0224358258255,42.0,0.7015087034514936,0.6018569836060292,0.6929400211812831,0.8455527184259878,0.8315124418733211,0.8267133580123353,0.9644601035717353,0.7864856081502302,0.450225518253657,0.6391880836989526,147.08104089668515,0.2531947991992586,0.6447850113330515,0.44012346464318786,25.92947227146153,0.4936127077202293,0.7100760405625727,3.1919857320011813,53.73932386463216,5.222828723638909,9.182975062769303,1.258459541012581,1.5757024552419412,0.933928260248664,2.7525076991143935,0.4894903595852704,0.05421588297673619,0.0,16362.124609149663,23.15666071056101,government_led,0.3527000212859689,0.15756995637270554,0.329132437537428,0.5296792394227384,0.7769474283348659,0.3550751120825356
SHWB_237,Shanghai West Bund,Shanghai,Core,121.46143173960985,31.173156467803008,industrial_reuse_area,1,2020,2018,0,industrial_waterfront,0.732119750169749,589.442077188668,0.737160337127317,0.39922938372011374,28.79680579246124,89.60229264360727,9.153046213841995,0.665231866095104,20.05473844726602,360.0,0.6019246784529112,0.15459802105292486,0.5304184520464513,1800.0,4500.0,220.0,42.0,0.9730611194206445,0.6453972946398278,0.759546400591834,1.0,0.7684966317085913,0.7461138394031335,0.6226602781346278,0.7062593170939878,0.4296275951618822,0.6226461124604854,180.0,0.4188732964074018,0.7690984463912636,0.34797663405864426,8.564486049813596,0.461804423515488,0.40731248862182456,2.9442365331577305,35.018761774956616,8.130311651015667,6.179248162064654,0.05,1.7929194898617131,0.6229357669452448,3.708096255753015,0.11663782283258117,0.1772923047560317,0.14828028289278058,26849.669823679546,66.91817352572792,government_led,0.224025720705268,0.29000581581411594,0.6532188264945761,0.08320687162718607,0.7443535744866075,0.15772073244003754
SHWB_238,Shanghai West Bund,Shanghai,Core,121.46545580211952,31.18703295254174,residential_edge,1,2020,2018,0,industrial_waterfront,0.30841350231924897,324.84123752574817,0.6376610548504572,0.572207908356803,31.064182684395433,55.68291428830916,6.20453873271846,0.24507120479254943,17.574558985097646,174.21149682684538,0.8017796082618155,0.4890780834254428,0.6627214344341054,1581.7321151258864,4500.0,121.03246474461397,35.67916463171532,0.6365220345583006,0.48965179028386235,0.6699840426508615,0.7548266447694143,0.7324454666580267,0.7409629836477265,0.8152097448008362,0.7520219136766817,0.6061689057278951,0.3219409669798764,94.05402921864587,0.15918067223369234,0.6600172704063042,0.25458332375480647,28.576185200128542,0.5145935684570448,0.6274954261877091,2.4877246780565887,73.85348015112345,5.960892869990109,8.70194525207415,1.5436852480923884,1.8882365955024174,1.1083198992280132,1.7953437553332536,0.5525696099076736,0.023759656962572928,0.04528133340757384,17374.113910545937,30.80141141166392,public_private_partnership,0.4339625554025528,0.014570809028147114,0.370518302201319,0.6335181422210658,0.5429812528942096,0.18364950220599233
SHWB_239,Shanghai West Bund,Shanghai,Core,121.4327729141171,31.18945596339352,cultural_core,1,2020,2018,0,industrial_waterfront,0.5959305379564162,546.0749171521911,0.8782812952475976,0.5675877977251965,29.318899848639113,41.21021628012016,6.442792066350723,0.608947661925906,34.67890879338642,186.7552694853698,1.0,0.6976211540761441,0.9087792914610298,1655.3290492063022,4500.0,113.87215085359644,42.0,0.8294899152553759,0.5570676229519366,0.761175486642997,0.7948749276557014,0.9231582142747637,0.8000002493856008,0.9205728615093615,0.8411825361750709,0.8210053417155228,0.528222843485225,146.69094406106518,0.305330494213794,0.5518373995289096,0.48165915048691,35.40803048756229,0.7110116548835448,0.7356495781996422,2.669118932858023,48.1146847227434,3.5494945384813636,12.069619422185198,0.577598519377996,1.684709832255719,1.0612661078979473,2.3602339321390455,0.6320071286524951,0.4382467190977457,0.15451505892666498,17410.215199254537,53.51805967397121,public_private_partnership,0.807228784127728,0.19554258352832388,0.16032287638655485,0.760520991650381,0.7379578605148382,0.21141301575678412
SHWB_240,Shanghai West Bund,Shanghai,Control Fringe,121.42884725802959,31.190419985048045,residential_edge,0,2020,2018,0,industrial_waterfront,0.23209510008315795,363.3917514571353,0.5343798302950411,0.5841186674571309,29.255417755828617,78.30457728958292,5.065103161093469,0.5601660450526491,28.821635812536833,360.0,0.6523389452749148,0.3818055512636837,0.6667984841501935,1800.0,4500.0,220.0,42.0,0.6083658845252657,0.5619700229608534,0.6228019345188698,1.0,0.665394483570935,0.6771224521057077,0.7439584447144638,0.6845641363567075,0.5615688833556931,0.8345874860052365,180.0,0.3827972670447376,0.7089044890898359,0.5383392414650584,21.366424131344438,0.488942267329578,0.6938343451771654,2.447461894446222,76.43462996257774,7.937172007073647,12.243906550724981,0.24196893201904535,1.8551508268550414,1.3845535927561332,3.35668130034008,0.40171185388951414,0.10541944460918329,0.18446952098374872,13494.460808614755,197.6543904709255,public_private_partnership,0.2011471763708127,0.6403874588312344,0.49838428306783483,0.32295663280125225,0.7696037948880804,0.26855465039260773
SHWB_241,Shanghai West Bund,Shanghai,Core,121.4552327639197,31.171734326963023,waterfront_core,1,2020,2018,0,industrial_waterfront,0.6705901392824929,383.57573436592673,0.794932660505198,0.6586214437489741,29.255787079406268,67.87112929237963,6.207990683001201,0.6050367114270335,27.467305565285347,360.0,0.8157935400225756,0.30308191615093993,0.8082874802321761,1800.0,4500.0,220.0,42.0,0.6639875385727656,0.4800089878149395,0.7074034189826,0.7884498227304013,0.7600365903454298,0.782967149436763,0.846228588574454,0.6949720899963739,0.6323452786320817,0.7734229570169473,167.11314929698668,0.4248563090523463,0.7962492070204322,0.4270522060307272,13.773323685725575,0.46044486005215524,0.584542288531514,2.049952413099981,93.4988730675045,5.101475086120787,13.616891888564359,1.2781879038229396,1.8104985795007313,1.04545771864433,1.5940505233535438,0.6104369543076132,0.15997039766889123,0.16563724811242897,13798.741631895018,136.4248177370401,public_private_partnership,0.15275718936901175,0.367555080778902,0.6996362937588004,0.5917956003532243,0.6807184852948189,0.04247513183628747
SHWB_242,Shanghai West Bund,Shanghai,Core,121.44681623679317,31.169763010447788,waterfront_core,1,2020,2018,0,industrial_waterfront,0.7941531007195959,373.2823429785298,0.6699904085351482,0.6526147489189701,29.800791438978237,46.786437593767936,6.580547169969138,0.5540127530860259,35.0,268.60986020912867,0.9656602950002371,0.2507153655934715,0.9712319217033495,1800.0,4236.499150092415,135.73621955373363,42.0,0.8259176122310163,0.4627168855707134,0.8251441843947992,0.8515578617643669,0.7739203827685478,0.6902811518273307,0.8375666810855192,0.675853201122055,0.6169806153830191,0.5764944835721781,179.3473778043732,0.5103132440938972,0.6323112949406249,0.48334960808649546,8.909693142059584,0.4219514261719997,0.7130649343172709,2.295749689000377,49.34089837179717,5.2115839232479235,11.420617174287376,0.8713996479483274,1.5021384443614803,1.3190551815638767,2.4475814911883833,0.43656304427530934,0.2017875000166143,0.2954129188474538,17834.579857096178,54.591171231762914,public_private_partnership,0.17005137282151045,0.31054175158145036,0.17573053299182026,0.42373342235520783,0.6487464079751367,0.12613048991645584
SHWB_243,Shanghai West Bund,Shanghai,Control Fringe,121.43534569805635,31.176242660204693,waterfront_core,0,2020,2018,0,industrial_waterfront,0.22417987284729057,482.6018274760317,0.4842135870228044,0.45156722772724167,31.13769618480056,56.68488277470001,6.721084282003548,0.44498125517605336,34.681177130564265,360.0,0.783754397741349,0.4168237804517593,0.6316660442559627,1511.4621257144304,3568.215046800708,206.5296735204343,42.0,0.721659723657787,0.5297461280007212,0.7937428021671432,0.7996985654613223,0.7447775865162634,0.6460674736715701,0.749469630941007,0.7315053381644305,0.6384537374532604,0.7232592678678775,180.0,0.6137207690616822,0.6861878582515502,0.481796018488725,17.943412969935178,0.5315095338454591,0.6263002913761437,2.562608082492128,59.09312776421466,7.803609800132255,8.308918229420478,1.5499440114786125,1.3578119491159597,1.0953913707072767,4.040744368332427,0.2294973088389688,0.06464574475610477,0.2203071186226391,17624.239308549848,157.96546184954929,government_led,0.41284729682715315,0.5457973029113563,0.38973067133222544,0.24532193074289887,0.7509708588569589,0.32184108829122043
SHWB_244,Shanghai West Bund,Shanghai,Control Fringe,121.477680871468,31.177554728583484,residential_edge,0,2020,2018,0,industrial_waterfront,0.7464005222379559,366.6839236384448,0.6986614042940829,0.46804730928561766,29.913709400806432,42.12255555058488,6.533816953062468,0.4729274899854161,20.734714157529435,234.00076756718633,0.712714632586058,0.4410642746946424,0.5884468717732985,1040.9124029288362,2375.4354521703413,149.59913877129785,42.0,0.4611000134901594,0.5182872441483107,0.5317290317933582,0.9320427743848472,0.5231871465851777,0.5744705716273241,0.5058453459279477,0.6951042766903923,0.3417621251872901,0.4693714357177273,143.98240479653472,0.36698665761046795,0.46472228758010053,0.3136668185448374,23.660638287843035,0.5613037186187655,0.6863926785569124,2.081968659475255,78.34399895163028,7.671070850031963,11.667499445336798,0.6539204487409224,2.102186568778819,1.3562537364412457,3.890198491818889,0.16452288742613339,0.3830095145139339,0.1428627948630607,19321.278530141557,124.29731871598743,public_private_partnership,0.4905354345360473,0.3373412777890346,0.17169275033896844,0.15945283143055955,0.640970372678658,0.27626681827014965
SHWB_245,Shanghai West Bund,Shanghai,Core,121.44154061138708,31.17960195603852,residential_edge,1,2020,2018,0,industrial_waterfront,0.5241852830147556,479.75088783476355,0.719233597413969,0.5604321984596402,30.771681872279856,70.90997062572728,7.14899346960914,0.6897098024413522,35.0,360.0,0.8368955942740287,0.3003553643273975,0.8475434596917514,1800.0,4500.0,220.0,42.0,0.6414369764617651,0.667881959059853,0.7522521213792087,0.70694977300425,0.5677149957097424,0.6698688461249757,0.6513818142038926,0.614042228414325,0.5643495026814271,0.5267159767348878,176.5587193286961,0.41538380037087475,0.7081299469713767,0.2823312071931189,15.254622140598734,0.49149984539462427,0.6265614143292126,3.0212542957267496,57.97297203910606,6.6874324786616235,6.592071444591958,1.4584796060339813,1.3690930538619617,1.1760393891819578,2.716871805778449,0.4315164726287871,0.15329457001004138,0.08862957550150595,24311.354610631908,119.81300053105383,public_private_partnership,0.3197792251299668,0.3176889556015542,0.8064333986840609,0.4525960687643274,0.4576160824762981,0.32580549241340667
SHWB_246,Shanghai West Bund,Shanghai,Core,121.44513442887408,31.190374159743996,residential_edge,1,2020,2018,0,industrial_waterfront,0.5776526292520865,497.0577571766413,0.7063181671049307,0.587078583219378,27.470245831596166,42.955768631433,5.983922005173573,0.45106676653747557,27.692740545499692,360.0,0.734959571173025,0.43684786145164184,0.764457235525966,1800.0,4500.0,220.0,42.0,0.7403918445792852,0.5625591081157502,0.7360222097691309,1.0,0.9067988901182429,0.6993881667136101,0.8583009197187126,0.734150516536955,0.6538064726036623,0.526030534109973,180.0,0.2309284293919222,0.5829711220974091,0.4585747410898314,23.50309673653489,0.5510255037009966,0.7331050925896031,2.7507121224333533,60.95728804514152,4.307264985330824,7.0792707675951245,0.08357189990366512,1.141579863106752,1.2324396954992494,1.9850927764458102,0.6088268056222675,0.33618407802358546,0.21139294345229354,18961.532820995457,139.7956273412855,public_private_partnership,0.38998104637556996,0.5264708864736583,0.3610570781808877,0.5112095158906784,0.39164946910462645,0.06106035694893762
SHWB_247,Shanghai West Bund,Shanghai,Core,121.44720229929503,31.201208343723284,cultural_core,1,2020,2018,0,industrial_waterfront,0.1365928727377338,452.1039574221385,0.8675669693410434,0.6666870386920548,28.855130126840432,53.1933068590442,6.663443809549435,0.7200464009612196,16.10646997342144,311.39599201366644,0.8510064787316216,0.13541719942998529,0.8545828253372163,1800.0,4500.0,170.19795691110158,35.932430029915835,0.6877664801239554,0.5728879371624742,0.6024195613334947,0.8594357360806754,0.8357530108214828,0.7643328285388677,0.7624115932220227,0.5535857108026355,0.6649974667015316,0.5080560361932551,147.07085843526477,0.3008748276998398,0.6619147504338349,0.42440871569208716,6.786638277699197,0.25740356067199405,0.3838055567484869,2.0506418821763965,69.27063222584235,5.614293399518578,9.093820428413535,1.18752762638094,1.8098865704230633,1.1914131254751201,1.5749264507681244,0.644872894896695,0.04481927251377215,0.11203531747303243,17501.577200549138,109.72370436998085,public_private_partnership,0.18549850014479857,0.2705926528038972,0.41454931094649644,0.6355325843623556,0.6833409567256452,0.06781648624376094
SHWB_248,Shanghai West Bund,Shanghai,Core,121.4794253999762,31.19245725886449,cultural_core,1,2020,2018,0,industrial_waterfront,0.6033452576142446,426.49639208014617,0.5206684774618066,0.4358000829015825,29.39373640414105,36.434947349218206,5.732019693703993,0.48443403247220596,19.24578237778288,262.88806180501035,0.5906531960902084,0.32815154638597677,0.6137063731540875,1449.2177687652593,3432.0814441555426,158.36091176741868,37.34696541699038,0.6223644408022296,0.5211013410995463,0.6262317820032737,0.6511027249250045,0.5599887488535163,0.45726140186721237,0.5619832606975456,0.5379427617155581,0.33172499090128604,0.397034143863788,118.95602736738239,0.248332265686288,0.5458436082242402,0.23827286555262167,18.59296818012678,0.4781015267286971,0.45856019082726407,2.636694019127453,58.38474922968063,8.563463488144047,11.545616609111864,1.501983955064995,1.833647056624602,1.1611028915029047,3.7159773376749876,0.24917956332216426,0.16805595240430526,0.09220797701305147,19254.88154546237,54.08902709486651,government_led,0.4100304996359125,0.22742192632583458,0.31523394073013633,0.33647413343217536,0.7922514791476418,0.3664920334242179
SHWB_249,Shanghai West Bund,Shanghai,Core,121.44956377738468,31.1891479974588,cultural_core,1,2020,2018,0,industrial_waterfront,0.9201478234952658,284.0052151647378,0.7512691762773249,0.5197267375650102,29.49877082466692,57.94716926286274,4.090485007885028,0.4498459278519597,29.5555411415626,254.02655162594,0.6554211109616898,0.3911509595182999,0.8604498561497987,1800.0,4500.0,148.336605622434,42.0,0.5700633227330092,0.3175212664499366,0.5623071082418408,0.585518051710016,0.630845559268747,0.7919200772022787,0.8352503263298446,0.7597390708018346,0.5896075913337293,0.4915841385681691,70.77821675578251,0.3290876785453987,0.5355614748720107,0.3883581543984272,23.895593870311792,0.5279342044203774,0.5701077170652514,2.039922573312598,86.47509205892031,4.2898312979678614,11.444371222171315,1.7084257760031123,2.3405987624880673,1.438339516910054,2.383080850930122,0.5401133938891196,0.3872827563927363,0.11087427590905026,14027.232005650934,69.73373500835385,government_led,0.2482658619444276,0.18952237779549333,0.3295708436124647,0.5088500800688152,0.5825945734536273,0.15118548594442507
SHWB_250,Shanghai West Bund,Shanghai,Core,121.43889355921765,31.186519252013518,cultural_core,1,2020,2018,0,industrial_waterfront,0.6756248150814242,402.0922277816122,0.7279591531325305,0.5171321051171089,29.28493363617681,55.50464180924193,6.473762483421124,0.6600713258536537,23.395622376508626,360.0,0.6879988180628831,0.4407804826152531,0.6338318679409797,1800.0,4500.0,220.0,42.0,0.610741993253769,0.4416606999740239,0.6648124366963454,0.7153837126258867,0.8333586557633783,0.6157917342346662,0.6532064846394817,0.7507377294059566,0.5767464134512235,0.6210923954635342,164.14356445194423,0.2654762294917351,0.6820614185742616,0.39190416577794346,22.325629654405695,0.48657664079810087,0.6015229421550201,3.3273517448309473,42.91571352657038,5.268980087473903,8.5261795742168,1.9254369389131498,1.4919319960399484,1.0147426775066066,1.8155249835822653,0.5122839919951606,0.2651984665967487,0.3115628050918825,24100.97122079835,49.93919654853594,government_led,0.3633083174476191,0.34649872935177434,0.5415875971205122,0.3433050348951202,0.6709507643736776,0.305010892339534
SHWB_251,Shanghai West Bund,Shanghai,Core,121.41800946486659,31.181566917015783,waterfront_core,1,2020,2018,0,industrial_waterfront,0.4342519782496218,444.86059871751377,0.8178444270902517,0.6947864931099057,29.1652148812623,54.65428337630438,6.602868126813394,0.6661127295461658,18.042769757346097,307.57687797786167,0.7554508768122075,0.41191928678094114,0.6653304039880935,1800.0,4500.0,185.08300956232725,42.0,0.8062686122822316,0.565801748620166,0.8987620708145443,0.9447490393275613,0.7275692054278102,0.767725118121734,0.679817029428062,0.7310262751710229,0.4061855807893775,0.5423851539972239,173.92179438777782,0.39049044362013136,0.7143196428542015,0.4228230364506438,18.57329526261299,0.4518522619505469,0.55118484829652,2.697553645721844,66.02554695249663,5.650238871784979,8.454697311794739,0.05,1.446981402047874,0.8156941241626989,2.0032938727793668,0.48438415346922675,0.10267671887087396,0.12633921814081844,22033.18293792493,106.22098138984617,government_led,0.4525170541481557,0.22496363607967412,0.37145580280678897,0.4531011596244248,0.6961517279687214,0.22355867239530025
SHWB_252,Shanghai West Bund,Shanghai,Core,121.46305433986639,31.175490414160524,waterfront_core,1,2020,2018,0,industrial_waterfront,0.24075175061181217,163.0206387681966,0.6980177580256192,0.4627088637233809,30.344951809409178,21.132045651633078,2.5,0.21355451494953137,8.899009627730997,197.08618445095087,0.38331568986586095,0.2877738877181783,0.6364692541539615,1220.138675295095,2587.278070400088,154.61081909232067,9.233289733534152,0.3328783428965113,0.31423766436937384,0.5091980835131241,0.915730681986738,0.5994733048244194,0.6676521743543825,0.6497944092273812,0.5208283560927098,0.42499302292922336,0.47908482970234095,95.05977442012924,0.37012100640459195,0.40667000411616394,0.2881731277416942,20.52350090987173,0.44250248417296034,0.41578082791214716,0.7,81.07820037673906,6.155228316585767,14.983050069698866,0.2908905727980788,2.908660348879404,1.650595328046763,3.561248735496257,0.38026321806595087,0.16909013504770803,0.014189249053891725,8946.552880557847,68.04070947650054,government_led,0.34267168381259566,0.2840288479726296,0.14706257037041207,0.31023472641610655,0.38590761158097775,0.20049974608383025
SHWB_253,Shanghai West Bund,Shanghai,Core,121.4573317343298,31.180652155518505,industrial_reuse_area,1,2020,2018,0,industrial_waterfront,0.3026335659154621,546.7471384890332,0.7705012382767678,0.5074793223242955,28.983168093914465,60.41459556546257,7.7952681954609275,0.5591216315203383,31.473696162129173,280.6598337454011,0.7353074493156044,0.3743985934267909,0.8562108529135293,1730.247627327848,3952.7144180069504,181.5303493672478,42.0,0.7995929317548409,0.7443374403207373,0.5819859851895631,0.7190470067117843,0.8365004197037963,0.7212768125455755,0.7825432551990834,0.5987531244961233,0.5546443557781113,0.5297769220703347,180.0,0.4269127059613642,0.5115894052558031,0.401261490118699,24.373660137698923,0.45293895276302354,0.6385980466758755,2.754105959304673,57.085730898716406,7.3473087132284585,9.153527173115966,1.040831501390091,1.356230109533439,0.8059228043480519,2.734769834957075,0.4343437078678079,0.0,0.08529559458096904,25588.480025376793,149.63034608460012,government_led,0.5035534850409109,0.37968752974213144,0.29825686662020856,0.40755632026768684,0.8113632713081598,0.6735855744649221
SHWB_254,Shanghai West Bund,Shanghai,Control Fringe,121.4454283992012,31.18306299033457,waterfront_core,0,2020,2018,0,industrial_waterfront,0.355867741695057,344.27968459651663,0.6604449201822393,0.581893951552908,30.78282522314384,66.85484755908237,6.075701876326425,0.5493063682642219,23.846246285135493,320.3079951556085,0.6712147063637937,0.3204883609069015,0.5622429004519774,1800.0,4500.0,168.68812671539195,40.67757378821586,0.5485465730545356,0.5895554012866245,0.5986383701857635,0.922425663966389,0.6207754926016135,0.5971499219561823,0.7118460039212985,0.6176643268634282,0.5368545876840156,0.2367932625511959,102.63146487346475,0.26886328673272786,0.6302118115965318,0.3917119154260709,12.805780417760973,0.47303779431690973,0.37269018515133295,1.8451917526331838,72.15805551885198,5.424681062522723,9.650542834406686,0.7479394512580051,1.9609397245991134,1.2185049343160614,2.6998688183138038,0.4608133625589416,0.2414876851907137,0.0,10278.866611745678,39.01218886620285,public_private_partnership,0.4555811663826642,0.12322196445860603,0.5928161950415707,0.3500587265894742,0.423666090833028,0.48142875546126696
SHWB_255,Shanghai West Bund,Shanghai,Core,121.44926751540999,31.196801311217126,residential_edge,1,2020,2018,0,industrial_waterfront,0.3284250423036707,407.2411912842324,0.5578599563269305,0.4450190180874827,30.69448715378481,35.12156901547297,7.143043860485591,0.4111666565872164,26.60380632765247,275.56978680035496,0.5805731841086362,0.2803216503420427,0.6528052188827789,1148.9716626968645,2079.6358993236972,149.4980399091222,42.0,0.5836226530187573,0.6834466762942748,0.6267917360940424,0.8829985753069846,0.6570527734953453,0.5841293915300878,0.5645727550759874,0.5195955313836963,0.2375836359297842,0.4478200167043387,180.0,0.35324329779096675,0.29466972557070414,0.5709950760698028,16.37428769684495,0.45614608874775275,0.5145146779117782,2.084306789943962,76.4099812361447,8.925519622120515,11.890016993882734,0.7892389332216242,1.5579417265766902,0.9350459174558171,4.164958123065295,0.1809070675397882,0.09059623882653677,0.05471947926472148,14752.507107506637,181.65396766338884,public_private_partnership,0.3232502053696473,0.5691882314886942,0.11198311833070455,0.136009547514297,0.6682970348615425,0.3524399993188813
SHWB_256,Shanghai West Bund,Shanghai,Core,121.46714856618588,31.195726151030986,industrial_reuse_area,1,2020,2018,0,industrial_waterfront,0.6804541943852267,650.0,0.6481634439252472,0.5242373766895562,30.66058362389461,58.52916776274447,9.096571504826223,0.6486871773203071,8.721562694144609,335.2991300945602,0.46977482772984447,0.36748383201495133,0.6842443327869894,1800.0,4500.0,186.49769939248802,40.31442808346885,0.6975799271693575,0.7371676500302702,0.9035839126629777,0.6420595956973895,0.8521616936684285,0.6447485341683898,0.6961757019395582,0.5920065219668378,0.6056216584180367,0.5311464996209606,180.0,0.2537165380932373,0.7019430299544989,0.3806630528360788,23.21026554413558,0.5040505981238586,0.451610965531971,3.5223495124414788,28.159090057201578,5.3086503685559085,6.647683571393009,2.1637045269854642,0.8538522975884592,0.616012815588486,2.2644453422367,0.5214067902637333,0.15760234605895598,0.270348573420923,31568.795959925083,60.1858343540107,public_private_partnership,0.2789168787422047,0.261771724076616,0.4576996582424702,0.46306429681677685,0.7080903052623927,0.23663082855089337
SHWB_257,Shanghai West Bund,Shanghai,Core,121.4530413213555,31.182063049174573,industrial_reuse_area,1,2020,2018,0,industrial_waterfront,0.5009353065465891,285.86578957786116,0.8566415179202229,0.5215823781533129,28.247228457433174,47.03494640079866,5.260610134131085,0.5108913404397174,15.641308156142005,228.24031422158387,0.6445393449307414,0.22453204566269894,0.6990019430363292,1381.1309190669604,4060.12010089937,137.6267683625395,27.197347802040404,0.5567315192224114,0.5013269075366179,0.7053709089510222,0.7130692929360805,0.6093341139913254,0.7328153576022283,0.7269040646553528,0.5147863013903871,0.7087679243242715,0.40840410138959005,121.52245985118876,0.3285600992261836,0.5414226917400434,0.5116021650167182,8.186777367919005,0.5113550749645382,0.6041286761255268,1.2001511408795664,74.3688947554267,4.788626345331499,13.647088750340364,2.5231230153306536,2.4075933113059214,1.253081417903443,2.0234722580540776,0.5421971270327277,0.18385844909972293,0.09783106021849663,10011.621931913309,57.011486402228144,public_private_partnership,0.09732704754343285,0.2646642695525362,0.24079280770688347,0.5428389808223801,0.25127984580304874,0.8137391225652918
SHWB_258,Shanghai West Bund,Shanghai,Control Fringe,121.43734866796453,31.183148057091223,waterfront_core,0,2020,2018,0,industrial_waterfront,0.321471246697286,344.16322568357486,0.7645326126604817,0.6067934893136354,30.68141138521079,59.767958054248915,3.760072204979048,0.3970329966374729,23.544800773453865,298.53505782353534,0.8209092436464439,0.15515838752453398,0.725074812040776,1800.0,4500.0,181.32889056379406,38.053633761448786,0.7018359451412022,0.49211959624798146,0.6509571784254842,0.8651978544104559,0.8276943065284407,0.8206105426681938,0.7718713188821029,0.5164059303392301,0.617701261753844,0.4613746303979823,113.67949585222648,0.27103509351887267,0.6095206750083176,0.31940152957399964,13.813609844326969,0.304337474566382,0.5613526629838971,1.6014454292325238,61.643607704376414,5.041549004102965,13.268851221696924,1.1326028122703133,2.6236493509554775,1.4533321229645635,2.264105354298011,0.5146192285855798,0.0,0.06903101044544455,14247.672535775244,39.21320617761697,public_private_partnership,0.27558234131202847,0.2605421389693774,0.41632005692931506,0.4323056317742749,0.6187205349667079,0.15648080853972982
SHWB_259,Shanghai West Bund,Shanghai,Core,121.4541584835508,31.182313408287932,waterfront_core,1,2020,2018,0,industrial_waterfront,0.3673122488554843,257.8893878032826,0.7667846473924321,0.5719059729061254,27.31890066985987,60.62153258740682,3.8550189819683296,0.34612340457104707,11.0781319240388,360.0,0.6736024103644963,0.39710769528908896,0.6383174977886433,1800.0,4500.0,220.0,17.751661483013997,0.5145402425798624,0.34876718100295834,0.66279458854022,0.8141841781717646,0.6899775528330025,0.8378561596696863,0.8257757816533653,0.557078558575989,0.6626403956541262,0.644612791929255,135.66415121844355,0.3091005070897408,0.7543741498793659,0.38630164820371093,20.723891421743755,0.3933564331744431,0.709406855550629,1.1967922589716038,91.40741512999435,5.646863091462055,15.562961524065635,0.8754026094864827,2.603654482162806,1.8,2.2635842131302017,0.5449942194016396,0.12618923803164664,0.202664768734875,8931.64579970996,162.43520042444192,public_private_partnership,0.36583268657655016,0.5138888327914566,0.4589224353972737,0.6052096965627589,0.49368681768193223,0.23690401881415898
SHWB_260,Shanghai West Bund,Shanghai,Core,121.44267876205156,31.18779171258409,industrial_reuse_area,1,2020,2018,0,industrial_waterfront,0.5051180178304767,421.3341303126298,0.668526987741232,0.5092497836032783,29.0895290033505,34.84282818653659,7.1153160270846305,0.48270210967587523,17.6486724960716,165.76031454155483,0.6837286856118464,0.26902998965139363,0.7508003311543797,1390.016829046373,3651.370473932925,126.02788705515084,42.0,0.6114980484112709,0.5667814793812129,0.8529117961456261,0.7893203928870489,0.7662965958422053,0.6778211596767403,0.7931713634874136,0.545917979496332,0.5569843090434664,0.4839655010170302,137.83673846652914,0.16274339819005545,0.4649917089541481,0.4367212764448236,17.199198933667816,0.45444914803194447,0.5533741713508398,2.7096205662233217,52.15408288175545,6.218827543083761,7.164457531519078,1.6739268293950766,2.193638245775553,0.5304050977577696,2.980512607780842,0.44413327742314557,0.15334745186656756,0.10034598559865557,20472.602623053666,10.0,government_led,0.33700045226461023,0.13985601226189037,0.20231115276726627,0.39565502844583517,0.7102810761353616,0.33624782704070694
SHWB_261,Shanghai West Bund,Shanghai,Core,121.44434675810263,31.19375121484705,waterfront_core,1,2020,2018,0,industrial_waterfront,0.5693925968322786,265.8086729518968,0.565002897976884,0.49856639123546753,29.882229918521166,59.66157927633756,4.3766172583792935,0.40467248660768773,26.62790111965708,208.7375579131149,0.7105661455461949,0.3297420779794751,0.5809129597676244,1224.8260957013283,2276.3175152476542,114.682401164215,30.178702639649206,0.664446321284732,0.4043806344663689,0.6095976017358214,0.9614245731935676,0.4486612175984954,0.5464129129181496,0.7993037555566467,0.581937463425678,0.3006143321281455,0.2219475943278695,60.32761980683704,0.3521009027274254,0.4816898715408963,0.42272334834279285,18.51124296508381,0.4004047878688648,0.4777087272987001,1.4112956650953015,78.75226995467133,7.625699910952044,14.181451199349478,0.5365852251979617,2.7140786901630967,1.3167050176648496,4.573988008947607,0.1442192203953715,0.21717598822568118,0.0,14715.913262219172,10.0,public_private_partnership,0.21472640921834657,0.026639102127408887,0.323529155435504,0.2183126344243102,0.8374471983476639,0.019264064099028987
SHWB_262,Shanghai West Bund,Shanghai,Core,121.43628670192506,31.181956565544613,industrial_reuse_area,1,2020,2018,0,industrial_waterfront,0.6794139344992555,486.0981921089818,0.5780599610367969,0.473471967283234,28.92344932122714,51.467317677240665,9.213553707823694,0.6157933659121237,33.03157174919783,273.7236665101612,0.8088151396166504,0.4017924203601672,0.8319602907980703,1705.9489609078191,4455.66431545834,172.1170060112158,42.0,0.7022720440147661,0.6871508411358213,0.6818343658182182,0.6805624627538207,0.6350853073815611,0.6258943230345348,0.747058588943093,0.8824405133310298,0.5279040057123731,0.5369801798662954,173.7451842801353,0.13978764806373528,0.6272012923203417,0.399055880885139,24.355230346596993,0.4911487439878759,0.6272736833768131,3.0991952874903426,51.27113339140336,6.929319102393834,5.30921850035315,1.5678545630073464,1.6631376102376738,0.6183517805629652,2.825862971846732,0.3447993743543278,0.18740356855911922,0.11680083511572806,18096.156138175378,10.0,public_private_partnership,0.4122700703134772,0.16788477903784046,0.41940648634829963,0.33384243658515494,0.8259322204412481,0.3208582967007816
SHWB_263,Shanghai West Bund,Shanghai,Core,121.47185301215829,31.183357774273407,cultural_core,1,2020,2018,0,industrial_waterfront,0.5782623693888682,475.5686841513894,0.5726244903010732,0.6222032003761622,29.179058501081066,37.89509480918435,8.378022100931586,0.594049578973474,21.95887861545922,245.3377834953602,0.5168627585083373,0.5447808175140746,0.691441846584634,1372.299515323267,3903.6201511971576,170.72194701940697,42.0,0.6329789593203031,0.7048701072718417,0.5574164591478643,0.8599122895551037,0.6862233767627012,0.6363254903514747,0.6619431365462852,0.6849441929351726,0.4245466882089049,0.4287822325817029,180.0,0.38572454082578217,0.3423535465597222,0.39953059490520687,22.380201835742707,0.6727428632026252,0.5728371839461825,3.4287430612717262,63.814743225392064,5.99984395742086,7.049867060854815,1.0531263860626083,1.9960712465143184,0.5164045093906832,2.3907485953132315,0.47941719889360535,0.35629456810732907,0.22487957949937493,17727.535105034767,149.6048771546413,government_led,0.29675197195269887,0.5181374856416665,0.22702120446342464,0.44892915015376283,0.5739894008398695,0.280695221662399
SHWB_264,Shanghai West Bund,Shanghai,Control Fringe,121.4540861912221,31.171805926048144,waterfront_core,0,2020,2018,0,industrial_waterfront,0.3248922156421572,519.985220007545,0.666517232445939,0.688826105655116,29.01708538817087,58.57576745184663,10.604464710725322,0.5974691242902473,24.927985510134445,217.37015588137302,0.8203142330702997,0.2972374514195426,0.8113824395279667,1800.0,4500.0,130.12856514963948,42.0,0.5435585921552604,0.5289933744276152,0.6874113882866613,0.9157668196907722,0.7643887473807278,0.6258872872814694,0.7918794548335275,0.7615382790014539,0.5064201723724994,0.6072882613411223,170.12861876634904,0.3455145041113731,0.614783502662938,0.3406596305791108,13.802836378714757,0.4311884065737599,0.5024621004455282,3.1647085593401973,54.90487629202902,3.326715323263597,7.229028348152818,1.4059749446956977,0.5592598213398325,0.8908406766168474,1.6462753356725193,0.6841845672785779,0.07435398846700923,0.12144966075225441,25512.99222497711,12.999048872875516,public_private_partnership,0.20183397844063744,0.12674392155569233,0.43455628180076006,0.6532661944887098,0.46004834183251964,0.30873651335543584
SHWB_265,Shanghai West Bund,Shanghai,Core,121.45296353994999,31.154057732242347,waterfront_core,1,2020,2018,0,industrial_waterfront,0.46486174485592857,580.7764616253974,0.918773239677309,0.6552692819160414,26.055102454316618,64.34313544010296,7.702943996289349,0.541762071068001,31.20201469942376,338.5511696675862,0.8461660619846657,0.4620132444880273,0.7946630761248894,1800.0,4500.0,217.00471939059818,42.0,0.6605739938181431,0.5484075240575753,0.6963782460003203,0.9957557606178564,0.8727532430893454,0.8172287459446644,0.8983266933581927,0.8188398082058034,0.6040673354999463,0.6927871492808216,158.52834912484812,0.40722817075383044,0.6475253585661873,0.3612006122974372,26.83898132777152,0.5910472457528565,0.8343962552144298,2.8358476368713523,63.26541604990208,4.162467918080574,9.160802986673424,0.05,1.718375544843307,0.788544570478068,1.2511788463386961,0.7780348507829478,0.1766503931050212,0.12465184934257409,21826.455889795972,115.61725745778956,government_led,0.3995172450511445,0.39573913918213593,0.42797119646722026,0.9135889904804042,0.4041045104337948,0.21009306636791045
SHWB_266,Shanghai West Bund,Shanghai,Core,121.45429055781516,31.188844273175818,industrial_reuse_area,1,2020,2018,0,industrial_waterfront,0.840274880654952,599.8646395669676,0.7012214457911713,0.5708539891708063,28.65687430903752,41.33542762508644,12.0,0.6535588261038161,17.017183217317054,257.1271417159403,0.5896202108026366,0.18935347819162754,0.5965282973462703,1668.0892712955124,3815.414234295917,110.88444079204217,42.0,0.6756704698194123,0.7420576944968654,0.7140958862134882,1.0,0.7901833265507006,0.6675820355964972,0.5765508467638907,0.5659752582654807,0.5185704641871738,0.389510321043846,180.0,0.3634699239957063,0.4169417841713911,0.3586765936624623,17.44392723745302,0.29308261781500383,0.6033230356636852,3.4349348273393705,29.2428506641892,6.796788600659399,7.165776262255258,0.05,0.8144847607179435,0.6643708272244382,2.063053133905906,0.444286571794928,0.18435394013305442,0.22878005706262233,34179.017265524795,76.29297251296111,government_led,0.1711735998005392,0.2421712287576756,0.24375524950192212,0.4573099158294347,0.7361195763804192,0.45934287172922206
SHWB_267,Shanghai West Bund,Shanghai,Control Fringe,121.43886532330201,31.187902574412245,waterfront_core,0,2020,2018,0,industrial_waterfront,0.7135124209270799,546.1720594125547,0.624832575177521,0.5211544907254628,31.02510109147824,33.757441741699836,8.146301052362787,0.6958244536151834,18.061317435935333,259.5072621364303,0.6934508718186553,0.5681189599858119,0.7097498815887608,1423.6115892623475,4202.80577607858,106.21179863746023,42.0,0.608104572803099,0.6169779683757868,0.6331108887460235,0.6784845468159982,0.8563859894797481,0.6753548603494288,0.6586620798152644,0.6607409383687647,0.6485290182741162,0.33397122124642015,180.0,0.24833292409532096,0.4904595595441765,0.43033000157741225,15.199489240263263,0.6198720185202888,0.5563537151917994,4.610426351957531,24.960474582460062,5.450749218802772,4.883076775426704,2.1443891131936756,1.197179790876647,0.37570639076842155,0.68962523221453,0.614593412573226,0.42785501046039315,0.3004530335611267,31415.749580106054,120.24327070507022,public_private_partnership,0.543322698982148,0.38094341162018464,0.14747548333954139,0.7222863385916451,0.6938133952180975,0.2653214722016483
SHWB_268,Shanghai West Bund,Shanghai,Control Fringe,121.43870981510213,31.198792834697684,waterfront_core,0,2020,2018,0,industrial_waterfront,0.833894630608837,416.7562899060526,0.6499456846745083,0.5626102298585612,30.080603038464893,48.55116380907161,6.341201930001747,0.5439638543509068,6.628704906695986,360.0,0.6467239243437037,0.4297429918386662,0.7325260397981315,1684.9290544631665,4500.0,220.0,23.844191023067644,0.67739211746579,0.5615054372825099,0.7611131567528198,1.0,0.7655818496218754,0.6266654135304656,0.8244325323685248,0.5651400110008161,0.5373564733862571,0.4742445757978726,180.0,0.5384050265872138,0.7604301718512028,0.4841412660568623,18.65547265465692,0.5240966959258151,0.6927161672590864,2.5449380216465607,54.94334971399852,6.889491224164183,9.723108499391428,0.3122018151332949,1.9419657351960198,1.4051182022801176,2.8525174650767284,0.43833103914474175,0.37717396912160855,0.4565859896640341,21923.33829635377,148.74068717030593,government_led,0.42716761218492877,0.5154767709076757,0.356412394881304,0.5436646054874852,0.8071760705799733,0.030995431494851476
SHWB_269,Shanghai West Bund,Shanghai,Control Fringe,121.44051973285497,31.18755081106685,industrial_reuse_area,0,2020,2018,0,industrial_waterfront,0.8707726590683146,564.913398695461,0.7030138461255866,0.5412494956583619,28.628468486258004,58.09605262082846,9.01396998099831,0.5567676786681905,23.34082773819633,360.0,0.8660456899764529,0.20545655762328943,0.7946833067241894,1800.0,4500.0,220.0,42.0,0.6901095555169405,0.8018423334789719,0.7496851240729748,0.9423596886812662,0.8405167995441977,0.7299304240398035,0.8662885797736521,0.499346481454561,0.632942926868338,0.6192555630366146,180.0,0.4391185241518286,0.7326132342639049,0.42603887555889464,10.203879437703954,0.40122910878162976,0.5510816724817379,3.448136391921908,40.946799048794,4.605482804880291,8.250762178623113,0.33614445488855815,1.1163201604294168,0.7035819702234312,1.7149448227870683,0.6272774941942161,0.27361550399244206,0.3233690580727729,22396.926091851732,148.87292661531467,public_private_partnership,0.18796308642120868,0.448736393451743,0.4417141886829581,0.6305507085654551,0.7037019398997955,0.43857124910001805
SHWB_270,Shanghai West Bund,Shanghai,Control Fringe,121.46495813477586,31.18383426808737,industrial_reuse_area,0,2020,2018,0,industrial_waterfront,0.5315081441015413,650.0,0.6624678021355399,0.49516347977610575,30.774641310580947,82.55382377747621,9.909667911847228,0.6806848487350644,34.62706740574329,360.0,0.6421812229565609,0.1232211966442329,0.5519905842484747,1800.0,4500.0,220.0,42.0,0.7517098492443947,0.6473726118051523,0.8194028510342021,0.9146777238895236,0.7496605114518899,0.669932324125428,0.7599808614758955,0.5622953503241364,0.5324022672584724,0.4881910907046603,180.0,0.4370863542534654,0.6001219404631482,0.334544657422912,11.0064145117099,0.39498485104259395,0.46500233336113295,4.494825959648047,28.580559446471895,7.3085949068098035,3.56292453641065,0.6670770585286301,0.34472317005741004,0.24159643482784626,3.2318324392565834,0.368323389565095,0.047246546311178333,0.14634906593025684,30633.370301906616,136.39283728569052,government_led,0.043526469678274796,0.3134008816750602,0.6198527155777638,0.4086374971329014,0.5953617000489501,0.42801771353928725
SHWB_271,Shanghai West Bund,Shanghai,Control Fringe,121.47153382442555,31.18336718469259,waterfront_core,0,2020,2018,0,industrial_waterfront,0.33020033485245676,515.1144621120336,0.3551725016623076,0.49444856401298976,32.194551417663035,37.099878695570204,8.020196904728557,0.5805430525012167,27.274489536433926,278.90360404319597,0.537042578901388,0.3502995017946004,0.6034948355676298,1201.8809625753809,2448.7781797555094,197.1272747153808,42.0,0.6695088679861082,0.44344694478592495,0.6437503840157426,0.5494161263852685,0.6818382893805571,0.5624255557323449,0.5000877477448771,0.5833632807641048,0.3855423644216604,0.5415115598513413,180.0,0.3998327681107276,0.4261689889788991,0.30876156019373635,18.204286201248998,0.48535839038025347,0.5439719704749519,2.8242110933365563,39.037442385803104,9.297397135789945,6.639401683359695,2.850059726805006,0.7931015454671204,0.4664672021651843,3.643971463253315,0.1782944270054466,0.141270937141292,0.07316700091843648,29714.400033177222,145.68642114492258,public_private_partnership,0.39704086069227534,0.3983444451180547,0.27269077735399516,0.2107989584161119,0.6641140145832213,0.14985005378526
SHWB_272,Shanghai West Bund,Shanghai,Core,121.43283324925389,31.176274683934707,industrial_reuse_area,1,2020,2018,0,industrial_waterfront,0.5298299451165325,387.8552352830065,0.47792448264869153,0.5092133607558937,29.132469403396833,86.14026564419908,4.785327031219714,0.5152218655027895,7.165989036781977,337.8944129971735,0.5403885751884105,0.47892117025842484,0.4760390898634292,1800.0,4500.0,208.71429071343482,25.88880081992241,0.6533826531625293,0.6250485640015744,0.7911748768354215,0.8916027960085969,0.6590541294476587,0.6665456558324536,0.7673816508430829,0.620101213861413,0.5571163768446581,0.6710391481221902,105.00385721501802,0.2741427106349035,0.7350840788297118,0.22805547052579014,13.27886904734676,0.5763549422099138,0.6299546684549592,2.771323249711185,63.95011490600059,7.465129041127482,9.336146765277851,0.4585588121420117,2.0322068094127284,1.1774018872984686,3.54905371447381,0.2904436911520267,0.32424608278439265,0.07170363665238619,13386.830329687255,70.01936145763112,public_private_partnership,0.5703898949203232,0.11583065142617016,0.7154356560560636,0.17158716848345917,0.7665400591664091,0.0455080663285645
SHWB_273,Shanghai West Bund,Shanghai,Control Fringe,121.44716845842231,31.2009208578497,waterfront_core,0,2020,2018,0,industrial_waterfront,0.739933107099268,626.3902258284426,0.787301051235933,0.6450064872959934,29.872132176467268,44.101065631547584,9.668683318518521,0.7360001962103315,11.33106113584977,292.68072917408665,0.705433289063352,0.21001583705048857,0.7589318125070683,1800.0,4500.0,168.00314914276646,42.0,0.7823281408561434,0.5431474410765714,0.920112498306075,0.7998000620949803,0.9183076746062491,0.7031330676526594,0.9108957578703021,0.5411433247243304,0.6131582118518231,0.5191245217889132,180.0,0.422777365279127,0.51643296793575,0.4603552487588906,13.214718295693553,0.3957916721744581,0.46407843784118363,3.865738777390715,43.42892126102852,3.859394911659659,4.463799632195689,1.3261678006245343,0.45051161938549555,0.15363137872377725,1.398460590470162,0.6212474486674096,0.07796515698748349,0.18664983009379355,28322.142418817337,63.73724842951525,government_led,0.3124892796420443,0.2546073266820822,0.35981755570746515,0.6118485829748889,0.39465698304607905,0.36164932090070506
SHWB_274,Shanghai West Bund,Shanghai,Core,121.46021128450532,31.179271284015705,waterfront_core,1,2020,2018,0,industrial_waterfront,0.9201528340180652,600.4080600056459,0.6401872949462344,0.6117646011873907,30.817084825718858,58.86474502668143,8.121191701376498,0.7259759312002565,18.857974116274125,360.0,0.6204349828617551,0.18758222335967256,0.6670601314056785,1800.0,4500.0,220.0,42.0,0.681807144995622,0.5934537135658329,0.622435828326086,0.7719645291169548,0.7553855547543855,0.6512896325760453,0.7038018575292048,0.5367744136726481,0.6354104439852307,0.6169064250034275,180.0,0.44189663263994755,0.5258307835244028,0.3003837844159246,9.13671168983004,0.35294332228263536,0.5626262310742304,3.713729973639807,37.73298807363652,5.330460375967959,5.524267256632045,1.4311378141490099,1.4990649406641996,0.3626499036505624,2.6043751937662276,0.5150615619423794,0.034187984232441126,0.4030608115843824,27133.091438298008,108.48956895057671,government_led,0.21437322291720567,0.4483953748424889,0.544598169885301,0.42155168945964,0.4009295382216548,0.1899492972107412
SHWB_275,Shanghai West Bund,Shanghai,Core,121.45764476217242,31.186144894348363,waterfront_core,1,2020,2018,0,industrial_waterfront,0.6169131644785512,477.2940611186515,0.8440951207179404,0.634297085329862,30.110480126855943,60.412654811443744,7.794812129777565,0.7382550046614992,27.432941860007766,349.5116968856617,0.7289575571374072,0.315837336397566,0.7035316480340379,1741.2678973735492,4500.0,202.36639187048223,42.0,0.7105057406479651,0.6413989119865787,0.5664452243595999,1.0,0.6488637682889701,0.7551365289038379,0.7353347819129736,0.7049063758202663,0.61919865892084,0.5579121094146253,180.0,0.4507006208516979,0.6937263756594438,0.4514708549608132,16.40812477384683,0.3729424731969832,0.6010063752548499,2.930317020249033,38.6806670930022,6.711728101439814,8.268958599232807,0.3921834583025027,1.8163968538452677,1.1322038583894236,2.410549612782379,0.46221339988880666,0.14894652390265828,0.30812873678624353,19954.67375709241,125.82363695715196,government_led,0.44026509375221323,0.45431891512074235,0.37393355945465173,0.4055179719003165,0.5002898697879457,0.2867286462997208
SHWB_276,Shanghai West Bund,Shanghai,Control Fringe,121.46101173891105,31.181856049904788,industrial_reuse_area,0,2020,2018,0,industrial_waterfront,0.1745451237177988,328.28102199143586,0.8311076205885118,0.5938041122523879,29.524453824621844,53.24020352085452,4.275207972989129,0.38247766889421214,17.405915990674824,354.61972368130466,0.8696393585260309,0.19175210276023302,0.8296334153883446,1800.0,4500.0,209.6535474703728,35.581579645290695,0.549185465752534,0.5217451040394476,0.6823714185716472,0.7723550608582206,0.8952510516417731,0.7642271761064531,0.8255382186667916,0.6969677883206109,0.6724163864413946,0.7740407186664688,180.0,0.5714234074448242,0.5103717445498182,0.4949470220497867,13.556291006202194,0.4446567205231985,0.6356346446379817,2.392058637748654,71.64911211468856,2.7300438948372685,13.750951167222018,0.9741082300926853,2.056260962265775,1.2454597854855145,1.0679294165355055,0.753836709766363,0.0,0.1260962422802484,14221.830150682672,133.05741863407926,public_private_partnership,0.264148436981698,0.4930092331344905,0.3680574365601964,0.6271024813561279,0.3918949088339857,0.2476143678161386
SHWB_277,Shanghai West Bund,Shanghai,Control Fringe,121.4422386165324,31.189637513564364,industrial_reuse_area,0,2020,2018,0,industrial_waterfront,0.12483538130859399,506.708422651581,0.6510637854164772,0.4973141900999884,30.627959382858506,42.35065880043352,8.567169544211634,0.4555356072892241,20.813231656093045,340.16624737759724,0.7577895631162206,0.39157625341149,0.7545802209277532,1756.0163058947767,4191.925655324381,172.4328478748661,42.0,0.544704320804102,0.5231388467062088,0.7225335406864516,0.7483051725508001,0.7799809624020805,0.645108281832821,0.6536409722899319,0.5944999000827498,0.4421503735986973,0.5623119347543071,166.18893957771147,0.4241317792966574,0.5586001780541391,0.4054764473579922,17.62917912614055,0.43822557039401555,0.6689634593943053,3.1492621673535712,31.539282389355076,6.497584498574959,9.379657079676168,1.5184335326980107,1.436465392254315,0.9836766943620947,2.522660392494736,0.4561602582997079,0.07776853374262128,0.12169879032411812,18814.583641014804,72.89381652335504,government_led,0.48727304043024955,0.34575472984851474,0.36700349001626115,0.4151329508669401,0.6561541815086972,0.12509861321632687
SHWB_278,Shanghai West Bund,Shanghai,Core,121.45343909911757,31.174107033127967,industrial_reuse_area,1,2020,2018,0,industrial_waterfront,0.7065235244027319,387.46005832599997,0.6742922732765295,0.6471534006739539,30.387451966126466,79.34939319771115,5.842889961284859,0.6161776461237858,11.077469421551589,338.7707975511687,0.7816120595806001,0.5333712378906112,0.7909623029726441,1800.0,4500.0,186.61265303818035,31.58945924192144,0.7726770136526326,0.4954401465487,0.6544400702898309,0.987056355134843,0.8491686063701616,0.797073882505579,0.8604727076767386,0.7422534784317374,0.6812459356991833,0.4622018480807365,123.13612330798342,0.3911474619081541,0.6097417012685374,0.30249147962074113,21.6480245047823,0.6577393879565986,0.6465041447895055,2.0436883703238053,73.41319901186962,4.988996930508974,8.616158950729151,0.37545938392906353,2.847763991393235,1.533521677297064,2.1311988424010093,0.49764118379472194,0.317299767585255,0.13867701637147006,19498.163797756173,54.22007587433295,public_private_partnership,0.5371621604703121,0.18773586307939752,0.5248829874493771,0.46215401366705633,0.694174441133425,0.4545765498240825
SHWB_279,Shanghai West Bund,Shanghai,Core,121.44264520117498,31.148218786752008,industrial_reuse_area,1,2020,2018,0,industrial_waterfront,0.8187156617827186,510.5475646236623,0.4997172317895067,0.5378205452045256,30.6058410941484,43.50183216181427,7.940661452244439,0.5439048997876074,20.951970996851898,139.35536621075494,0.5731572194586513,0.47384291398609363,0.6617823907335768,1174.522779218237,3446.3600863295337,140.1849159080139,42.0,0.5010025691848137,0.5748113751754583,0.6662252114648395,0.7835206765297057,0.5554250811760785,0.6486625559992891,0.638057411713411,0.684464443862652,0.4357183624810326,0.39071048822325305,175.65808822284956,0.5810688050304516,0.37039129646034463,0.3098239764126081,18.867768406683485,0.5725722098765067,0.6442054993685448,3.309216252910012,53.04016774978973,7.66593330851266,8.204051105731349,1.3064433361310817,1.7458224587544382,1.0307782736082165,3.741547902954356,0.2117877714733461,0.2806300277391438,0.11503459739817162,21677.6272492455,12.647168592500744,government_led,0.4462389691611147,0.16747051546876746,0.2532862680524745,0.26508924549987073,0.38491444422765453,0.16793758809034484
SHWB_280,Shanghai West Bund,Shanghai,Control Fringe,121.44836740017485,31.181973737138797,cultural_core,0,2020,2018,0,industrial_waterfront,0.04105887884338334,347.5711956689363,0.6241246602429845,0.5197065938489025,30.094200742741368,40.24985321922914,4.962067082650547,0.5349087954692399,20.936208890556113,224.28908945264396,0.56026449382467,0.31620335175321995,0.6171994006604724,1335.725186692384,3734.285082135096,155.41365449452658,35.09236851280704,0.5262507716955006,0.5283179864923447,0.54435349884847,0.8413037223625572,0.5374577843776668,0.6281992688437481,0.7358079456194115,0.6805792969422781,0.471964219472045,0.30744071129292877,127.14679292970088,0.21395141863554154,0.44176263120980935,0.23018855271770935,22.30458092425799,0.41910878526501477,0.41359163620578765,3.0512743327481404,62.32393066795933,6.683382819309083,9.48731346193774,0.7722457521935344,2.2368421932449922,1.1634591942592694,3.430395185777878,0.3278213075833804,0.0640599253299615,0.08337480419236531,19509.399587943633,53.29083970888705,public_private_partnership,0.3832029724280604,0.17412632427624172,0.3741850096033728,0.2935852984110501,0.7509646329680678,0.28169186205644364
SHWB_281,Shanghai West Bund,Shanghai,Core,121.4436461412105,31.19286943062733,industrial_reuse_area,1,2020,2018,0,industrial_waterfront,0.4698518745830796,347.4057414286449,0.5561538815031903,0.6006663329669409,28.18082438865036,43.613984985721565,5.280622988565961,0.5164782296895262,35.0,305.29975782212057,0.8094244386255588,0.4293963057328604,0.7214725907688394,1800.0,4477.444628728447,204.72521158403472,42.0,0.6240029224216508,0.5153089224474846,0.5508350269910177,0.7405515233231684,0.7521302717571302,0.7396166848591007,0.7737605316403227,0.6714173536809973,0.6823322361428523,0.5089916938214487,136.70709886094357,0.33059081374019483,0.6644838324426443,0.5784939498540067,23.360566235857696,0.4792428906805366,0.5139660133100687,1.59227542391864,65.81540536515428,4.993763647394751,12.502239662871128,1.519223640983789,2.7439839753936046,1.5687082316882914,1.4572379650776097,0.6391359883255135,0.18534775413613205,0.2452402898010956,13903.121010653496,124.2018878953559,public_private_partnership,0.26058995147195974,0.42161248232498366,0.23460862949314457,0.7897158954353298,0.6721977120391394,0.08000175085917481
SHWB_282,Shanghai West Bund,Shanghai,Core,121.45911939213073,31.18031900281468,industrial_reuse_area,1,2020,2018,0,industrial_waterfront,0.49142487724944645,281.75148813919026,0.6611153286838412,0.6340342257185227,28.529979669213084,51.038269778899476,6.825719961585126,0.4528239561042081,11.91471313279316,272.2106213065157,0.6840366545322313,0.12360322673589538,0.6401560952224843,1800.0,4500.0,155.46798088929611,23.636165219216306,0.5952586365551391,0.5383256414584828,0.6990985429437435,0.5993705220032892,0.8295571447589152,0.8045015750164243,0.8393021294270678,0.5570530693340298,0.6084164614830905,0.5474380914259651,142.97532567149764,0.47326561790832355,0.5971287863502299,0.3760774372905665,10.190663408754432,0.41474707652611636,0.5329449201257086,1.6238211632126842,70.59298753473055,3.9016518287291486,15.09921433435925,2.4455751863160864,2.351883922648675,1.4324919598499386,1.4853014830349083,0.6878857598675955,0.10037409697581343,0.2551410034649575,7516.158905150538,84.31474432117562,government_led,0.1015384282119112,0.21065399194700016,0.31163018127429226,0.8345488009993647,0.4285479646312632,0.0974078586012449
SHWB_283,Shanghai West Bund,Shanghai,Core,121.46125185362031,31.184001937088226,residential_edge,1,2020,2018,0,industrial_waterfront,0.7485105500577568,191.27270200891996,0.4724118963297895,0.3698380764224648,34.1215334835153,50.42767428765936,2.5,0.34265226613585625,25.137428027464743,360.0,0.5922987165936969,0.5261524704023399,0.5996936160026041,1383.039153688908,2928.1228072371314,220.0,34.45065644155478,0.4645035188648578,0.38068753849803616,0.3838171325608571,0.7859397690648566,0.3580466171146826,0.42009770639554284,0.8099724241162354,0.7443059644790448,0.27430110608493896,0.6131773960290957,128.43932225802442,0.2281379218784787,0.4808610452700602,0.3782523613615106,27.836529499384707,0.5534394572633823,0.6150181989026294,0.9266439653048167,91.01773244323269,9.225737116768794,18.0,1.398914423690255,2.825137623804706,1.7216463176326475,4.124672343557257,0.10545919735750633,0.5053695825428751,0.5174877896161704,4000.0,175.3508246612938,government_led,0.5795684529397428,0.5854396685570555,0.5510643714596357,0.0033354851118977125,0.39370256587233277,0.3318825136040069
SHWB_284,Shanghai West Bund,Shanghai,Control Fringe,121.44843461914202,31.192700610695795,industrial_reuse_area,0,2020,2018,0,industrial_waterfront,0.20005417048396076,361.896054790071,0.8440760112209595,0.557415820867707,30.742496634217908,77.41932779773033,6.012774221940146,0.41250640852970183,17.199507561726488,360.0,0.8884324284167342,0.31101882082952403,0.890059396700128,1800.0,4500.0,200.10597001949068,42.0,0.6378678890678406,0.513522817089175,0.6733369074838045,0.7393280584470491,0.8504650307596371,0.8313075435058241,0.8335006683749395,0.6244906641564362,0.7802473939190383,0.7704800886379445,150.615762349861,0.44578833400762974,0.7900038532497089,0.49738383921868595,14.03499380912692,0.4666006751385909,0.6740125885582577,1.6991901895421462,77.46453880293578,5.9367571993398185,13.512444704618567,1.3258818179473397,2.333384537891444,1.3430263834492815,1.228439063162737,0.5844272720011054,0.040743585656309894,0.01582834188670175,7692.4620940229615,85.5596161015313,public_private_partnership,0.3778395886425241,0.28193506296443027,0.5756152794260305,0.737222735580614,0.436574678370706,0.17275396547784533
SHWB_285,Shanghai West Bund,Shanghai,Control Fringe,121.44071271196766,31.187787238815577,cultural_core,0,2020,2018,0,industrial_waterfront,0.5498572245648893,650.0,0.6758760739464507,0.6153871981299573,29.125934488419418,33.53865897122045,10.111786374444346,0.696226998837756,35.0,191.166772481288,0.6120598328270455,0.4856263360974249,0.8804040588854095,1448.5980570462673,3795.534014982822,107.16846829797588,42.0,0.7882292345058574,0.801626559094172,0.822962191246409,0.6884323603742991,0.9622601223642031,0.7065507455834392,0.673179366561346,0.6541742693984096,0.5834377448986972,0.5576860894267486,180.0,0.35981505570885075,0.37673093955873604,0.328433137806367,30.50982390356074,0.5655493812348381,0.6369346256544306,3.9739180807661807,10.908756173647323,4.62591437409817,2.111711975739325,1.7370901705335895,0.6603902148744066,0.33587631680814284,1.760823967856799,0.614662216808062,0.162510782982192,0.09189893628859294,30751.23051340853,66.50381028896604,public_private_partnership,0.5523629653811974,0.2293030309799885,0.10144781960502286,0.5807430441376836,0.6250461798434566,0.3725338630904218
SHWB_286,Shanghai West Bund,Shanghai,Control Fringe,121.43407487163725,31.17482347758182,cultural_core,0,2020,2018,0,industrial_waterfront,0.3856180557004188,293.04955752149476,0.6983328306299883,0.5417324899883011,28.857745762162814,44.31750728392755,5.297081628007106,0.5129433872745531,25.391110596562118,143.43411424654425,0.8244781589259633,0.3507359710183544,0.6797548465982705,1586.2029401304999,3909.25649104885,94.7724899790591,42.0,0.5702941949037705,0.5231455958373054,0.6693461521667001,0.8922936902355513,0.7657297533237105,0.5668654909106223,0.7436392653165979,0.6733383221857667,0.5875447622627654,0.3364892770402434,94.06283472854469,0.17490996757682595,0.4028436339380982,0.2089307944772941,22.695874695018567,0.45565458216325283,0.5495960988841,1.9515383431760482,66.64010584663038,5.79038528906834,15.128231701100901,0.7322732329083051,1.8719323906478662,1.1627844173940995,2.2757372524203343,0.48226375915928776,0.11525929269451704,0.033508388807546335,12217.515239831404,10.0,government_led,0.355552696221996,0.049351301769872735,0.20216615843903843,0.280525138377387,0.6013049360374142,0.1880078935551944
SHWB_287,Shanghai West Bund,Shanghai,Core,121.44718440161681,31.180698850836855,waterfront_core,1,2020,2018,0,industrial_waterfront,0.3200315508929095,358.6307346907565,0.6777587555670838,0.4448661912493375,29.346750652564616,35.87257934404348,6.356075857267976,0.4558948850279834,13.459864148472331,115.95063185098964,0.5586197601643497,0.2926650735234561,0.6670063228599236,1421.5452754158723,3166.5148305408525,46.123483059779645,29.450141003433362,0.7469903978182314,0.5044101300799408,0.5540437186229249,0.8388004026351296,0.7315149743112441,0.652737570272653,0.6967979483377245,0.5938892817975828,0.49782397046702237,0.36366530441037026,117.02898073838523,0.3387437562054306,0.4232170041363558,0.44793207971034477,9.839981730542256,0.4675775625740825,0.5455741917017752,2.5597378628555827,58.21790425757829,5.314407952440847,12.592311147634934,1.0162754006125583,2.2958400348982213,1.2928139591278918,2.787581859120921,0.41705167297411905,0.0501089394349207,0.0,14364.740008341996,56.7641084994073,government_led,0.2361485274384009,0.09282833102778854,0.12051748856736176,0.40886064392497595,0.8596473405291318,0.27082894846567035
SHWB_288,Shanghai West Bund,Shanghai,Control Fringe,121.44144021911544,31.190351758735556,cultural_core,0,2020,2018,0,industrial_waterfront,0.585961307596225,318.4892799319391,0.9527824192029359,0.6738746673433723,26.736371687217023,73.54642414626403,3.151734885055506,0.582539861382095,22.789164120704974,360.0,0.8750840942400187,0.3283814542997186,0.8399364692315219,1800.0,4500.0,210.02032272964473,38.755696842060146,0.5533913497795058,0.39502622887410777,0.43418247865142057,0.932955052657621,0.7979452996841538,0.720130459444619,0.711697852445692,0.6207816510486599,0.6985796682055434,0.6288255293779313,77.99684298828525,0.32344821957144554,0.7318160943769656,0.28363673510340165,14.190636913783056,0.3780022763791215,0.6716618971725956,1.6596147944893138,95.0,3.2654884537031936,14.300095838011647,1.1601452187381458,2.3816355419310713,1.5701556302070414,0.923703626627727,0.7533455176823172,0.24640997326067865,0.218843847886704,9454.652490098033,103.24140743453682,government_led,0.39719302518551,0.24451696948454965,0.6495285841146569,0.6946587914362268,0.7094504817254269,0.5053557143552839
SHWB_289,Shanghai West Bund,Shanghai,Control Fringe,121.44892933092888,31.180992588669056,cultural_core,0,2020,2018,0,industrial_waterfront,0.8460578438581914,519.1231333606572,0.7809400180923831,0.5950676143619996,28.603932402303354,37.24302342077668,7.221249293211674,0.6816475559334271,23.370301842357275,360.0,0.8348194268090778,0.5597490220281018,0.8720311888991485,1800.0,4500.0,196.05784148069043,42.0,0.5736283196110793,0.610698727987409,0.7548122916549902,0.8172803736867404,0.8444395130604982,0.6890468119091625,0.7748447847743118,0.6652409653329449,0.7009029200758741,0.5623743419631156,180.0,0.32339102569760336,0.5957637420957478,0.45935913207305734,31.208780573429106,0.6211336711259979,0.6973789673028415,2.100772460626747,46.12757868286947,4.881954960470182,8.296474573240651,1.4036092429195033,1.4096459456155936,0.6264630437567442,2.4950738692415975,0.6611376884071084,0.3959036679145273,0.3709874089405916,26214.81740096746,148.99678264406873,public_private_partnership,0.7039288290367914,0.5188728786913072,0.26991675780497126,0.7149042628257146,0.7128158377590266,0.05743825308016889
SHWB_290,Shanghai West Bund,Shanghai,Core,121.446477762744,31.171697789057703,waterfront_core,1,2020,2018,0,industrial_waterfront,0.6912784386002602,476.92205582021546,0.5963294671377892,0.5206068879346386,29.225915003587165,37.59174052081519,6.532618746989174,0.5467545100113135,34.044305081744184,253.87814255750382,0.6666127761306362,0.23687249808581687,0.6546986222324666,1367.5838818625211,3154.8818956659397,159.516900652798,42.0,0.6823117970820168,0.5460550224081291,0.7811092623756324,0.8797480841521014,0.6426667890036342,0.75366822496007,0.651157691795527,0.7208922164001547,0.5545000142276555,0.41495184816864106,175.88172674686055,0.44283565644139833,0.5021538946128389,0.6098141310390539,18.426890334457845,0.38802775932035405,0.6711526039030316,2.905883587647125,70.36903166311961,7.809916744992055,8.267359208453438,0.3995164009766149,1.47424537361366,0.44474762595101286,3.2092125239984983,0.3484055889862691,0.11720463368228043,0.33274492340734096,27316.780009515318,68.52225217458385,government_led,0.36729184392755143,0.29773979488403074,0.14144908691572025,0.303488290517414,0.4456360364862586,0.22121989887516444
SHWB_291,Shanghai West Bund,Shanghai,Core,121.4449603973863,31.17660503068003,waterfront_core,1,2020,2018,0,industrial_waterfront,0.6841193066032644,588.2698783788329,0.7753336282158381,0.5041186167509261,29.641086666394926,65.13995158400814,8.238444050759028,0.6844932133031988,18.261649045251463,360.0,0.842237100088233,0.32187531979188116,0.8375100856960421,1800.0,4500.0,220.0,42.0,0.7063926594498432,0.6958247370258213,0.7061537802761602,0.996860544838509,0.6399628099221548,0.7624781508523412,0.7783443331267949,0.6229984672323803,0.6049414986912375,0.8664999893872822,180.0,0.45805845793692185,0.8303465954884927,0.494428659961557,14.698828032878467,0.5730435409692711,0.6746415751601482,3.0949960869774067,34.34992475090547,5.7306735959055874,5.9809121593403365,0.48661106383027297,1.0690042724040543,0.908481162531777,2.6379370008820193,0.4168231668761943,0.16857245961188438,0.4302813617913525,28230.18733457128,204.38771855768397,government_led,0.2807452012868582,0.6380098820096842,0.525262023031511,0.43368068596722126,0.7574658305101686,0.17358847957122936
SHWB_292,Shanghai West Bund,Shanghai,Core,121.44389247238902,31.19402557356346,waterfront_core,1,2020,2018,0,industrial_waterfront,0.393214311019035,251.10652373295116,0.6132168298051158,0.4005965393064733,32.02173385110556,22.970824094610265,4.696460795858195,0.46376298635193436,6.2768019562230695,326.93633988342674,0.4939189877290692,0.42573239686878783,0.5210667973936093,1241.4262620796542,3209.725596730614,168.03298248768405,14.374423929339375,0.5502484357946212,0.5016389408153077,0.4921721983622218,0.6654505941087574,0.5938749530442868,0.6213737855701181,0.621745254941685,0.6296733139008753,0.5329715303074035,0.3743669623987092,167.97213432581512,0.2700332980349561,0.5116927948009524,0.4011580586683958,21.4916639670989,0.46019248303085775,0.5533282710989055,2.0620946619973326,72.71603938652622,7.022503622091414,13.284479818047704,2.2959724350439026,2.8703763177109476,1.3981452383225672,3.2962498885033695,0.4362101416882518,0.24948540759441168,0.21970924795824504,11268.591510321705,172.4305378311169,government_led,0.5165364811942739,0.48637320511642,0.1505504364674844,0.45594574521092973,0.5242644432849292,0.47740394762810295
SHWB_293,Shanghai West Bund,Shanghai,Control Fringe,121.45006400171917,31.187474758676863,cultural_core,0,2020,2018,0,industrial_waterfront,0.9328270383241295,326.8692362624198,0.7119288696601139,0.4720843849993772,28.74759369704265,75.48683251340978,5.9237817847467955,0.4317370710230529,16.706041094393797,360.0,0.5371827529293833,0.32856944797377274,0.6913927579142202,1800.0,4500.0,220.0,28.972799424640996,0.553067701082061,0.31289842923333444,0.5304512640931112,0.7664947366187558,0.5945407163490768,0.5816975688194336,0.7046871046282805,0.6905008095295778,0.5191578667915789,0.5804660786012993,136.87524164538962,0.45456439335697085,0.6136600212982806,0.4026389517636141,19.202911125038707,0.4635902654910394,0.44092257814937685,1.6225818730714017,80.29685910647578,6.218010685234788,15.01516938593966,1.773386205978313,2.395370973918859,1.0944045761217616,3.3170424538028023,0.36812410056776645,0.3667284125231376,0.3092358691677531,9652.667676250428,108.84548977168375,government_led,0.26057110613169415,0.3412637683014821,0.6179337404810515,0.3173176894069587,0.5557218546022247,0.027907995052510067
SHWB_294,Shanghai West Bund,Shanghai,Core,121.45175990027423,31.17427747684281,waterfront_core,1,2020,2018,0,industrial_waterfront,0.4968960139184594,444.27873219849096,0.8103253091042715,0.5177792114866437,27.150149453620244,74.4270783089554,6.8175583449036505,0.5319428282225949,10.280240469781676,360.0,0.7069910746291341,0.26320458517433754,0.7484153181635358,1800.0,4500.0,205.57540362177315,28.77387994692293,0.7551755899364976,0.5288962973368511,0.6371664437931274,0.7048632808242616,0.8094848621467887,0.8083916960288974,0.7597698487294472,0.6265672643771403,0.7454592336690022,0.5002021151775521,140.61432364983878,0.23386921285408602,0.659989113870345,0.3878972635920548,14.168511667645861,0.38916644772530795,0.47091255897698003,1.7578454095614826,68.53703960413861,3.944601847229362,10.288660185531494,1.5303347770152829,1.7822350688201225,1.0883038625260815,1.2939221060947284,0.6831710117806021,0.19325549550727425,0.21233913449495817,12456.066028499823,96.45731592186922,public_private_partnership,0.24674660936008924,0.23839664824719214,0.7089841533680925,0.562068045980247,0.7522849435262091,0.15366203110718385
SHWB_295,Shanghai West Bund,Shanghai,Core,121.47186691073327,31.199859659371004,industrial_reuse_area,1,2020,2018,0,industrial_waterfront,0.624010918814689,277.7984532358629,0.8077087193196241,0.49590839270473414,29.393792844874557,33.99466713983836,4.412626471481765,0.4064454289284386,21.520133598475102,259.1029233738956,0.779208050293563,0.6285703283451953,0.7999740263430001,1430.6708933153468,3548.523080476221,188.7531962951314,35.76733608880833,0.45435015859871736,0.44430249587785225,0.6732669222052095,0.8725010055488082,0.6534493557203738,0.7721329065403951,0.7953109828610894,0.7667117817737916,0.6438426484595713,0.5739639714578126,127.23708152470562,0.43180321647015574,0.569676885702298,0.4829359882626361,26.381014097175335,0.5820222172560048,0.9255304704076207,1.4484011100597103,82.46475407758311,6.188434476709719,15.281237362061415,1.9527334477332496,2.740550389110742,1.3678806318644217,2.780745345518832,0.4161664464828197,0.5406312196621603,0.28669008922599576,4976.6385201302455,120.63077173466,government_led,0.688462009253,0.3607910278746709,0.2364343673219219,0.31388251430783226,0.7905693011609567,0.0656649034637283
SHWB_296,Shanghai West Bund,Shanghai,Core,121.44526307846043,31.185294652246142,waterfront_core,1,2020,2018,0,industrial_waterfront,0.2972232097460424,428.1016130525988,0.6407179286389911,0.45565370083209344,30.42412986680784,30.426871479133037,8.835945669731759,0.5032228065621761,28.567088272045012,260.49996903210734,0.7671476235034398,0.4319937779709535,0.6492253876469725,1182.1371536868432,3556.27810057848,107.76935781887293,42.0,0.5853082773475737,0.4883051573929599,0.6310883452504312,0.7195084483608184,0.7120723422886477,0.6932125453721011,0.8173453098025764,0.7574316916504777,0.6250523603199182,0.3844731368522014,169.3999909776769,0.26656798190251885,0.5042435231856236,0.3090706706597594,21.47631421852982,0.4933292676008168,0.6653487226531066,2.785423537401419,75.52418998422517,7.2664310496440985,9.49408019778018,1.5933906418798087,1.848645485357932,1.0318814676531487,2.4488122189475576,0.39502279046095795,0.18656134078364478,0.1617627887546167,20037.342241077706,57.46500399522207,government_led,0.44534666859133326,0.306337389730667,0.13774686300519529,0.5572095844661378,0.7752658648494946,0.1516078742220595
SHWB_297,Shanghai West Bund,Shanghai,Core,121.43691164291168,31.183328329000485,industrial_reuse_area,1,2020,2018,0,industrial_waterfront,0.33833854306235517,252.40163049587053,0.7293385342372815,0.4675118498398096,32.1032986934604,44.061239402437806,4.533281179640797,0.4154168651665834,18.577881558104128,360.0,0.5735426858761131,0.4830624542198093,0.5534250197438781,1218.21572377817,2873.664782587116,220.0,30.943432509520157,0.4490042902003003,0.4696216354017545,0.49812212396410005,0.7831606034795073,0.49801566112473417,0.5689382330303798,0.5733408499239937,0.6918343816590745,0.4538560462066282,0.45501748910990525,171.52089073829768,0.22047194416858196,0.5177070202945265,0.5599124124857455,24.01025235729427,0.49178392784623287,0.6575244777497627,1.868033163230433,71.35931346950647,7.517954860085591,15.516193581631876,1.4986010339923954,2.4724848160356077,1.2779352248744191,3.403525489848384,0.26777801668001344,0.15629505658917658,0.21607548946124955,8838.299397347815,152.2119964122004,government_led,0.4856171599191283,0.647742085541,0.378081539953407,0.3033409271529772,0.6546379417836546,0.12623551890999457
SHWB_298,Shanghai West Bund,Shanghai,Core,121.45636452336508,31.185385334097468,waterfront_core,1,2020,2018,0,industrial_waterfront,0.6047444506509406,462.1474889857747,0.682622774524742,0.49332210503755464,29.8266101813068,60.165249432137394,6.886788581362865,0.47136801175903,18.94577044805257,360.0,0.8127335984560167,0.34371741861200583,0.7075220215022819,1800.0,4500.0,220.0,42.0,0.7177071301339532,0.5735014145413895,0.619958951527301,0.9132343273163297,0.8151907207514051,0.712360288678472,0.7995768228401176,0.6546965334963778,0.6614243137703837,0.6529326971292652,180.0,0.42062641779071697,0.6062306271042475,0.6675190256078042,18.49303845718491,0.5738875794477368,0.8170651600721196,2.6153055646181445,54.31664926854899,5.86310528230275,6.092277383946358,0.07967987562786571,1.4619968660488538,0.9014089313032595,2.205736565155897,0.4893484703825278,0.21361930592137135,0.4681353112670141,17146.192922967894,203.65921930584042,public_private_partnership,0.23566321151304187,0.7665579142418179,0.3876984099631424,0.4411062404100993,0.5821542119613471,0.2888494324655992
SHWB_299,Shanghai West Bund,Shanghai,Core,121.4531346350359,31.175159786579545,waterfront_core,1,2020,2018,0,industrial_waterfront,0.6072623532714031,328.8927414064019,0.6868287447757866,0.5612609567962578,30.67854253998936,51.436084549457036,6.328527239857305,0.5271031417234319,33.91752523283004,253.8700187490378,0.9280705477499581,0.647276408051308,0.8461539213963989,1800.0,4500.0,152.98524023938396,42.0,0.6966035959858016,0.5061769168851978,0.7120790079404868,0.6927382366434941,0.689098800961259,0.6761702817739184,0.7908010167864583,0.7872241629292333,0.8417991124045738,0.4848007687029663,144.4932007826106,0.4333373698353879,0.6029493525706577,0.43607443587369255,29.080019716357782,0.6139510766477767,0.7261565537885363,1.9119780542722973,83.60668338452784,3.904629179460235,14.0091863854,1.8604170346707902,1.735432613075037,1.4565511150344015,1.5117273430732137,0.5493872635440177,0.40322103338182336,0.08960042721269162,14831.522864459981,70.78679129279001,government_led,0.768002059625013,0.2049525766830554,0.40428629907526137,0.47689311824833364,0.5232149266260497,0.4633340787862405
SHWB_300,Shanghai West Bund,Shanghai,Control Fringe,121.45311860029625,31.187635352046076,cultural_core,0,2020,2018,0,industrial_waterfront,0.7198310907097696,336.98424004387266,0.5918944052176449,0.41509219323336466,33.015597765358635,82.98568942043457,6.211950278942632,0.49676943366155596,26.079104820258056,360.0,0.5879380782461006,0.5028923763641671,0.6830043308521767,1800.0,4266.7450009056,220.0,42.0,0.5390206675100155,0.6323198564766388,0.5669147806277203,0.8202478509597008,0.5480213153928429,0.5442074963792112,0.6474890659890586,0.6936457753606885,0.3660038198731288,0.5023547811629546,157.68053776082704,0.2275125489866184,0.565804558784901,0.3208038522904397,21.741281401037632,0.5482516896967523,0.6112185044311648,3.0760602057514674,61.56687394891184,7.045239587881534,8.493787327833592,0.68913665701255,2.0135153363155522,0.8957995135211728,4.1059551688237645,0.20179280720740397,0.26598807823118265,0.0788891672665427,19329.495533637015,95.59885390547139,public_private_partnership,0.4567752863894624,0.2034186262761591,0.8046428119833487,0.22053550997872134,0.4835144767190171,0.3807599052877424
QZSTM_001,Quzhou Shuitingmen Historical District,Quzhou,Core,118.86784046162113,28.967395400791506,tourism_core,1,2020,2018,0,historic_district,0.48682596051334115,393.2970817203359,0.6551394384437659,0.49554433279441756,31.66664806638362,56.468451756796235,9.075212609857608,0.5295845235482306,15.74376967702182,360.0,0.6977867497383754,0.6363927947857042,0.8425034091223738,1800.0,4500.0,220.0,42.0,0.7014860833779821,0.6505473093311133,0.6769748910018804,0.23802767217432397,0.7354261537318346,0.6487507886240982,0.7672568761868434,0.7210370326188886,0.696054428565732,0.6245218881198681,180.0,0.4079386778233706,0.6186582865070647,0.4350705722672252,35.46975986302251,0.6614190453552212,0.606708223080059,3.4709433677034713,67.48260558741788,3.3776540953435186,9.829059019438427,3.7481368397106913,1.7340376416048728,0.7071396642536362,1.6719048981801263,0.7005942286898359,0.3708696064014118,0.2454817660255592,24557.149295459818,125.47619415721668,government_led,0.49078536895183844,0.4764855622402695,0.5568021941751216,0.6158505415490148,0.10609579906938188,0.06465021328268651
QZSTM_002,Quzhou Shuitingmen Historical District,Quzhou,Core,118.84754648553695,28.950168796336328,local_life_area,1,2020,2018,0,historic_district,0.5990203468803326,260.33620570862644,0.787823643806586,0.5337554520963538,29.53480494069187,68.78384027007863,3.508828265867427,0.3534147678297055,16.92355582900926,360.0,0.7909680201391298,0.9972113303841135,1.0,1800.0,4500.0,220.0,31.841165536721064,0.49598388420589223,0.5481645361114958,0.5602576661355162,0.44441485302236544,0.8914042151196572,0.8238974143405658,0.9960215308103364,0.8947024733442609,0.8414367626261061,0.5505075263705663,147.9381465242968,0.5237021665345053,0.6651082322473649,0.3948919163896524,43.257905833436496,0.8225393473576958,1.0,1.1032758815731274,95.0,2.5844162134135567,18.0,3.0709133157129367,3.0010186872374023,1.6653002865713693,0.5873274659593436,0.8358927458433478,0.6435893393157296,0.4300214176551632,4865.350849966091,177.31908713347096,public_private_partnership,0.9647944102053632,0.5944593651377316,0.47089238032996245,0.8141298177523346,0.23401720614988958,0.041535534380697466
QZSTM_003,Quzhou Shuitingmen Historical District,Quzhou,Core,118.85266519912027,28.970455933325805,tourism_core,1,2020,2018,0,historic_district,0.5506457339841868,388.88899491222304,0.7404510262482358,0.5314214900934924,30.065497290026073,49.31560679746072,5.076056915431618,0.4014236541764441,15.293185647156953,272.3600774441343,0.708513181790231,0.7183232664364987,0.9773443633084382,1800.0,4500.0,211.44145391120614,34.4092326187016,0.6797951288643274,0.5155583012957412,0.7068339865689254,0.2827133658476752,0.9583422819215104,0.8090609896310167,0.9911650916114335,0.857229675488873,0.7658381510992054,0.5591671357841167,180.0,0.3968780563855475,0.5830972767961822,0.4998171353859411,39.57254377435595,0.7357429753685656,0.8563584507996287,2.5713177431323064,90.27174808283627,2.9373069437815595,9.444695641417308,3.871791705991663,2.241270201939156,1.0712642906040137,1.0824875299930714,0.7709158272797773,0.38624477651713507,0.2644499013812904,12689.772710750996,122.30928323861507,government_led,0.6680921687025129,0.4658591345079412,0.20875902694411788,0.7423548207944505,0.21626469697830564,0.43640317825734026
QZSTM_004,Quzhou Shuitingmen Historical District,Quzhou,Core,118.86453567665862,28.97390409994557,tourism_core,1,2020,2018,0,historic_district,0.7990662524562115,268.8219532293829,0.4928590721643097,0.43181199741080567,32.274483342311605,47.5001188347257,3.5949017509853025,0.4077848078947293,25.007536108089393,270.38851094340515,0.6585418103727437,0.8030481010148552,0.7038356581388483,1000.2244237017255,2617.756441454665,166.98091421034758,35.25652903843413,0.6126256558610791,0.5115341508239849,0.6614046000357061,0.43164218074928146,0.5076698416301835,0.7696938449125876,0.7203603737486982,0.9624815017911481,0.4501203939237319,0.580377540111463,132.58687049937174,0.3615322916983816,0.49082850746125967,0.3523948438834371,42.455972955679975,0.6368359486387658,0.8331480804005619,0.7455766423328899,95.0,8.534970099525303,18.0,3.054105219164061,2.4951990120703846,1.7265117181715797,4.31272883133886,0.10917177537209401,0.587353355503415,0.22416422078840118,16572.16534476083,83.5131073252015,public_private_partnership,0.7217190424422341,0.2789479677414431,0.30903530796507406,0.25758673414158645,0.034279366606251416,0.20600282484898472
QZSTM_005,Quzhou Shuitingmen Historical District,Quzhou,Core,118.86911800030812,28.97911488617628,tourism_core,1,2020,2018,0,historic_district,0.8375237939285268,561.4062378472318,0.453331622824495,0.3451567582388345,30.273286875409635,77.92337349306415,8.775444314682282,0.6819623899922522,24.7031669069383,360.0,0.7136974174169715,0.6567716759468949,0.6748947048338645,1800.0,4500.0,220.0,42.0,0.6462720432963336,0.6193869053523704,0.6587821903165924,0.37431678316539413,0.6273006446992319,0.6175620318894703,0.7236818058749163,0.7738211590371161,0.5186340320919021,0.6086049988367866,180.0,0.441074939032047,0.748120198764404,0.4820195785052556,28.62269966941833,0.6257530135904278,0.848061180013613,3.4691216143263723,65.63099765928189,8.176662903993899,5.9996479021301266,3.223241105363632,0.5703093603768868,0.5273885815923466,3.1574320752934004,0.33730698344379256,0.5662442463637883,0.6750297562247302,27415.41355629673,201.1274472000364,government_led,0.6536378535534201,0.7418872360675435,0.7126914557160783,0.440262137878519,0.4467798827332943,0.1828805941816206
QZSTM_006,Quzhou Shuitingmen Historical District,Quzhou,Core,118.88699729059654,28.96551595571874,heritage_core,1,2020,2018,0,historic_district,0.1806933983684628,379.3506852347467,0.8613251042237705,0.6535539768503836,27.936206094692295,50.907839936937876,5.815864210430355,0.4956882687226205,26.06537035570815,360.0,0.8147836354357946,0.5512167988190726,0.858982026279786,1800.0,4500.0,220.0,42.0,0.5898563853414638,0.5708337615996022,0.5727586115848524,0.49194902495374004,0.882724036530428,0.7205372346857268,0.8663259525355033,0.8070928226616358,0.7219454608712518,0.6155851362982123,180.0,0.507979583840366,0.6520602746268219,0.7268353026152667,25.576350758292254,0.517658315644462,0.6926803597918861,3.1717370768427378,76.6620858302256,1.8106152637961768,11.980508490849626,2.7671490391459197,2.1379513584230416,1.2730794092151028,0.1940497887723059,0.918757397831706,0.04764091788160453,0.09880441753713362,19511.825746933966,265.5509859812621,government_led,0.4475033334529011,0.9058077782548377,0.5188806101316661,1.0,0.1210301926679781,0.2608178750635282
QZSTM_007,Quzhou Shuitingmen Historical District,Quzhou,Core,118.86867707582142,28.97916505676696,tourism_core,1,2020,2018,0,historic_district,0.3531004864431657,650.0,0.6608157543662108,0.514868425434372,30.922991453318133,60.74568387539513,9.759832788308291,0.6617159451922429,28.858676650536207,360.0,0.8957867194824587,0.7436078023796422,0.8513104998721867,1800.0,4500.0,220.0,42.0,0.7581970234279265,0.5848867292134382,0.7614071137459548,0.3349386307827471,0.8739807681810078,0.8972407651850239,0.866457838679423,0.8771822185591525,0.5714648160070505,0.607867388586114,180.0,0.5199224508737527,0.7390537784183356,0.5772565080551417,32.61070099133377,0.6268189156768208,0.819314271379731,3.8317458114038416,41.38116843469643,6.58551966623121,6.526653674551395,3.5118345509572872,0.7575438280547678,0.7893695880651973,2.884919179543656,0.4477568526591768,0.20984501444527112,0.23442493317616805,23650.441320429552,153.8237139668616,public_private_partnership,0.7471249494569392,0.589427274336741,0.5379912259196625,0.41070920843126807,0.1400608821639218,0.4227438882267012
QZSTM_008,Quzhou Shuitingmen Historical District,Quzhou,Core,118.85606120078523,28.967512660077958,tourism_core,1,2020,2018,0,historic_district,0.5321141978727018,403.34088236729724,0.664626837972478,0.5377388887112574,30.58005602858103,26.21162757754727,5.387819377363176,0.4878065653402088,24.6612813875238,360.0,0.6639917806525558,0.6961024903260186,0.7817399839512569,1437.5846834844788,3316.1137487438396,220.0,42.0,0.5146094766008643,0.5662135238655307,0.6462116253275849,0.27099603546804274,0.6794473120902719,0.5919985029263972,0.6900064905256024,0.7463022879241152,0.7305123582776931,0.6807025582847849,180.0,0.4719021611428639,0.45815768324889516,0.6010657950802553,38.12142839809647,0.7396625733053794,1.0,1.5153114937799836,85.15226217858803,5.317963896600375,11.014977873284513,3.3750351718249143,1.8467030785327674,0.9964533990524823,2.896400858270303,0.5311649575231141,0.29390427230547456,0.3755496577866402,19405.844683956835,237.09959721961442,public_private_partnership,0.6620564776009489,0.8348439495216646,0.1694003266944073,0.5129373849937351,0.35586338245806864,0.3658120694661872
QZSTM_009,Quzhou Shuitingmen Historical District,Quzhou,Core,118.85622971225116,28.975833985316086,local_life_area,1,2020,2018,0,historic_district,0.07836120809008662,489.92745165440726,0.581115258504599,0.4170507524886135,30.542562373177166,39.01459200931159,7.672240996463093,0.394329132719899,24.225403423627704,339.42822657559293,0.6371052328254189,0.6500953563362135,0.7417222552243794,1553.999332678198,4500.0,195.04426370872798,42.0,0.6413156248005221,0.5361896200386469,0.603282127806968,0.37615986458577344,0.7711100872090907,0.6903262203234936,0.6256334005296073,0.6915471131149519,0.3388304364195737,0.5096038736266955,180.0,0.25424890397289657,0.5580254507481494,0.47706923545404073,29.851829086990932,0.42057415342266513,0.6823244996105088,2.7580105926882705,80.57399931221866,6.542930114266244,11.66850394765806,3.960904073755732,1.214206891830287,0.6576716635282072,2.727350007941803,0.4300756625865835,0.0,0.004465416434337011,22115.014924023268,75.98050480823254,government_led,0.633777983755142,0.4738592962769978,0.2893365572725078,0.3354662374357116,0.22516348208232217,0.4448130918696168
QZSTM_010,Quzhou Shuitingmen Historical District,Quzhou,Core,118.85748574899885,28.97576785340576,local_life_area,1,2020,2018,0,historic_district,0.4572356130850452,549.7678459475243,0.7692237760532932,0.49264928198614344,30.321819383816926,85.47695425914856,8.965238936353078,0.41348983229276925,13.545229135119776,360.0,0.9524365816813148,0.7627975749925782,0.9428836019248926,1800.0,4500.0,220.0,40.51192161912293,0.786953089759868,0.708113777007011,0.8321187177063204,0.3234548141391757,0.9030137535272315,0.9177182298463111,1.0,0.8551223599634967,0.8466143877562433,0.7649863588128701,180.0,0.49670469248634114,0.7645244701750987,0.5055413710691324,39.677854929955814,0.7127425772826265,0.8819426485076851,2.5130859986742493,62.47563237993521,3.9951905697783743,6.573586764147083,3.8515741473837184,1.485828303353016,1.3445369968671936,0.4869733876844356,0.763994403109917,0.391512711884691,0.2616539757474291,22790.71470190557,162.66547006350885,government_led,0.692013080449617,0.6150045979270288,0.5645690258946984,0.8469833070807448,0.27798745838170413,0.1727473453908937
QZSTM_011,Quzhou Shuitingmen Historical District,Quzhou,Core,118.8536683493556,28.982193798393055,heritage_core,1,2020,2018,0,historic_district,0.2403920375008771,347.0930721466936,0.6509851864983925,0.5297689076015607,31.089652102336427,53.24096818459384,5.178998266501461,0.6464598307024813,26.07040319997308,344.69427357329386,0.7561857363181524,0.9681521915130231,1.0,1800.0,4500.0,220.0,42.0,0.6663177167289801,0.5952544911899454,0.6864855946913349,0.36664781925825746,0.8947767725714607,0.893008400771554,0.853161786002155,0.8634525791404302,0.7219836584549303,0.6844592076159386,174.83117664502095,0.38933503245954,0.6597245833296117,0.3679557562300922,48.0,0.8549081821278279,0.9349742382923788,2.796537262429805,78.12753851871962,4.207294839456855,7.658923761606028,3.6316948922239787,1.768524878698109,0.9284664655188566,1.6251436580437293,0.6615905844268236,0.3452502918347241,0.0,17854.40757891733,116.30791501764308,public_private_partnership,0.8943579356938173,0.38095061633583444,0.4329676500638898,0.7759123169788301,0.020084739851495836,0.32613193651416483
QZSTM_012,Quzhou Shuitingmen Historical District,Quzhou,Core,118.87191523247381,28.968037175623287,cultural_core,1,2020,2018,0,historic_district,0.4924835678741941,453.61767393043584,0.8109619815146513,0.5448388447745042,27.80382085571609,62.94214382506608,9.086130682949886,0.43047708124115464,28.441755502048526,360.0,0.6775785478052047,0.6861432941458891,0.945804099190781,1800.0,4500.0,220.0,42.0,0.6883267362523764,0.42815319153539255,0.6667062099194035,0.30443161884597564,0.9518413409305607,0.8429301591208761,0.8877435488063083,0.8953673612112534,0.7789708922984654,0.6249568374686942,180.0,0.3302527099230457,0.6607742405674588,0.49004547207409604,29.007219054546027,0.6431631801018575,0.7295281531791786,3.3204078699742112,72.8848479939459,3.7343606356962806,8.734015632946534,3.629590639399713,1.8021558190133065,0.9786390128574454,1.500220669809387,0.8142787411596767,0.2600187353022011,0.19665388225693867,19360.4075151605,150.0045842917637,government_led,0.6894753518260698,0.4795494916906139,0.5744050727491837,0.946480470505911,0.08812694687536872,0.376331119225977
QZSTM_013,Quzhou Shuitingmen Historical District,Quzhou,Control Fringe,118.88041674164138,28.956653315378553,tourism_core,0,2020,2018,0,historic_district,0.09129633329495272,650.0,0.7398702763400229,0.37876513213932617,32.22598262883727,71.66954206046707,9.881241829123653,0.828764504652636,25.364645000660683,360.0,0.6778491424873728,0.843187031856004,0.7253865838024234,1245.5112155806717,2620.012201064808,220.0,42.0,0.9047407496735868,0.9228957628925778,0.8222062104963341,0.5190741437623044,0.7755752521809521,0.6113126151571795,0.8208053699335295,1.0,0.48187237533829846,0.6935453606427939,180.0,0.6467269268032447,0.7191909569117262,0.6532368689760494,44.20365102054262,0.770823991773732,0.9913443491976364,3.923846854693246,40.5047752245029,9.188843473561294,5.064028492592877,3.036647056346082,0.8020774863084688,0.26732246399232534,4.6,0.03504959252827337,0.04840042337810667,0.0,26021.715725669335,205.32094275745405,government_led,0.8044803825265369,0.7380732080014687,0.3679508968365517,0.07614042752239603,0.053229690665573454,0.4614198772398624
QZSTM_014,Quzhou Shuitingmen Historical District,Quzhou,Control Fringe,118.87310714205593,28.959536549704946,tourism_core,0,2020,2018,0,historic_district,0.2724036942426881,476.8918365647765,0.6743606144693639,0.4904453244398191,31.69713432900827,63.51613954331603,5.6548816372495105,0.4345417676469252,29.20248262242952,360.0,0.7635938936559825,0.8316221244656967,0.9610512835041799,1800.0,4500.0,195.60959858938264,42.0,0.8241009246679623,0.5722616941194205,0.7850948881845439,0.4779588828269442,0.7758653101922969,0.7478928860890309,0.7716183943453461,0.9355217426752375,0.5112913535875842,0.5608625786018859,180.0,0.3532764954564464,0.7820178606613238,0.49639255020856277,40.049347275313195,0.6848517518750521,0.8535212911232541,2.9494666417590922,61.77146292232991,6.206244764945237,7.080260801947606,2.816456552148735,1.3832455817841527,1.0593196710213735,2.0215454768860086,0.47831579047165196,0.20700239262091458,0.04891074887391467,20661.035917797602,152.1604858856661,government_led,0.8525108469813898,0.45908906748108447,0.4404090109463042,0.46354193654575154,0.02084327077409945,0.27319375545735974
QZSTM_015,Quzhou Shuitingmen Historical District,Quzhou,Core,118.86188114913226,28.97584826790305,tourism_core,1,2020,2018,0,historic_district,0.8541623259134145,340.52236470418694,0.6438008647061797,0.3820186576497817,33.26507257683615,57.58065289327371,6.428369230078096,0.5512528641536794,11.63569157151926,347.2302185200221,0.5913420554839947,0.6504191019922827,0.7479670918066869,1800.0,4500.0,220.0,31.784215500155323,0.6306599056004636,0.5467800906749921,0.5612339837301147,0.42604231324474784,0.6749348752592716,0.6243529554339503,0.7056587293582001,0.7367490762909973,0.5958146212559381,0.5942074309988297,168.4937693787533,0.4042547771251023,0.6394629806427372,0.4188321357085293,35.833735569887715,0.5566163571440134,0.7267026182730542,1.2435503149254652,73.83870831692906,7.5212120949873285,11.937222271924703,2.4447556946376614,2.098474077983014,1.0371162441963182,2.285099819717906,0.36682065978175893,0.6073978517514755,0.3124034730953614,14777.352292072477,150.82601384707104,government_led,0.5261241915463986,0.37997681123742866,0.4827652094956863,0.49699246303459427,0.18404411460594486,0.1882597425395378
QZSTM_016,Quzhou Shuitingmen Historical District,Quzhou,Core,118.8449295654703,28.974744259383034,tourism_core,1,2020,2018,0,historic_district,0.5113377326769378,418.88092437147367,0.860317047843753,0.5499000841446166,30.64862598333833,68.93066451325556,5.43408672965473,0.4539101655933994,27.742942071046926,360.0,0.7337202496121379,0.9166818703531721,0.8919045538797563,1800.0,4500.0,220.0,42.0,0.46984903674368256,0.34040805954294207,0.5271547006640547,0.567580388277839,0.6710486118543836,0.6471455585467165,0.8005223367535587,1.0,0.6650122854534494,0.5372827640972411,133.82327074592894,0.334697728031978,0.6907233151908947,0.48934727692366303,44.937009760271046,0.8210896337201566,0.9817007190543792,1.2668927538524286,95.0,5.643146814523297,13.316979241690985,2.3990470235888672,2.7770128359782227,1.318053120088118,1.9461357019973673,0.4403706506455268,0.5797741991674755,0.32843031447676696,9829.438406669778,108.14218769339772,public_private_partnership,0.8939359829368736,0.32292273222887996,0.5877903767473867,0.5253253703425385,0.42304756563553575,0.3014242256098657
QZSTM_017,Quzhou Shuitingmen Historical District,Quzhou,Control Fringe,118.87009152038011,28.96190485057781,tourism_core,0,2020,2018,0,historic_district,0.39869353136196933,288.9652680417704,0.5541978619084409,0.4042345254940782,30.441782711738743,75.20667033063415,4.994887697107444,0.3718033089474277,29.680973661732196,360.0,0.7312904800340254,0.7509028980067616,0.7074159592414737,1800.0,4500.0,220.0,42.0,0.5907743434519305,0.4865729278420026,0.5225559967537202,0.2914556679596701,0.7426444964007475,0.7265624736939177,0.7346383907116342,0.868592948057595,0.5571419661238516,0.4847358734811391,141.690780707231,0.22231170796749308,0.7125237547747001,0.4419211496233573,30.012212699206078,0.7128915594620184,0.7445474111518395,1.7036486738289085,95.0,5.477148606417073,17.355685846587033,3.158567309522802,2.473682875497078,1.6097465242076439,2.16166933915666,0.4817897242301011,0.16860979924207886,0.14311497869974568,9958.790999142117,122.06546581217701,public_private_partnership,0.7139973843554865,0.34126025034532737,0.6032288313911082,0.6043560989084134,0.24476516601148685,0.17083687262983738
QZSTM_018,Quzhou Shuitingmen Historical District,Quzhou,Core,118.86738970118508,28.982522677788623,local_life_area,1,2020,2018,0,historic_district,0.5847494875064913,354.71673054535756,0.6721001989994692,0.5468939433242789,29.740578121034712,55.549558577908506,7.213443848543115,0.5975917914612104,23.005944472403694,176.40745699174457,0.7297174249695112,0.624137590526274,0.8679494311778899,1800.0,4500.0,137.28312239102246,41.01751502028821,0.44244407263602387,0.5434127269937585,0.45287915383801763,0.36331265226989334,0.774556270118531,0.6322437576833564,0.7779502499573062,0.605140882870406,0.664990249146173,0.3538514309527994,95.88023657393269,0.02485006891789665,0.4074543429392885,0.19795828085760617,31.170686026492604,0.7164032797573023,0.5709433973898389,2.8399954809833234,79.89617059716186,3.9689738544055997,10.59566413180343,3.671239804171633,2.088270447421861,1.1822259216822262,0.435470114156242,0.9141782383627891,0.41036062245153415,0.006039906329650772,16719.934767206265,10.70506712347237,government_led,0.6304785876719833,0.0,0.5296309389152393,0.7523795308057946,0.12465220858100781,0.18480786145967393
QZSTM_019,Quzhou Shuitingmen Historical District,Quzhou,Core,118.8640106218743,28.9724964466523,heritage_core,1,2020,2018,0,historic_district,0.5325210174098537,449.0156389135674,0.46687797220238003,0.36798140113647354,30.779016613447958,50.95335792665408,7.3376450396242525,0.4516430135443143,28.955986161634062,277.3898809080628,0.6277953683081777,0.6260411919725315,0.660869413990845,1114.3193266264811,2402.7885289550595,168.99240938766476,42.0,0.5867946312248057,0.4326817388054635,0.6080440380684814,0.5006889767991061,0.5675698890664926,0.6298196290797591,0.706222348053016,0.8057513041648592,0.3693660196438674,0.40503186415495795,135.1780494481146,0.3964325969591193,0.4263134696239358,0.38081269528263584,27.024255392486538,0.6506327151254431,0.5839944024759038,2.0205191316416347,85.86003554904484,9.287444736303911,10.557084050903779,2.411625328212983,2.2582719180255633,1.240804133141318,4.218323053278085,0.09208110804418715,0.30725106963217935,0.11608582217627329,11730.580917855572,68.4587850513594,public_private_partnership,0.5434202589247059,0.26981520688886873,0.41064611806179846,0.09470910103135641,0.17549301527259611,0.20591038806600157
QZSTM_020,Quzhou Shuitingmen Historical District,Quzhou,Core,118.86315430816799,28.982208310013117,heritage_core,1,2020,2018,0,historic_district,0.7581326254220615,366.50581395135856,0.49696228724413094,0.3869992283180461,32.59391602566893,82.16204224341811,6.625054195455787,0.4737905922486709,4.182886376603197,360.0,0.5793417042108775,0.6568660166014421,0.7965844594633565,1800.0,4500.0,220.0,26.735683784517747,0.5641371015015625,0.6870943588003647,0.5214362044051067,0.05300543489825593,0.6506984380841635,0.5497252411203771,0.7183083496322185,0.6961442084385892,0.6492413932774156,0.7405756869273439,180.0,0.6886036260586191,0.8181919586921418,0.5325140725954849,37.6190698446202,0.6281731827824785,0.8052145593900972,2.6656164238958677,72.13609623789883,5.9879919412512015,9.747074418584349,5.475477140454727,1.5893904651602444,1.0799689301784519,2.2318479673561344,0.42233103179831305,0.5392724148802666,0.7885752820925406,19558.933605074242,280.0,public_private_partnership,0.622654059193285,1.0,0.6516716680536659,0.3554730236038358,0.14785659797580294,0.08031756868804454
QZSTM_021,Quzhou Shuitingmen Historical District,Quzhou,Core,118.86416122404033,28.9616705388569,local_life_area,1,2020,2018,0,historic_district,0.6197194066292767,208.971450509402,0.5783825023455816,0.3989046994231536,31.5663685299888,43.10151861519334,4.7166331876123575,0.4048329323789772,20.40557560932455,336.6706301846302,0.7887921715454861,0.6355659965481589,0.6770897577571371,1298.0028057048232,2914.7504100520023,220.0,41.57394019880737,0.6205802695132553,0.40226721868947,0.5182132939930058,0.507648739107404,0.6316274540940618,0.5867610768535984,0.5831293722461157,0.8795783747177606,0.28821192070328583,0.5862305661056758,177.8818650600034,0.42575055184548494,0.5164981671338404,0.54151419462507,27.286618586584776,0.7381395357009294,0.7062855941157059,2.0910625388854207,86.71547556576671,8.565691971579433,12.92534880352218,2.4235929673306713,2.5519306428823407,1.3126297791053296,3.9206706184120588,0.21032152417772768,0.4494217857379992,0.3798257509561425,12688.928561245411,149.56989632476402,public_private_partnership,0.6406500980299454,0.5926277767924869,0.2769901021425509,0.14023155194443726,0.2113232262136516,0.08742208918139527
QZSTM_022,Quzhou Shuitingmen Historical District,Quzhou,Control Fringe,118.84507037978952,28.96774076038913,tourism_core,0,2020,2018,0,historic_district,0.12722933088254496,586.948833287272,0.6568143740700002,0.4321714508505119,30.318070378958243,51.22605822577039,8.897334995081273,0.5600959225429726,8.970973811652577,315.2669571987485,0.6527703327100872,0.8156286949434187,0.8002343214760588,1780.08977243078,4086.060473089812,185.01152393398132,42.0,0.674442799679601,0.6042579973245562,0.865453740339303,0.3913672171092764,0.7422246256280128,0.6597395851644031,0.9424461627226446,0.7863500248006766,0.6065313489275599,0.39193585321653135,180.0,0.34085743242949285,0.5355226536263948,0.2613121783972638,35.60968779676615,0.7643106206330834,0.8292604418036927,3.539053491019991,65.76676625623425,5.417167500697894,5.1767303781172425,2.800231157322348,1.0276517835264576,0.4801749535036392,2.4358445043594448,0.3986781774421564,0.17386463966606008,0.0,27498.97719244723,115.46451494568471,public_private_partnership,0.8568260173091643,0.3316852759658807,0.3984889519791216,0.30191006880571447,0.10452092492059288,0.36322551115100904
QZSTM_023,Quzhou Shuitingmen Historical District,Quzhou,Core,118.83457835031798,28.975526534673676,tourism_core,1,2020,2018,0,historic_district,0.28327413064188006,345.5317256400102,0.541191198266761,0.47439416482446495,30.768246832517033,90.0,6.721589414452427,0.624861368473657,31.617809604944338,360.0,0.6336679547886268,0.8138967109502445,0.7212142258541312,1800.0,4500.0,220.0,42.0,0.6786940620784365,0.5342259270635319,0.6217492248107036,0.2008823153902291,0.6721646369841822,0.6855278498400179,0.7133701483100574,1.0,0.6520011616440261,0.8265308388514081,168.07539107058878,0.5745119689092746,0.956125760384787,0.598501714896093,38.695690235318146,0.7321954155242532,1.0,2.3301624246313257,85.56757154072932,7.264055437449456,13.65877403215562,4.4581604603792915,2.829843885301409,0.9049900627721564,3.330471076434004,0.39917111491954826,0.1449426822927244,0.15731640361959914,6958.241446421256,197.1046783730919,government_led,0.9155681436031544,0.5987275509056041,0.8333055419445264,0.4025833814021487,0.31296972901423603,0.30811430645730287
QZSTM_024,Quzhou Shuitingmen Historical District,Quzhou,Core,118.87625570709781,28.954975894394284,tourism_core,1,2020,2018,0,historic_district,0.43341567682666515,427.60481198265217,0.6549489241075698,0.535953878225026,30.542131647492567,41.45414472253745,7.148639197184887,0.6298323636901715,14.59875095037913,360.0,0.6188540427940977,0.8098004391905888,0.8374369717484845,1800.0,4500.0,220.0,31.51137819572779,0.5751523717865421,0.6239687534304023,0.6503016196557319,0.26579432772290723,0.8507999630013448,0.6873743464495568,0.8753431453777557,0.8250888979157949,0.643862429454018,0.7292621264899791,180.0,0.5621696566408676,0.7473638776183567,0.542319676766682,42.6589388914247,0.6565960753030975,0.9034242521108226,2.5789083559990886,78.9618313256828,4.239395760448328,10.600733648901196,4.339332736844258,1.9472180643646237,0.7783408401847561,2.083913056022683,0.5948231847903045,0.42803237207603695,0.263566291296216,23463.99664420371,213.56209888118522,government_led,0.9534415510280176,0.8151520480371937,0.3329741758765295,0.6842200077259818,0.1604920033002421,0.2958913334407438
QZSTM_025,Quzhou Shuitingmen Historical District,Quzhou,Core,118.85629892622384,28.961411897900398,cultural_core,1,2020,2018,0,historic_district,0.39484675912824785,262.15634798039014,0.5247800535356215,0.4337955881175389,32.56919340711761,70.94028484967595,3.371529752550049,0.39609605017719746,16.263601469423325,360.0,0.66431959716191,0.6870291291076694,0.9140197031413216,1800.0,4500.0,220.0,21.323907911491474,0.6272151896517724,0.46759337418962676,0.6398443728265022,0.23958341266425406,0.6934529684069675,0.7642693812176917,0.886088520249317,0.9100806482145803,0.502710611735727,0.7322102000060199,180.0,0.4789911382377193,0.6442585265680412,0.5701483210626412,38.21580879569423,0.6724217616758802,0.8401461357769386,0.7,95.0,6.766231828000296,16.078472212558864,3.9447635837533417,2.4434462708381375,1.6864825496596534,2.7530323445543123,0.31863159610417136,0.3075984434469739,0.10097628373367346,7516.455331540756,118.11648325549753,government_led,0.7706319157633065,0.569566969605992,0.6224751925105979,0.2599825639108313,0.43049526464703,0.09488363825626031
QZSTM_026,Quzhou Shuitingmen Historical District,Quzhou,Core,118.88481134068664,28.97848946678902,local_life_area,1,2020,2018,0,historic_district,0.28534501592079886,555.5331335912024,0.6039030955967133,0.46923717753673355,32.74489951608961,72.47548626698368,9.485112981709067,0.7651601186265936,20.35714287195666,360.0,0.8157164030857103,0.7751684056764252,0.971735303364301,1800.0,4500.0,220.0,42.0,0.7439829850218402,0.6211388637179059,0.7643381807394043,0.1699734315352343,0.7077050627048532,0.6071530011594743,0.852584423290826,0.7634693324596649,0.6203939936707485,0.7605571517455165,180.0,0.7364938305634396,0.8455989982919391,0.536305623126305,42.790233172961486,0.7280777828724053,0.8727798964593104,3.191119042949534,58.428432348054514,5.355958964482482,9.4366205537295,5.242308065877767,1.215545969536562,1.1576403741801855,2.7349680423056677,0.5032011336501029,0.13981643457628093,0.2473340611189587,19185.37465104732,208.01552386469743,government_led,0.900500287227059,0.769223184630152,0.58231113031799,0.43974357302000255,0.4661838313821443,0.21951106822580244
QZSTM_027,Quzhou Shuitingmen Historical District,Quzhou,Control Fringe,118.85175659115151,28.968761425165503,tourism_core,0,2020,2018,0,historic_district,0.38924890592551575,226.18572416546752,0.6973365868790404,0.5263863824221923,28.74726020901832,72.29757248609738,5.018428380115027,0.4688309939446856,34.779411872466575,360.0,0.7454666206904269,0.7102711389343042,0.7862018165832588,1800.0,4500.0,220.0,40.43240599291135,0.6574407993233052,0.5887396111690585,0.6642711676952086,0.36421722476559915,0.6364527889521296,0.6709052943999486,0.7651636688123434,0.8133710556483322,0.6908753336457062,0.6886654897901179,179.85537103288135,0.5220061050052781,0.704697792961517,0.33849150150598206,40.05808287230626,0.6750524317220452,0.8084096293924071,1.4018883968200746,82.08044721118048,4.476784447983405,15.106216674986296,3.735655328716459,2.947303548663155,1.3429318221991726,2.1452357310970855,0.5911789972572087,0.22862432104001457,0.27328462370830753,10850.642132036404,162.56237403114812,government_led,0.7686082924782465,0.5867693196226162,0.5941148918099577,0.5208394205092884,0.26361750904183445,0.3403398879549102
QZSTM_028,Quzhou Shuitingmen Historical District,Quzhou,Control Fringe,118.88043589609057,28.95095766485685,heritage_core,0,2020,2018,0,historic_district,0.48134933855758016,514.1612006317405,0.4438890267996642,0.3335291024289394,31.65968741181866,41.83355914428094,6.69453869256524,0.5799677388913063,19.917734225741036,242.06500013692184,0.7308959116812874,0.7289140796598014,0.8129527861559829,1445.9525171743076,3259.150389722314,138.38524293137954,42.0,0.6594045507888345,0.6040163118848881,0.7670697699547895,0.18380308379668006,0.8473235189121641,0.7545562571129787,0.9980131183936192,0.8272973731398147,0.5253921064542799,0.5007950949856557,173.83850538516154,0.3421371864767322,0.4818244045085039,0.3804503712906748,34.25830940957966,0.6586046039753213,0.682302281204621,2.752520804484841,61.14850109583098,6.235693270772658,11.729953421621765,4.390702431266645,1.4786578480850217,0.8692741693624224,2.3080923538440494,0.4435284468663552,0.31496582133811607,0.1746544919990306,20796.23288026403,110.40558082544432,public_private_partnership,0.7235775715228908,0.32488088959561356,0.20296323118517798,0.42751323058509144,0.056910197231288207,0.2636946836043367
QZSTM_029,Quzhou Shuitingmen Historical District,Quzhou,Core,118.87179498187074,28.982410876741866,heritage_core,1,2020,2018,0,historic_district,0.906519837579806,282.85339590722424,0.7054529501600343,0.45831958624052815,27.806456381831183,48.06486115970667,6.785902091553424,0.5599883805120557,27.14213904317892,360.0,0.7997848239569298,0.7157789456655171,0.8518785574446451,1800.0,4500.0,220.0,42.0,0.4745718928649221,0.44463313270001,0.5895393515552636,0.5647385473366008,0.7175365166230719,0.7536003346333618,0.8293903445343652,0.6928426751720249,0.5508285737944365,0.549799156184454,180.0,0.45368141469490525,0.5028284669358752,0.45551268471851425,39.78796528451319,0.7737164148758783,0.7689428057277758,1.8572258740616852,95.0,3.5214069418827676,14.908190810326413,2.3814579805903335,2.180886279376871,1.3239953506472915,1.360328389094118,0.736914253641962,0.618880030419832,0.6137538790333482,15419.874464343451,179.791574335109,public_private_partnership,0.6546557277273739,0.6962054573125848,0.35938920566037125,0.7435065654177485,0.5688616605884563,0.26263512427656865
QZSTM_030,Quzhou Shuitingmen Historical District,Quzhou,Core,118.87361323825101,28.977340406508294,cultural_core,1,2020,2018,0,historic_district,0.4279312013744129,509.0192662131575,0.7698221061634339,0.4377485614375853,28.602865422693274,83.20717726960352,6.994768278167779,0.4499404901389028,25.546167308771263,360.0,0.9216678642256472,0.4786959379301143,0.8809872753584479,1800.0,4500.0,220.0,42.0,0.6532135395874733,0.6582864861750054,0.8077098192698275,0.6162104012282346,0.8981375700439845,0.8730893842995562,0.9659322463878603,0.7258614669552971,0.6633295394293155,0.8175364486257618,180.0,0.530165783910447,0.7348570610449224,0.6531292000130877,22.641777891257696,0.6055807576502077,0.7121265910268996,1.7864794622134996,81.82881318099139,3.839413878004054,11.207445717819107,2.132945113862852,1.8952690288845488,0.8731465849276925,1.567364095954238,0.6721097499110993,0.15025374917713155,0.2086904984253519,15541.569584661012,222.11133033912068,public_private_partnership,0.5047161671077256,0.5972596331731732,0.6298517794433255,0.789947272544447,0.2963192554274445,0.2342334644733087
QZSTM_031,Quzhou Shuitingmen Historical District,Quzhou,Control Fringe,118.87594234185752,28.975091409610755,cultural_core,0,2020,2018,0,historic_district,0.8189690278436736,501.8725847411246,0.6379047106613271,0.6000542768964789,29.538131015815452,77.9555771853262,5.775352911752876,0.5203912467392464,23.195094242283215,360.0,0.7689223493218966,0.8175479978537032,0.8966477991317411,1800.0,4500.0,220.0,42.0,0.5962286048428901,0.5449837302906745,0.6996930682993255,0.4085356769544357,0.8105937393304754,0.7690436552660207,0.9328290203632198,0.8754694744275417,0.7271016298920647,0.5220706734109976,170.2828001534544,0.1485952238219014,0.6996118330087477,0.33794407281268857,39.23092369122237,0.6711696289810856,0.8608635586125287,3.246170897041331,73.18469680046329,3.209330190831996,9.075457615946844,3.064054457453568,1.6011453476425443,0.8041927807858688,1.8412625833293932,0.6986279077526091,0.6649014729651888,0.31921501335227004,22297.67463432971,115.77136106985992,public_private_partnership,0.9200468242866062,0.386609865726261,0.6931855096679527,0.7700476254695721,0.40692410686232716,0.30780350188565386
QZSTM_032,Quzhou Shuitingmen Historical District,Quzhou,Core,118.84406295795361,28.95900272204606,cultural_core,1,2020,2018,0,historic_district,0.5432073777818991,297.16300609553605,0.6443952869261601,0.4463882181795477,31.883520361970906,63.82448024175854,5.730507908952406,0.43804469575905464,29.02561444040429,360.0,0.7177274644102163,0.6780140165964267,0.6756177664891416,1800.0,4500.0,220.0,42.0,0.46338195759729106,0.6144124947139913,0.7882316167079519,0.2942479395800838,0.6598370275860439,0.9081753182346698,0.7901226698196772,0.9382381781412847,0.6703800208993359,0.6308672358181318,180.0,0.5006372327481645,0.8545100413013462,0.5294755280510981,37.48655404768238,0.7498308247200354,0.7378916259940426,2.8022656579661023,77.94498509043946,6.342234291699939,11.834064324594882,3.99180098372339,2.3336688873281823,1.3340874875451962,2.4638619972891247,0.4332464632549727,0.3722690227103343,0.4472181818174638,10107.891021517586,209.0241942735665,public_private_partnership,0.6553667530044883,0.7832851196364362,0.5594856648486614,0.3884261886208294,0.23249551536793434,0.23581677683078492
QZSTM_033,Quzhou Shuitingmen Historical District,Quzhou,Core,118.89509623617512,28.980806451057585,local_life_area,1,2020,2018,0,historic_district,0.20474015433789924,459.24214006668086,0.5567705219824989,0.481651144192703,32.00418418186403,59.70372476134074,7.7403880783763706,0.525967780895999,26.9478573392392,360.0,0.9292762327892373,0.7931958319134493,0.8996221579158776,1800.0,4500.0,220.0,42.0,0.7052786755783115,0.6639219502994076,0.7376831026455636,0.3146950069278056,0.6438668680890818,0.7268615245871077,0.8511891094900158,0.9006214670019175,0.6981663562888106,0.6501321382019458,180.0,0.37352842605885384,0.6614274951509396,0.4843090906524729,40.31871534049898,0.6029077560066665,0.8947719919333679,2.265038404842668,75.75924660659196,5.459967821864474,9.478691847145528,4.439247231763073,2.1442681264630097,1.079819228836197,2.838377466655992,0.47288171459245193,0.13649585058582595,0.12868839927116113,16148.828228348837,186.7889626894238,government_led,0.7398500295712577,0.5351370950336088,0.4936737439754671,0.5532865130053399,0.1589115817853547,0.17678448255030402
QZSTM_034,Quzhou Shuitingmen Historical District,Quzhou,Core,118.85508340086311,28.981505978929516,tourism_core,1,2020,2018,0,historic_district,0.4699729275171009,402.17347174997093,0.48214228013751154,0.404204603192447,33.009232447705664,60.153969079576854,7.935044655740046,0.32736589555553447,24.054730266102467,360.0,0.7637389705394901,0.9812745607915553,0.737571486229127,1800.0,4500.0,220.0,42.0,0.6455578749746371,0.6545191798802051,0.7365790931702361,0.15169547958287927,0.7359216527488686,0.6538704245971675,0.8283685090762342,0.9970929864575175,0.5293767938015089,0.7621992525588831,180.0,0.32646907478214116,0.8078480375160607,0.4929696079243029,48.0,0.7687919507434934,0.9127833323695762,3.3068765563755225,70.6078496904453,6.809628891506538,9.629206799228417,4.978783023102004,1.0448154325561763,0.9209625144237157,3.272182820487949,0.3122066010636015,0.41688959548554433,0.24068967034216054,24332.024592478683,207.032573784593,public_private_partnership,1.0,0.600820324453547,0.6129324951854875,0.37503311724744587,0.317617140090664,0.26829865882998954
QZSTM_035,Quzhou Shuitingmen Historical District,Quzhou,Core,118.85813035675814,28.971064995688437,tourism_core,1,2020,2018,0,historic_district,0.5755475232519219,487.69182588967726,0.4980147925936357,0.45604851162371757,32.36283458959691,38.899408635720526,9.182495379558326,0.599561745640129,18.15351275454666,360.0,0.7617573198088674,0.7486073789274454,0.8198914545355322,1405.5046309978966,3865.8959340718416,220.0,42.0,0.5322775281263296,0.6083311517433956,0.6073231120088226,0.4098156417303869,0.7104344461715992,0.6953440746422849,0.8019820786631426,0.8256930208944208,0.4766443799701704,0.7246391782180887,180.0,0.40194862174311136,0.6588921770537541,0.45983312142839117,35.692050415551336,0.5859528534249616,0.9078160200789476,3.504984454645224,63.72539830413214,7.171447219201793,6.218748083838643,3.852675840990231,2.1316849520721397,0.7305688798839279,2.10477067461145,0.3895764840142999,0.43961185164613825,0.46263560087548494,26221.53508403634,182.89148327966598,government_led,0.8213366333631594,0.6737893626516619,0.2539822108034031,0.280280694057085,0.21137771193488952,0.5716163551319722
QZSTM_036,Quzhou Shuitingmen Historical District,Quzhou,Core,118.861595125096,28.985197851378395,cultural_core,1,2020,2018,0,historic_district,0.6133749781962239,293.6648562905232,0.6516605673774448,0.5204178869136818,30.854985464662455,38.78717726333788,3.472759693862383,0.33574098926867024,16.400221078215218,330.3529071755662,0.6677049075384429,0.8565247081476073,0.8706814937027794,1745.427458984395,3979.2723204532026,220.0,27.511709472099675,0.6665582109526582,0.4647256805296089,0.5632022224944413,0.5091841542324539,0.5758204292277376,0.6404979172359204,0.8603387046584717,0.9112346654010889,0.6328071662070134,0.518366587859,180.0,0.3133081246773508,0.5217850318528171,0.2445571849456892,38.28689581499773,0.6966491753985975,0.8916497226897555,1.84603972316103,87.09876660079118,3.836163045936684,12.723346633942391,2.403522889072588,2.183590071399366,1.2440171131616136,2.3240278593154877,0.5986228579466428,0.555113187611723,0.2714781879913528,11665.82986646649,172.87058829601202,public_private_partnership,0.8257822787627269,0.6090620613310722,0.23451288032736714,0.5978850059566218,0.3188175702276226,0.0496057187030585
QZSTM_037,Quzhou Shuitingmen Historical District,Quzhou,Core,118.87858238245205,28.973811004603526,heritage_core,1,2020,2018,0,historic_district,0.2577881954457867,364.70297820432563,0.5951801983674199,0.5241107790975165,30.013822465912003,86.97404689994477,5.095727858236211,0.35664842535730895,11.752805278546871,360.0,0.6923736757839082,0.6723557582718906,0.8361094630393898,1800.0,4500.0,220.0,23.64274278717137,0.7678849944350914,0.37297911679817525,0.5239562850249732,0.6595676715017591,0.8116236303691665,0.7712885258153472,0.8736947140398204,0.7393698141774028,0.6266165140882239,0.6565761300183177,147.0163003904332,0.498143871563726,0.8085975425742058,0.3239268276106046,35.02147418804266,0.5601325390641525,0.8390549784377838,1.1871858558777024,95.0,5.030142690528328,16.599587847773364,2.0707138026581733,2.2677925313277214,1.4131563866097043,2.7078989862849143,0.4832148194039447,0.14846385741071558,0.12069853650609083,16088.596141985781,102.24530104088555,public_private_partnership,0.5615217317407466,0.3782905267228609,0.720493396034253,0.6035418636227993,0.46022693573370255,0.08138867100718049
QZSTM_038,Quzhou Shuitingmen Historical District,Quzhou,Core,118.8547493462574,28.961242999178552,local_life_area,1,2020,2018,0,historic_district,0.47317036231680953,336.28757568815786,0.5506056184252729,0.42344289680665637,31.523600729208155,31.21175740337162,5.554878923849801,0.5453691699919702,19.71899908446536,170.89591969874337,0.5180593684414947,0.6758797579066063,0.6892440870296814,724.1087015672166,1827.2384719601594,105.72057023982613,35.79899373338909,0.4980963557034117,0.37381652484376815,0.38243511885766623,0.6269547620441306,0.6391044783826018,0.5204226439112031,0.633591127187614,0.7126885303628355,0.28163907594342225,0.36198322255409154,122.46378241477443,0.2318482436082338,0.2809243657349943,0.28195629258140337,33.33131218915906,0.6235071290627606,0.7422297832499493,2.327901612363739,80.76545276020639,8.666722337590068,14.391767488442138,1.588916523730566,2.2532361444107467,1.2684046377944758,3.2576153563204433,0.2218628922790479,0.32676914052356715,0.13772376232028763,14966.621050949285,88.95979122930761,government_led,0.5673927080795165,0.3617521601169327,0.04948056888826772,0.2228413153299609,0.01063376451259504,0.05115377707231169
QZSTM_039,Quzhou Shuitingmen Historical District,Quzhou,Core,118.87403286776491,28.968318823906426,tourism_core,1,2020,2018,0,historic_district,0.8761543004286249,411.37688996811966,0.6139202358457592,0.5627777360574825,29.388944038488212,60.630491085017646,5.173447290753842,0.4515479116238074,13.84374436057444,360.0,0.8890839154502042,0.8066120315685665,1.0,1800.0,4500.0,220.0,36.46171887515307,0.6666379952105472,0.5597817942627037,0.5558417705192209,0.3828634425253568,0.8381173072290632,0.7825045453911511,0.8908253791099959,0.8162682355811006,0.6306971864553721,0.7057836990975966,180.0,0.5317340408259048,0.5993077800787441,0.3615655258993353,40.720385903136346,0.6808360600319247,0.8147894342719594,2.437260080938473,68.0558031124645,3.8020203377615567,11.629498501181569,3.3330546605645366,1.8924457732338502,1.1274066780316274,1.6061916130887404,0.7852759649616426,0.6780496478211031,0.630868980310953,11500.440168398494,201.02917446182502,government_led,0.8713366707844213,0.7377824591091529,0.48525695197762286,0.807516347264233,0.5326031186540146,0.3289072108265724
QZSTM_040,Quzhou Shuitingmen Historical District,Quzhou,Core,118.88330569911908,28.981691062487833,tourism_core,1,2020,2018,0,historic_district,0.36376800996194697,610.0421321588901,0.7257632076746524,0.6325506164447546,30.02264931865368,45.81349241019311,10.179031100720932,0.7446974797053345,14.42619323131835,360.0,0.6000807108665563,0.645187720577541,0.9126454518110806,1800.0,4500.0,220.0,38.64294680058408,0.715775231715602,0.7359480684446845,0.5781986894564128,0.5245583972133627,0.981918910483205,0.8314285620261991,0.9557594307365321,0.8368271780260421,0.6834273124098993,0.6544909984278594,180.0,0.45328688389704475,0.48365111149762796,0.503328689877161,31.858883805111923,0.6587894315775974,0.7248974056156906,4.3974266861272735,43.80556039255929,3.378935751945734,3.9615533953894575,2.6504613497343494,1.372065689405823,0.24152274756029202,0.05,0.8715604060432167,0.1666791417074046,0.19081195784855215,29671.68439893711,157.33771262699202,government_led,0.6975778044315617,0.6572851303228142,0.3615053043151418,0.8494402810051069,0.14267072955667473,0.3836357984148986
QZSTM_041,Quzhou Shuitingmen Historical District,Quzhou,Control Fringe,118.83388567162814,28.97897062825481,tourism_core,0,2020,2018,0,historic_district,0.32754933569213357,373.97775248283057,0.6505406262829025,0.5019886769474379,30.699352846469736,50.22768770746674,6.934926324138303,0.44889583548527084,15.146844486048044,360.0,0.8163227558176622,0.8337823276351505,1.0,1800.0,4500.0,213.74733926268527,40.65646238848347,0.6701114695443018,0.497391214053833,0.7369544223833812,0.10461513416889467,0.8615539696547883,0.760999703574255,0.8342293497997776,0.8551425424306084,0.7320017841039785,0.5725829907357253,180.0,0.4788013004891358,0.5969126433091616,0.5079666812663209,41.33229158334417,0.7708378093342352,0.8855788718004497,2.5467685483218974,78.17851640638851,3.7978921100826653,11.400705119336209,4.570315374360673,2.2829623374328247,0.5616501109758547,1.71207206748002,0.6691599882075658,0.2567570904859835,0.20167977175275506,17895.334089201056,149.0561622253392,government_led,0.9426941143041909,0.4850816888881778,0.33992105837613007,0.5932793729255033,0.1436024285219279,0.18276013021097554
QZSTM_042,Quzhou Shuitingmen Historical District,Quzhou,Control Fringe,118.87030391569994,28.978102617020983,tourism_core,0,2020,2018,0,historic_district,0.5961602271132428,376.4767795054549,0.6477720294466308,0.4134461952515219,31.818941511487445,41.08372310297679,4.897582419070044,0.4899613209305352,24.199564205432058,360.0,0.6672167155639599,0.7782515280369244,0.8358198418189806,1096.9335430002893,3773.7240835027196,186.68285330124834,42.0,0.5368198998770184,0.5349852635904458,0.5839763264449965,0.3949825766712948,0.7400120751439374,0.5679378299580689,0.8321297868617767,0.9497937866588358,0.5917900580824349,0.4674052230426515,180.0,0.396092272347799,0.4497717337921421,0.3783539388326791,36.12353191367428,0.7277544475611809,0.759465223265577,1.6422649082462781,90.4038719297958,5.491768096624314,8.249297992356222,2.4313516502508756,1.782940632744121,0.9194697669891725,2.3905027995067165,0.3947712901858789,0.46136928259750704,0.31970388728499866,10149.433336116032,174.98810314406322,government_led,0.7501606970109179,0.5888001935345502,0.2553724562779774,0.38509768392658666,0.03347075720476819,0.14265575127388466
QZSTM_043,Quzhou Shuitingmen Historical District,Quzhou,Control Fringe,118.88603769188121,28.974792437432246,local_life_area,0,2020,2018,0,historic_district,0.42665528019065335,471.0207809740976,0.5183018308883717,0.34021657009705963,31.695271844413078,59.01565320894433,7.089822024798921,0.4573383790779023,35.0,360.0,0.6059725040490179,0.7067383184297814,0.7569508662690733,1451.5005428328718,3685.008532158397,220.0,42.0,0.5967318647463826,0.720002195349347,0.686914969251789,0.30498046313934535,0.7018797821642695,0.6307852147162613,0.6735586698217302,0.9585911564255337,0.3779374022057389,0.6735402753318349,180.0,0.5279907020756219,0.65099166481169,0.5049144304291392,39.93539943440478,0.8330380659060642,0.8835261127684222,3.126668326759108,68.19673290691733,6.677181261618864,8.779453995449746,3.9620283542943486,1.870230931490054,1.0215612344754434,3.8188351872206705,0.25270262221472145,0.26626571979981684,0.21320850846501077,22620.09864690671,139.78405607345704,government_led,0.7334721446515521,0.4962434880609455,0.49806524965714355,0.30436615182943744,0.14833321196124813,0.20725210302689392
QZSTM_044,Quzhou Shuitingmen Historical District,Quzhou,Control Fringe,118.85078351390935,28.947728129057438,heritage_core,0,2020,2018,0,historic_district,0.3954187919739369,371.11659095801065,0.671637748804359,0.4228269910578819,32.15015059936177,88.75372102358173,4.982845465543624,0.5191891079013776,32.320542885047686,360.0,0.9337117899968463,0.932818767021062,0.9855376306416214,1800.0,4500.0,220.0,42.0,0.7728322353533595,0.606621001258112,0.5741596031809346,0.3021709994712264,0.5830849990679827,0.5916258999317687,0.8764282624365815,1.0,0.633307142545137,0.7662051216616126,180.0,0.5878294744470752,0.8815552960975905,0.4787330503055871,44.24559195520824,0.8836646584788082,1.0,1.4303149706921539,95.0,7.63241902051573,11.662222606750413,3.015935560142076,2.380504919168088,1.2322112734779738,2.8874007854256276,0.2924378204051565,0.40685595154174004,0.28130356527611533,11100.658857575301,213.58526240601523,government_led,0.8907885608847058,0.7153483796916779,0.6852019863335795,0.2547588771809407,0.2044365458184171,0.3514701170588815
QZSTM_045,Quzhou Shuitingmen Historical District,Quzhou,Core,118.86627482054051,28.977903241443833,heritage_core,1,2020,2018,0,historic_district,0.6649924113058375,311.0151128261776,0.5417394274690669,0.49227193318387297,32.617296831287845,31.546277005715982,5.065365942382023,0.5134621368351013,21.333295898284785,360.0,0.5856147301543023,0.8296459240196309,0.7996205612265692,1301.7522096397852,2970.122928051844,199.38537207331194,37.73904600616104,0.44004860577143395,0.44173988562654537,0.5065417170638283,0.37601825029268476,0.6316172554176822,0.574225415881633,0.6457113599123565,0.874993906164416,0.4206853727803077,0.6336904825482867,180.0,0.4287675276758979,0.49961124896422315,0.4209451183386051,34.52888476145779,0.7924208978164932,0.8740458960986703,2.1331130423089233,91.81399193005159,5.628590878262457,11.156906959542997,3.3095975303952865,2.3846073344978125,1.0149437564426624,2.4084987853456123,0.4304259252774019,0.6541877238369322,0.45974805321609663,13398.518009635973,164.12892070254154,government_led,0.926637269650558,0.6256080707050311,0.20430472660924984,0.4959872211243471,0.12604863456159723,0.21818560065983766
QZSTM_046,Quzhou Shuitingmen Historical District,Quzhou,Core,118.87165424723283,28.9634957483141,tourism_core,1,2020,2018,0,historic_district,0.5269465746578371,245.6566659664841,0.7818633720728333,0.7350672322970765,27.942089017708273,65.42074157595964,3.9572581736688264,0.4352882574296827,19.91219690534974,360.0,0.8637359238370137,0.7775077051849342,0.9844251927263878,1800.0,4500.0,220.0,36.286820737782804,0.5438816591293657,0.45899906843969984,0.5730349780894879,0.5878133827979211,0.7872142464601004,0.8677759219427125,0.9695333927778227,0.9461114317485794,0.8757393978849857,0.7814641991937638,180.0,0.6499655188341762,0.8888847778231805,0.6201933070271786,38.30546364723701,0.8023607881980142,0.860986304128889,1.1837129404324283,91.29844393658591,3.671952564732974,15.533858896721046,1.7300472501336213,2.6429072380036485,1.6775280305008384,1.5892930787874502,0.7356019522670185,0.43077447949616565,0.20470349397500598,12946.020402022965,193.90627005968815,government_led,0.7699329867806727,0.6686882989676797,0.4768256616945398,0.7701037302400847,0.17245089011743517,0.14334666519159314
QZSTM_047,Quzhou Shuitingmen Historical District,Quzhou,Control Fringe,118.8707878465581,28.972538261048747,local_life_area,0,2020,2018,0,historic_district,0.7076483397633635,650.0,0.6929467027417255,0.4921831333600682,29.503456903147814,45.02838919353827,10.18558083353621,0.6339331625516278,27.360346736255018,360.0,0.8357583880074636,0.9271290944711885,0.9380525785508773,1800.0,4500.0,220.0,42.0,0.7114223188369548,0.7844037614542707,0.7173427144748598,0.4253257536404346,0.8585254544740656,0.7602729916749784,0.9285523849470437,0.9643362697127322,0.7253559012359672,0.5898216444720799,180.0,0.4181961132277153,0.5942782987510002,0.4699268793735828,40.95701159399381,0.8775447786301792,0.9771997674845259,4.3620438436832325,48.03517522635723,3.2645300961346613,5.203650145374385,2.731103061803906,0.90537135446972,0.4753086779993307,1.8190289596737845,0.7357136052481491,0.651548283342706,0.5039331127460751,30131.98187774104,205.94555977426478,government_led,1.0,0.7109389626280412,0.2755838107397839,0.7235558029570315,0.26926824912612485,0.05151963063493476
QZSTM_048,Quzhou Shuitingmen Historical District,Quzhou,Core,118.85438431899951,28.970187122164827,cultural_core,1,2020,2018,0,historic_district,0.374954821217367,493.96133880704383,0.7136537272398956,0.4683431452290195,30.504687003102447,52.70440855975286,9.111995791048109,0.6790704136268221,14.757342771266595,360.0,0.7686911887397258,0.7937933521521641,0.8806150249269331,1800.0,4500.0,220.0,36.64895744881911,0.7287801270140313,0.7481496304846563,0.7843332211532602,0.29010260008497935,0.7781942170772405,0.7335007008795738,0.7939931418586297,0.796591212558002,0.5376558784008856,0.6932709427502547,180.0,0.5146780445477709,0.7304111061124079,0.515636400183114,38.12836897658228,0.6314801972458121,0.8159009668025978,3.6933807002024164,58.19945753076935,5.186337640441133,9.305592576585097,3.978160344773234,0.9947236159494924,0.8124696535701421,2.5213349696291516,0.5475883007033991,0.24022316504886188,0.17257872656763784,24077.05981100327,225.69240101916628,public_private_partnership,0.7367607132437434,0.7650335659905689,0.4215438117790563,0.5045442326598041,0.0,0.2977310647237146
QZSTM_049,Quzhou Shuitingmen Historical District,Quzhou,Core,118.85861650766374,28.96183209518302,tourism_core,1,2020,2018,0,historic_district,0.48319762670407096,363.6769189382003,0.5938998975713562,0.3534948608591141,33.82059791173679,77.68665780585441,5.143502956627301,0.561939198721764,5.410445157590186,360.0,0.6536294610690548,0.7653072279167128,0.6101521368747213,1800.0,4500.0,220.0,24.806917988025553,0.6997800139993432,0.6353177360430476,0.5550379859877905,0.42448638294185626,0.6720356352689876,0.6185692053329719,0.7617199236307525,0.8263451484678204,0.4342379966308949,0.5337766101322572,180.0,0.3426729070494781,0.8151026367165886,0.3931417740416465,35.55636648237396,0.7703353760732297,0.7427438518306524,3.214254953631335,95.0,8.231878062900822,10.566665914808603,2.8544388503042613,1.780126801517515,1.471636319311076,3.815917909599273,0.25305226519998414,0.3612093317319029,0.3442015276278194,16503.689995589055,224.44584990883567,public_private_partnership,0.7199768461159409,0.764067365472573,0.6868524330840541,0.1841737613621674,0.3545238868098532,0.07663711976242474
QZSTM_050,Quzhou Shuitingmen Historical District,Quzhou,Core,118.86643862127843,28.95915615444417,heritage_core,1,2020,2018,0,historic_district,0.18743374751706976,330.82667793411383,0.476284376824661,0.40938150032150233,32.531021059041095,58.73030640112589,4.872899483390896,0.4486463878951092,18.062186068561978,360.0,0.6603596498118782,0.5973536292100539,0.67676151881504,1533.135459258856,3629.900626204639,213.1018273012702,31.716813184275665,0.554278403837334,0.5507594093267771,0.5601125381329959,0.21430144097669893,0.7158055216756258,0.6489043933289819,0.843394587523177,0.8517259646406701,0.49810267712389406,0.6235861008921524,180.0,0.5609890555522851,0.5463467517899248,0.410486006172093,26.575422925198637,0.704258526097624,0.7638584008463918,2.342065570555547,81.34081987936783,6.71948076402279,12.103378421409882,5.118781270777836,2.0647294005032952,1.1063108974513711,3.1119553943875116,0.2655123163944583,0.15671080539680796,0.07850484798277443,14254.5108052699,98.10474661308652,public_private_partnership,0.66203051093439,0.47851272441234294,0.3780703570788015,0.34111578773336504,0.14613558346059682,0.591221211384474
QZSTM_051,Quzhou Shuitingmen Historical District,Quzhou,Control Fringe,118.86134174154563,28.96023652644611,tourism_core,0,2020,2018,0,historic_district,0.6933325174707684,650.0,0.7401726067817449,0.5443216328570954,31.264866133756257,65.57327042354154,8.743209742526352,0.6296070595022474,7.510638267768292,360.0,0.8323258286865671,0.7835834841356684,0.959424624085999,1800.0,4500.0,220.0,42.0,1.0,0.8416022480418366,0.8967422920860748,0.26869059426584707,0.8729914966271105,0.7792168439915382,0.9739650503377023,0.9335407030361839,0.6997010323282106,0.7786134254566375,180.0,0.42805488504077954,0.771667351399463,0.5035676645549138,43.726097964538454,0.6594765272265282,1.0,3.948521478166957,50.01208193056105,3.437888523236574,3.240419438540735,3.652953490218451,0.9556631355200205,0.2568074487970992,2.1252531396587715,0.6459041652780522,0.506297294042407,0.42371257565082027,26654.37837960771,130.0734131824242,government_led,0.8521640464921767,0.5878137019389732,0.40525277013982947,0.6735348804854926,0.2640788702482924,0.18677649896547868
QZSTM_052,Quzhou Shuitingmen Historical District,Quzhou,Core,118.87574384206353,28.978289090812304,tourism_core,1,2020,2018,0,historic_district,0.48401736173091847,376.04755194429407,0.6670311610373799,0.4738486963194958,29.285001075696858,83.27414010735797,5.923486201967275,0.5574781485088283,16.651280938988428,360.0,0.7375473185489714,0.5777034297915659,0.853339979771569,1800.0,4500.0,220.0,29.497620012188115,0.7674945385185602,0.4786879192330756,0.6653391452242027,0.2550636483212778,0.7253514363998558,0.604829974759751,0.8180023268226464,0.8019083896135837,0.7108381099576707,0.762042070469546,180.0,0.2848143569340634,0.8687005037382803,0.5219876083698722,31.270155182147814,0.5474935039607932,0.8392647611794165,1.5984837035600659,95.0,5.984597834809431,11.459446983053471,4.514188182273058,2.771948798322305,1.378251677416454,2.9759800277121204,0.4992751492159694,0.24770247452940972,0.22527922277519868,10280.607596873684,203.3178128232847,public_private_partnership,0.7348342644314443,0.5414507705664768,0.7008232422157475,0.48523378495651087,0.18232652628073417,0.2016083017687065
QZSTM_053,Quzhou Shuitingmen Historical District,Quzhou,Core,118.85857527630758,28.968320753700002,tourism_core,1,2020,2018,0,historic_district,0.4471231150888328,426.40828776865857,0.5305095014429989,0.44033545619321074,30.500760804672538,42.186439346021686,8.06985676211674,0.5567397967640839,22.744400726411925,300.0275414040939,0.770565327730226,0.893600871023409,0.6092022458366135,1525.9334328647574,2736.7473175447117,194.15417666336305,42.0,0.5934094339946621,0.5553131920180979,0.7297584131266383,0.5036334311944158,0.6746345482155636,0.7357200262359528,0.867757351698775,0.9707798003405086,0.6652922675920627,0.643658914782449,180.0,0.5114435816419592,0.6044939283966008,0.5370773010079731,47.276384500683164,0.6985458446825791,1.0,2.38118874694926,89.97441557427724,7.722889276243285,11.566328316995723,2.8648297876698754,1.8953304591286517,1.1528544111960715,3.1729765811037964,0.32791344633426134,0.35563264086856805,0.12436517067250266,16067.781341815838,171.85389216830563,government_led,0.8136965477408553,0.5879091136290668,0.16363337748717638,0.3992163264156826,0.3807361719691756,0.23390508528658802
QZSTM_054,Quzhou Shuitingmen Historical District,Quzhou,Core,118.86930571366355,28.974772824061418,cultural_core,1,2020,2018,0,historic_district,0.5232039350008209,267.5872707366658,0.5321185831990319,0.4002342794798518,33.0680748815452,35.19288701577373,4.851065518918794,0.47498136590937284,12.462478142825827,331.3078942862828,0.4963388942046764,0.6531619502651707,0.7406825605946635,855.6953288286111,2477.1495184546443,178.92947594292622,27.97081933544747,0.48987086730468166,0.5001627124018786,0.38255182105162927,0.47448984246053116,0.6497030224189319,0.6511081281703304,0.767188465059401,0.7307935816804823,0.6177282762851257,0.5915284727083454,172.1142052852387,0.5478429808312167,0.43008157989150336,0.45144512697659067,37.55259097198249,0.5993916586361019,0.6600396472497653,1.421412134110779,95.0,6.328674645643016,14.643473193316856,2.814948115038043,2.9496949892542594,1.5447255659316292,3.311755628791271,0.2517187640475362,0.45454005846020884,0.40610931690643004,4973.092915055493,140.9781647990872,public_private_partnership,0.7010172133465559,0.5867120707574337,0.11051084395103505,0.16659450986519297,0.1369733917635113,0.33020644458773585
QZSTM_055,Quzhou Shuitingmen Historical District,Quzhou,Core,118.8558567077257,28.98058480671938,tourism_core,1,2020,2018,0,historic_district,0.351635459606536,487.40932087715356,0.6918050576550575,0.4289219651205298,33.091839401599266,70.76157886503083,6.940950004316452,0.5076307106553364,30.068413571226486,360.0,0.8867422447596357,0.7496078743819183,0.9758959074035489,1800.0,4500.0,220.0,42.0,0.7595442353042166,0.5945738542905731,0.7443645505738135,0.16612177747386456,0.8189665292994595,0.6868711599011477,0.9914861346487921,0.9072752014373245,0.6801209296684385,0.7881393320635433,174.66082459197432,0.4023965866014863,0.7775184633421753,0.4228521746162154,34.400016828952154,0.714439514473361,0.8844665458162502,2.0476245844698795,80.1765078635401,3.0712258666421928,10.258142963627554,4.9676754912069105,2.5692162033074055,0.7475771856749232,0.6151625442428503,0.7617120953633396,0.3348120222516827,0.25397894643844215,16180.96288266994,176.24498815255154,public_private_partnership,0.6240256406832458,0.49407750828599245,0.5562904743948528,0.8158372674504087,0.06772586092058554,0.1264928638997726
QZSTM_056,Quzhou Shuitingmen Historical District,Quzhou,Control Fringe,118.87091540731737,28.964291601334654,local_life_area,0,2020,2018,0,historic_district,0.2202251012300304,292.89872387554317,0.7774082221040585,0.43969095015643983,28.64565683460914,71.44621996712202,6.395843616780905,0.3688144945372049,17.577887386089195,360.0,0.68002571715911,0.8981910360110508,0.8471504842405989,1800.0,4500.0,220.0,34.92778040822118,0.6842164552642,0.48021989688478917,0.5511787706622122,0.6485562005070847,0.6688274252368618,0.6346970686642515,0.8315883039624817,0.8204417086012088,0.5525728250322448,0.5059312048107162,180.0,0.35922860029741677,0.6415284644582204,0.45535193670105545,39.79924832718714,0.8508764496040142,0.9291317559271662,1.4461826955447572,91.81654711235605,4.452852174269675,12.592610572370546,1.6871792570698163,2.7018841142431467,1.6505023493596704,2.9625315435071675,0.5701664273306736,0.258362376343591,0.14916099574835762,8304.01792474493,191.92278216274738,public_private_partnership,1.0,0.6510450273215462,0.5290979594328344,0.5006014219470103,0.1007167267195328,0.2819103268447275
QZSTM_057,Quzhou Shuitingmen Historical District,Quzhou,Core,118.85517338172524,28.979560423582615,heritage_core,1,2020,2018,0,historic_district,0.7005894010557203,505.2913620938209,0.592778717236838,0.35213674724662314,31.863083568974254,44.316451433891004,9.870311112506831,0.6651495317199672,25.98417562240509,300.2467916188955,0.8269206064430255,0.6755125899466011,0.6381387150336149,1106.0568888576236,3173.6197794002233,199.14981351431953,42.0,0.6908565015014897,0.6768158448124376,0.8043061512999077,0.474594917243921,0.7969515062792847,0.5644861182232278,0.7439800890213479,0.8721006263457713,0.4711169684317835,0.521240951850001,180.0,0.48318374832342237,0.6291604584609499,0.31685755325565,31.455362587772274,0.6520441179555178,0.7596250129815783,3.3858351983753137,55.44043266628196,7.900778196671234,7.120951905282124,2.847633430180083,1.1072080767569459,0.4917962781352823,3.4154670263500675,0.19943740439257845,0.43612100905139756,0.34773704466379773,28529.3796303568,158.7758919028546,public_private_partnership,0.6520782273826169,0.45610953600994286,0.28195867940114655,0.25708021036161355,0.25156418084921855,0.2228121468917746
QZSTM_058,Quzhou Shuitingmen Historical District,Quzhou,Control Fringe,118.86102178364888,28.970474898877395,tourism_core,0,2020,2018,0,historic_district,0.3705589616805148,628.2102656922727,0.8678894398521713,0.5567049858503589,29.773268006363878,56.32743034380908,8.903934992777355,0.6280248963771605,10.266060390625988,353.7594996578748,0.747415577553143,0.7541089188478067,0.9117498521407323,1676.4240924189216,3933.974428154643,220.0,35.39254600695007,0.7146709679378282,0.6439739815046613,0.7589139456861869,0.5449320801332626,0.8466020496227502,0.5874610410093225,0.8912113034797203,0.7882346900149197,0.6422444761279698,0.5684311512940015,180.0,0.41169788421100767,0.6058089338757471,0.4532141794508395,35.53571338342616,0.6722824236596047,0.9849155278947346,3.329164838707163,66.84572880260828,4.831856031931568,5.346363820511687,2.610705741298266,1.0064918388225232,0.6174021903292444,1.5386815700907228,0.6033092947216905,0.2772585852946528,0.315555734255869,28628.67891342288,160.37249573859268,public_private_partnership,0.7672626489810804,0.6307944462830202,0.2349510141312347,0.6594058224688584,0.0,0.10064708148654125
QZSTM_059,Quzhou Shuitingmen Historical District,Quzhou,Control Fringe,118.87738811768381,28.972403811803925,local_life_area,0,2020,2018,0,historic_district,0.44734871195468134,540.0454632723249,0.6264162356750519,0.3389051718875681,34.752730786147296,50.34990255909147,8.763878428686349,0.4834062290032641,11.982096311346032,360.0,0.4528747256704651,0.6767482795473813,0.601613941738914,1136.0833667357992,2868.5167469453304,220.0,42.0,0.5249119762631103,0.738157562667235,0.6794731566754142,0.5341029753822626,0.5653068857236102,0.4914314605348917,0.5588698924592818,0.7030056787835373,0.45494450687560445,0.5451803029904543,180.0,0.23534976306940228,0.6567101943057889,0.38541161683928266,33.8799921426529,0.7267458210640617,0.8067330448865442,2.605039800309644,61.74198263927012,7.727590673171459,5.76316258327696,2.352902739036067,0.8019819034236726,0.7195248705900328,4.051346540338008,0.13253910909456088,0.29860036618737723,0.2596804803782327,18533.30205632261,203.63725864404944,public_private_partnership,0.651459406597537,0.5735264259818579,0.43124440414338383,0.17914104821403326,0.34955659772906394,0.18995721342117516
QZSTM_060,Quzhou Shuitingmen Historical District,Quzhou,Core,118.84286659934864,28.97657863575285,tourism_core,1,2020,2018,0,historic_district,0.7207426399281361,482.2606735915225,0.5373839275271521,0.45360054408761813,31.062083444440415,70.7808248457201,8.041742700556037,0.5409139214324316,11.306353504557226,360.0,0.784944238294822,0.8356198030109083,0.8002964869438428,1800.0,4500.0,220.0,32.3578083680641,0.6785215236325142,0.6913080314739648,0.721668740673169,0.46614584855219754,0.8543868924172288,0.762510733861825,0.7687199261680477,0.9136698752711145,0.647157262822579,0.5977407830701011,180.0,0.5117730576196436,0.7298220822109843,0.5698284300571848,47.316499125114454,0.8221443473411463,0.8577777798824459,3.5331389716152755,70.91414676137587,7.017284756078766,10.51599474608292,2.9474214292104066,1.318410866543474,0.8494235251770986,2.6920370358845678,0.3711675952477672,0.7033850809757491,0.37724951558164943,22921.12113412393,131.2309770055291,government_led,0.7592665797584919,0.5077241088163257,0.508496987754169,0.39839876597068163,0.1655966382580105,0.24299097407621945
QZSTM_061,Quzhou Shuitingmen Historical District,Quzhou,Control Fringe,118.86950651209402,28.9709039051509,tourism_core,0,2020,2018,0,historic_district,0.528849150388087,316.2923300267661,0.4672012915978778,0.44728609889357684,31.23921299099395,78.76122343971473,4.2898725418482915,0.3795541163616166,13.307239165409676,360.0,0.7435731160236991,0.8044611841712381,0.75837507413338,1718.5137019735273,4500.0,220.0,27.527033250278457,0.49212151395010517,0.38066822669663813,0.5913625288868916,0.5185313622262684,0.795993735052632,0.7068376897076128,0.9618015456881042,0.9389517001234573,0.43954370332996273,0.6819887802681219,124.80993551980487,0.3389818943749145,0.6717693028555255,0.6118448152837594,39.534587568720774,0.6567776039179148,0.8327148623413809,1.8160943755045456,93.85954928751741,6.595082645756797,17.03283872473617,2.0777206795134373,2.1362889367008617,1.5022041118361034,3.5816876340158816,0.3050141201187973,0.32304549764880086,0.2385237930003901,10391.541374315897,100.40151279160472,public_private_partnership,0.6929276357368328,0.33326270712213724,0.6211855699819808,0.30054788909599034,0.32831626729851116,0.4053732477350765
QZSTM_062,Quzhou Shuitingmen Historical District,Quzhou,Core,118.84273321332277,28.98455474065132,tourism_core,1,2020,2018,0,historic_district,0.36412782171618124,288.9795239272455,0.7470633838411932,0.6124416970026663,28.658095267767106,52.72249557157613,6.319542462356976,0.4054493500508462,34.271103360042986,240.65773637094176,0.8442522827006261,0.7552874574190291,0.9398281521895189,1800.0,4500.0,184.78162479409636,42.0,0.6495931552315216,0.5236105553788036,0.6632757602286484,0.5835227746463254,0.7714666655687472,0.6294679954546565,0.9060702479417735,0.9298438801298765,0.695102947653424,0.6163440205689792,142.2380254308654,0.4508495849309871,0.6399954643089147,0.46673483968759744,32.33651852133276,0.5485102282328223,0.9778824220315449,0.9141766028288808,95.0,5.336066794180517,15.21273728342869,2.0787435459324612,1.952190172338598,1.5948106581057535,1.751108960056598,0.6028931007627731,0.24969101802549995,0.053674161025352225,14221.512114750569,69.40173890223507,public_private_partnership,0.6720902847668477,0.2977744699047402,0.31376601541537935,0.657558392846657,0.25353235813677677,0.38866416626286715
QZSTM_063,Quzhou Shuitingmen Historical District,Quzhou,Core,118.86254154331559,28.97158128287749,local_life_area,1,2020,2018,0,historic_district,0.49658733187337334,431.88240143864505,0.850105125659019,0.576647431764633,30.43168573174296,73.01673852767209,6.053407817219286,0.4552226929219252,25.93748768108573,360.0,0.7745462643687699,0.8498570448336578,0.7632054007967228,1800.0,4500.0,220.0,42.0,0.7643735393099843,0.5939899415353826,0.543960242563038,0.5576732193119003,0.8220856615517458,0.7486425343141239,0.9023552968990765,0.7927019908516253,0.651896012490121,0.6644787947159283,180.0,0.5078674885127438,0.7358740371873447,0.5030318468542899,40.069277081011734,0.8056886622761599,0.8802872085895945,2.7659229329706063,73.65054180096227,5.801563914653455,13.397267617103433,2.675428949640898,2.385153009964787,1.3137870663057292,1.8388194893079135,0.5158105127395379,0.3841609148740705,0.245509547232562,9806.164521749088,132.04036574206214,public_private_partnership,0.9837887579605354,0.47077899797921985,0.5541067906991607,0.4804741894021985,0.25510428747346603,0.344118910618509
QZSTM_064,Quzhou Shuitingmen Historical District,Quzhou,Control Fringe,118.84092175756761,28.964217761247752,tourism_core,0,2020,2018,0,historic_district,0.17165025342636459,472.9801488720081,0.6351215186053784,0.4952943536396209,32.713024303281586,29.00949333360332,6.276564134236509,0.39641591325893033,2.7189936878454137,217.5115945708138,0.5574489764346618,0.7968550628080282,0.790551766744141,1286.204834709205,3382.809449281871,160.20997949309103,28.897795365808438,0.7206877294349692,0.49324405462915893,0.5818894718651698,0.2958622475429603,0.6845590393492504,0.612622153323816,0.814589888221142,0.7352754716933921,0.510200472037609,0.532268658794258,150.22601662499824,0.2815721015335499,0.47089129771509386,0.502716517376445,39.93062416247896,0.7075799328639075,0.8102411533599643,1.9572624527715494,76.60184364663081,6.3554253694971985,10.20671228498429,3.4129961164764633,2.0600453320584835,1.2877608608695268,3.2428573847468227,0.3937634498121073,0.11502925683466121,0.03403953977904567,16934.934311983412,99.45159803109708,public_private_partnership,0.7697501617688705,0.33856882144834505,0.18186677331211137,0.2678864280711667,0.22515185795569584,0.17901914131245558
QZSTM_065,Quzhou Shuitingmen Historical District,Quzhou,Control Fringe,118.84381606097752,28.98570242801308,cultural_core,0,2020,2018,0,historic_district,0.4368790817277944,508.45150830049283,0.7789872475747968,0.572998264943673,30.275154609936763,57.1026862441272,9.819414073152402,0.5095070447870684,17.5682269947458,360.0,0.7987676747491861,0.7388770102017793,0.9743565380152103,1800.0,4500.0,220.0,42.0,0.669224297828895,0.8005733252652679,0.668844328081594,0.23505511669946785,0.8481629359847171,0.7620389170040685,0.7810541527613425,0.8653142977156197,0.7227940380577246,0.6572844498660437,180.0,0.5654635545203761,0.4840604518300968,0.6636465713408315,32.22386055936625,0.7061593305610762,0.8246847021946506,3.442048848072213,63.68640148622032,4.111299643015178,6.155383604330744,4.27647009882694,0.9369154181082318,0.3236399264157794,2.1953279451885903,0.6657777709979403,0.3811672122459078,0.40031603271297883,26532.575221683524,244.97004052568138,government_led,0.7249660247288446,0.8389108681717606,0.2048710695071263,0.6411242313008618,0.38526010339360317,0.49313701792831716
QZSTM_066,Quzhou Shuitingmen Historical District,Quzhou,Core,118.88276410749955,28.97642283936095,cultural_core,1,2020,2018,0,historic_district,0.34770634197677475,370.32974009297453,0.6781721717820136,0.6092011658104465,28.040230173389958,51.52386748534117,4.908563995788567,0.5245249670200703,35.0,360.0,1.0,0.7560625554422287,1.0,1800.0,4500.0,220.0,42.0,0.5673172072861502,0.5414323843836635,0.6878586286158219,0.48566055615211895,1.0,0.8884772455774818,1.0,1.0,0.7825507746170328,0.7875864391647892,180.0,0.5980732694997063,0.6753124611643618,0.6662262447950108,42.480705170237876,0.7876122998653415,0.9139045984301919,1.112830466750543,93.26151103847158,3.654020442451504,15.991748362433425,2.7955473655447727,2.6285037337382278,1.7282216411760964,0.8424821677662621,0.8163927886639213,0.24169703954027377,0.38236703380819065,10569.260663217014,240.49133109302562,government_led,0.8442810801509706,0.8092616347111282,0.3223981396185302,0.7234415448043884,0.18948556806559202,0.15068598018243728
QZSTM_067,Quzhou Shuitingmen Historical District,Quzhou,Core,118.87453891755848,28.977629261160807,local_life_area,1,2020,2018,0,historic_district,0.8614431043031969,514.006318941216,0.6869519194651693,0.5596237616795315,31.89700821701005,59.87241860591773,7.810052020721169,0.485271057701223,35.0,360.0,0.6626016994735547,0.6303369018150909,0.7305971885143444,1694.2975271431678,4276.359941733524,220.0,42.0,0.7895051825867591,0.7426289551209329,0.8664371904334676,0.41115881598215587,0.9072744828760148,0.7781330453284262,0.7082790108977206,0.8351118423906412,0.5259991233107107,0.6786973626231623,180.0,0.6653479577167019,0.7068526090358869,0.5910058244160626,25.331932311798735,0.5859369629409156,0.8880929370939182,3.0816944038477008,57.27102819081287,5.038320904402198,7.4137620496582,2.6931168371888026,1.7590284148907642,0.7872787441631054,2.618631345007307,0.350655396671718,0.5528473983169073,0.732445913925431,19537.204851691124,226.32905466005684,government_led,0.5597786653317882,0.8233775054730939,0.3072616158001613,0.46812317380375074,0.1254072663210394,0.119804668905548
QZSTM_068,Quzhou Shuitingmen Historical District,Quzhou,Core,118.83932547917333,28.96499050999849,heritage_core,1,2020,2018,0,historic_district,0.42207945424846643,338.23742991051296,0.6819038484462063,0.516004610640503,30.91802041993045,42.82480478152701,6.802996853251356,0.5079593147331176,22.60723169474467,360.0,0.7945593578710761,0.5968731230664335,0.7773157408166702,1624.0276060624797,4364.542288999846,209.04261026753747,42.0,0.550983746041896,0.6649976124546026,0.6330926285510744,0.26183638639026124,0.7019614891543667,0.7370130171908763,0.8558866658947223,0.7052700167760573,0.663109754214806,0.7045525366492456,180.0,0.6234250990877562,0.5465486350100449,0.6797639793339689,29.22405781847189,0.5405061139941973,0.6650189255229665,2.7957575134115205,60.535353804096204,5.188459386175893,8.465514674116474,3.973563516807849,1.5215246331179977,1.0018419856366785,1.405641382935147,0.5754887187173436,0.24178915063541934,0.3892482677399703,21560.40273901795,217.0396740332559,government_led,0.4351328993634678,0.7198650516241595,0.21121803184499421,0.5205407672744871,0.0,0.3834339051648938
QZSTM_069,Quzhou Shuitingmen Historical District,Quzhou,Core,118.86236371483125,28.95468571966017,heritage_core,1,2020,2018,0,historic_district,0.6536686989036222,294.5697811979833,0.5713001918576215,0.4721396128517643,32.0464953583584,51.99350819178204,3.6195821370149996,0.5917283144213601,9.423593809459938,360.0,0.6879449562274993,0.9249162785567985,0.7679447887724958,1376.6986437367684,3534.1595898568485,220.0,28.67888695931376,0.5273611425885729,0.5059160091980656,0.6622597419208807,0.8141298934968051,0.5456097123573643,0.648799439292667,0.8084516947608903,0.9824157857415139,0.3984095139483357,0.7982484296984096,180.0,0.46791554956855586,0.6020509067522382,0.44447511098203174,48.0,0.7722692318164796,0.8818315233719529,2.551461568297399,83.48365690807529,7.167856887982649,11.913372030108262,1.6736056972928464,1.6405734785156825,1.4480851940613297,4.1509360008770155,0.221317687314065,0.6935099810078262,0.29960237191487843,13608.627423324193,176.52976422713945,public_private_partnership,0.7869484453068739,0.5489536209968432,0.3886121449567358,0.20743219756624973,0.05784688466222293,0.106026175400068
QZSTM_070,Quzhou Shuitingmen Historical District,Quzhou,Core,118.87120626408793,28.97310225754994,cultural_core,1,2020,2018,0,historic_district,0.5446818750378412,416.3326148584073,0.507408091637467,0.30299577315390386,31.506101096985798,52.45214524558531,6.673264649268894,0.5088481477953598,13.275793090277553,360.0,0.7129477080661742,0.5562127031517021,0.6045879464955086,1800.0,4447.91126486797,220.0,42.0,0.6521477848090056,0.5892891917541714,0.6479983101110739,0.357473276207589,0.706573936056674,0.5585462925396434,0.7767930421113182,0.6630131413992776,0.3191662614947832,0.5471441773201635,180.0,0.17905998086876004,0.5884715400850061,0.4041187043108118,22.848353278329796,0.6408793663338083,0.5709131195043197,2.680783678364821,47.160350841603446,7.647540965014905,11.492953402032711,3.1266125613009255,1.054268651099731,0.5228204030975153,2.959038731799692,0.2906960290803358,0.33247825593514124,0.1893198997662609,17844.376093341387,122.14119869470342,government_led,0.6955880154208259,0.38119862561253315,0.6213351536853424,0.3010759305889698,0.19268670175862418,0.4671541049611137
QZSTM_071,Quzhou Shuitingmen Historical District,Quzhou,Core,118.84266535163358,28.971125529498977,heritage_core,1,2020,2018,0,historic_district,0.5702699401567562,515.3954875689197,0.5024583514402242,0.3349955492507092,32.13651226427614,58.259115595793205,6.368747598101113,0.40314302603899954,33.63637689161726,357.742932924091,0.8157742005203403,0.7317821069142628,0.6667665377291385,1229.4854265752301,3455.363769158391,210.41739585952718,42.0,0.7775079995288223,0.5879590584176656,0.6929016998078887,0.4279411540579522,0.621090470008553,0.6513085973317743,0.6617402589676387,0.9131506945162337,0.4597077831938816,0.6215509671685673,176.2006644836876,0.43312005998860226,0.49568590876473834,0.24176716147724972,29.878033845323866,0.7061023608169997,0.6579499170066194,2.944362641380822,63.3332546718872,8.40506354409904,9.023361045690718,2.6348605383620556,1.6886966238199403,0.781340351058899,4.190418929885658,0.14765109115172742,0.43440571999390626,0.1977448487476661,18361.86928861658,90.0611806769339,public_private_partnership,0.6477089517611094,0.3597157995413266,0.43654383751608056,0.3113296630285566,0.10116231762366505,0.2789193638984114
QZSTM_072,Quzhou Shuitingmen Historical District,Quzhou,Core,118.87169076085002,28.971018239399275,cultural_core,1,2020,2018,0,historic_district,0.8370007257798805,530.088985960709,0.6829851050711413,0.5298823160184992,29.654642140344933,54.73313070110787,9.921398736194277,0.6057023095290579,17.212308685233356,360.0,0.770475028512102,0.7296371387509263,0.9649752028034198,1800.0,4500.0,220.0,42.0,0.7682575114078553,0.7680556846356091,0.6865624673579106,0.4185697658331181,0.9383385565673653,0.7236892624093406,0.7904863123248037,0.8688745680245262,0.5616276628897562,0.6575021896488608,180.0,0.46675024597280595,0.6898088358332728,0.4871793568694217,31.752289852295263,0.6398921990490899,0.8692443131633093,3.0186071243373647,49.38978704060792,4.268084879519533,4.510472461388982,2.5172555114003727,0.861512027357959,0.3870797715310243,1.613613758628815,0.6505570778958304,0.7297389606192709,0.5802941564241088,28851.09948191773,221.4123872677416,government_led,0.7348192919344094,0.7682277200323102,0.4650158901369399,0.774363568531646,0.0834980534580514,0.30651993199257216
QZSTM_073,Quzhou Shuitingmen Historical District,Quzhou,Core,118.86727391389064,28.974923816699828,cultural_core,1,2020,2018,0,historic_district,0.7652208887262126,422.36579107254215,0.3507241823245334,0.47831794205700706,31.87887168467477,90.0,9.027417428303817,0.7172875154128613,10.089327349804963,360.0,0.47195446193812535,0.5853372878602936,0.7331646433959108,1800.0,4500.0,220.0,37.506760293277885,0.7105336334066416,0.6548008899559031,0.6555023495632252,0.24400661010976032,0.7204565805326045,0.609556481551106,0.7576763887714023,0.7869457766046977,0.2531992765968528,0.6987023049544985,180.0,0.2817427609537101,0.8414670815188017,0.5034568328654397,32.91337554503612,0.6039485097587074,0.5556669604769334,4.041362662715436,48.80016331725346,6.016110758430528,6.610012304109201,4.261859748552184,1.2640394349370623,0.6811553466657596,3.700373555467866,0.26431254734879533,0.44435269574489594,0.5466595777265715,20081.901447922806,188.68911365265478,government_led,0.5183310837543029,0.7450809436973578,0.8698355564345767,0.38898371353949884,0.1333581486932248,0.36288365829388924
QZSTM_074,Quzhou Shuitingmen Historical District,Quzhou,Control Fringe,118.88290148350532,28.96030654442257,heritage_core,0,2020,2018,0,historic_district,0.3385738968430442,442.20805750377025,0.809601326179,0.6874210006526551,28.66092612683836,59.64423761245722,7.472492513225828,0.5873525208942478,22.861876261169787,360.0,0.7592997925764778,0.9099098728512025,0.9709893930991746,1800.0,4500.0,220.0,42.0,0.6604732506828994,0.6627873136296999,0.739426997509749,0.3954058896397316,1.0,0.7713481200891553,0.9457288994666506,0.9179652956454277,0.7870008548717857,0.6854473216348711,180.0,0.39119602720158353,0.6631028362837535,0.4292072663676249,43.92355518045972,0.7143586032881736,1.0,3.5867691909701813,68.5738999943914,1.9568413024962754,11.526901905137112,3.9201547779274746,1.1222094082722558,0.8779017052912267,0.41171213063247786,0.9247944146319017,0.2184207377660109,0.29864452892752624,20928.960291705258,189.8110587096798,government_led,0.9509357948601924,0.7548721762273674,0.49524688377502024,0.8213705011034457,0.06714816931693673,0.22689535585730478
QZSTM_075,Quzhou Shuitingmen Historical District,Quzhou,Core,118.88889839443416,28.97640649985153,local_life_area,1,2020,2018,0,historic_district,0.1262574110017242,510.70415771474245,0.6846682368521125,0.5424973581435656,30.89931708977216,52.810385503712084,8.079778198794628,0.6534969730269315,15.146221834661008,360.0,0.7169719469380561,0.9121421097919193,0.8455980230629502,1800.0,4500.0,220.0,42.0,0.7354060058351125,0.8011372859804906,0.793077719894295,0.3619730238400704,0.8749069317111058,0.7030946453087832,0.8235798883461389,0.9250478663520675,0.6864212074358174,0.7677799745444153,180.0,0.46796245574477846,0.663283250929033,0.6396950167694946,48.0,0.6969114709458699,1.0,2.76936158039502,69.3832682241788,3.0739445960295635,9.470466351326678,3.769159768470849,1.2517408693832408,0.37747695657892727,1.3083372166533624,0.6955226201170345,0.22154595872975325,0.12250350138466791,22396.81638199455,279.87664489986923,public_private_partnership,0.9427468616946283,1.0,0.3321640908085746,0.613233748168023,0.18634377150895753,0.12269046987866497
QZSTM_076,Quzhou Shuitingmen Historical District,Quzhou,Control Fringe,118.86983227544229,28.971634131489242,tourism_core,0,2020,2018,0,historic_district,0.7906276065739009,225.52849836237124,0.7067808657992012,0.485684713355777,33.238122169934314,69.04040989791697,5.372461980763699,0.3715817655248842,17.501697686928154,333.19691527760557,0.6758369436377186,0.6463847557232263,0.9191755611973839,1697.793360636507,4396.439010914124,202.85733648649907,29.962567401225577,0.7143532132708915,0.3779138494950191,0.6758616800949618,0.05290190945855572,0.7442277439288267,0.7217185447915311,0.7864665344686664,0.913114387636967,0.6536438764261085,0.44390087101273595,124.91788380655058,0.43707364551567895,0.7092349923796389,0.3594238969774347,36.48307728102435,0.5814069925699787,0.9329843609483417,1.6119669994559824,95.0,7.838370270481399,15.247374501009707,5.5,2.787457493208351,1.4760840397037616,3.6584640616423156,0.3176284595989539,0.41873887051446457,0.13456834675257182,12515.3671587754,61.21999976901773,government_led,0.6169707882787506,0.20315450036240873,0.45815758134688256,0.3085643128109535,0.142141445654832,0.3619364052677338
QZSTM_077,Quzhou Shuitingmen Historical District,Quzhou,Core,118.86462949395589,28.96470655782852,heritage_core,1,2020,2018,0,historic_district,0.8267145585723196,459.361788384294,0.4786380893266023,0.3745997020423297,32.62242615924206,41.224956635832356,6.591640464141145,0.4656720988520687,10.571612906987859,360.0,0.48047517415054775,0.6282309543374173,0.6242391947399207,1016.8558061992762,3304.7426663858464,220.0,31.39388118825309,0.7984150950996767,0.7740835694062188,0.7273180543660035,0.4911991631347481,0.6249251086405991,0.5966638928429483,0.695400810451981,0.7302408558150713,0.31209756504368813,0.7526415311904049,180.0,0.28388057115903687,0.5957761795223624,0.5282753200911756,25.847471435506716,0.6238903061691756,0.8407917265714062,3.4177060241300623,54.80668734784667,7.238802893898442,7.401009701705344,2.784324348528185,0.9866035150843723,0.6667393887440589,3.795936749920296,0.15938224649566496,0.6048587050906881,0.7025480313146302,27444.396367863465,238.9311153606722,public_private_partnership,0.5596635780018209,0.7711547218154519,0.33652034373609946,0.19674113938799384,0.3837926049188068,0.2552585991847817
QZSTM_078,Quzhou Shuitingmen Historical District,Quzhou,Core,118.8613213753605,28.95632486886131,cultural_core,1,2020,2018,0,historic_district,0.8087888278853933,494.2162532845846,0.6909421435636749,0.4866459203098038,32.369819282265624,78.37419974083511,7.595767565371946,0.5468855780949446,20.428707865026865,360.0,0.7431510767323701,0.914450897938863,0.8376635547229022,1800.0,4500.0,220.0,41.88435833530496,0.5942551921832318,0.5856980296196717,0.5183761331789165,0.34715912778464864,0.6329814944485199,0.7458733598102953,0.8525010797002711,0.9759180578806406,0.6597012320360143,0.6746181721378832,180.0,0.40071911203216987,0.7156081733266648,0.4441058177631849,43.576085924666025,0.7873489559673422,0.809053160925916,2.531717320488932,77.54984686947085,3.3827925802211283,11.627675818178817,3.8449912751423327,1.4311755824399781,1.2303700286040848,1.2673808229756982,0.7246187584023033,0.8242393191669783,0.4795383267501844,20225.182785960915,207.9708735042225,government_led,1.0,0.6440771878909255,0.6044040116712258,0.6243165131373488,0.12197200433674674,0.23413070133661953
QZSTM_079,Quzhou Shuitingmen Historical District,Quzhou,Core,118.87726049341012,28.984689236024636,tourism_core,1,2020,2018,0,historic_district,0.4251776033188815,315.47220823709404,0.5810461137822813,0.5004298543174406,31.249250605934474,67.31506028228945,6.324667323432501,0.5716310202069961,12.06919815441874,360.0,0.6826798737649735,0.7148609891391476,0.6839603915218422,1800.0,4500.0,220.0,37.49146628126229,0.5829072779425922,0.575707703733804,0.5352528170092617,0.3698771881629594,0.7496094384759459,0.6449168764077049,0.8348391475859331,0.6981228229612122,0.6349768048790245,0.6451570763502547,180.0,0.3704451276916977,0.7710951455146774,0.4193494181002857,31.204733390704188,0.5410734608507121,0.6563970236717509,2.9231144866723575,63.66674623140034,5.865513701049736,11.533034780568691,3.393319280343149,2.2449870083495638,1.2364659386576546,1.9417437778211015,0.5358525285386474,0.3372955537403536,0.27417230181819074,16006.037754866427,203.84084960597852,government_led,0.7269624983902937,0.7408991524170051,0.6490650033653287,0.47704059451590974,0.43754112086018737,0.33966160508523074
QZSTM_080,Quzhou Shuitingmen Historical District,Quzhou,Core,118.86707431650916,28.981289890752322,heritage_core,1,2020,2018,0,historic_district,0.5554681987981356,454.4004041041281,0.5622984096354726,0.3790956982817282,31.833718553508987,86.25652742607753,6.404447067240753,0.5821001950971494,35.0,360.0,0.6207645083600031,0.6182409561086017,0.6758029339708511,1800.0,4500.0,220.0,42.0,0.5841098035049122,0.6673994197503764,0.6142621449400406,0.5496937920733193,0.6100718141427686,0.4990744142737302,0.8094675394383062,0.7134194761283065,0.4462910046023101,0.6096306329038875,170.28744731788902,0.4028659931472504,0.8026663699475519,0.29099641473857674,30.26132379200982,0.7622253064787478,0.6477990696391858,2.3460730936429055,89.2343199530942,7.572164764531627,12.45695315259339,2.6289386203922773,1.8508315161192286,1.058331252787466,3.759339301324291,0.22599142257830146,0.2412755231174113,0.15628943081306412,18070.796086687085,131.40755787687215,public_private_partnership,0.6556476716966546,0.35396985033524536,0.862254209034602,0.22410142234383995,0.20508825271155862,0.20333297867672678
QZSTM_081,Quzhou Shuitingmen Historical District,Quzhou,Core,118.8430404897261,28.970632044431166,heritage_core,1,2020,2018,0,historic_district,0.5857741044004284,545.6551737129862,0.8178178436825744,0.5840015167500057,29.53618967796941,74.75278568637266,8.607594622217297,0.5457543812593165,15.197254419604413,360.0,0.7802985156191403,0.7324478123854147,0.8453498778451863,1800.0,4500.0,220.0,42.0,0.719248317988074,0.6170908749053702,0.7269195086968092,0.22607305440944359,0.8913370929076252,0.753464677374605,0.8935424386035905,0.8290192139719936,0.6040813448337364,0.5521845726992606,180.0,0.4273996580711249,0.823054386541285,0.410897579981566,33.38704168357562,0.7434586600650643,0.8066400740996261,3.57505745828232,60.444272011648394,5.329284380758876,7.46397489276429,3.8943903380929106,1.5764747827567025,0.5777916496832978,1.8180451183187167,0.643472924927138,0.5742882333195161,0.1348995629260379,27034.620705693345,108.15466316834475,government_led,0.7687614375415704,0.2960323416614215,0.6801609014675358,0.7786425762325995,0.15433185564061716,0.2938503484332705
QZSTM_082,Quzhou Shuitingmen Historical District,Quzhou,Core,118.85539386330402,28.96403658237283,tourism_core,1,2020,2018,0,historic_district,0.8515886909054716,349.678799452805,0.4580336265046617,0.6155786787257731,31.531206186171282,50.17582264402212,5.756178584698559,0.7620863215507077,8.851643237589032,281.2627768936059,0.5327321838723214,0.7095860352751238,0.6170210552217897,1224.559799321427,3829.863370263833,157.2966073732292,24.73762630149995,0.5658086097898805,0.5000121657641878,0.6482995702296431,0.4357653740446856,0.5175794543634444,0.5946984767983285,0.8836984750066248,0.7665270126095305,0.36982436351800296,0.4505637757423748,158.41897603916533,0.2642953986581617,0.4078651556357407,0.33475460053755923,39.754000269310694,0.6537039277774829,0.6690553395618628,2.714281508772663,87.01171194605004,6.513114806125081,11.875595124584795,3.5316366579669842,2.167140984198215,1.0664525037921926,2.710292833482812,0.3692408239145691,0.595808261702031,0.37638901005490455,12552.691398165085,112.58430203625592,public_private_partnership,0.7655728132307064,0.38945080375300156,0.31778535990890733,0.5403038743795006,0.0,0.11726970308478156
QZSTM_083,Quzhou Shuitingmen Historical District,Quzhou,Core,118.87589547294778,28.98757597382908,cultural_core,1,2020,2018,0,historic_district,0.3630457042964765,533.7773562329226,0.5438921120194723,0.4617162451489059,31.336432697262346,50.605396763490084,8.342173222044742,0.4353959520911562,33.45456053332765,346.18245534040153,0.6544626155108861,0.9137593493468981,0.7650480319185659,1800.0,4286.394054664984,207.7602752283042,42.0,0.7776535013568251,0.5919472304367106,0.7604458254028005,0.26036410866354953,0.6528231031186836,0.6655672094136929,0.799774537964616,0.8703648007407584,0.450810178751042,0.4993009080807786,180.0,0.4148785104278486,0.6082214002475346,0.5283804623523933,44.0478927873883,0.8323171041086356,0.8548610508357999,3.0274323995786387,55.301471209600074,5.884645541838186,7.010269301541265,4.609054596851165,1.0505977686851404,0.8716548654792088,2.806195676841846,0.53469885685329,0.2570067925568575,0.19814642107420855,19645.23067328431,165.0042443656425,public_private_partnership,0.9170916773135087,0.5822132945402098,0.3021549488954925,0.5559643750051593,0.11482185615622814,0.13951120031486863
QZSTM_084,Quzhou Shuitingmen Historical District,Quzhou,Core,118.85562291480397,28.96717939740997,heritage_core,1,2020,2018,0,historic_district,0.39700743565705365,488.59576399894735,0.6192180004091915,0.43680404651720534,31.56923249512192,90.0,5.495395112859672,0.4944884012704651,19.911665614401553,360.0,0.8541274689451384,0.8752615018033498,0.7518918427966808,1800.0,4500.0,220.0,42.0,0.8551791336225051,0.5528256131564859,0.6172825823643544,0.4763630409214567,0.691813450715442,0.5732775377752617,0.7564552342279346,0.9332348302325364,0.5187263800700085,0.6568705570463254,180.0,0.6229062777392012,0.7585730365064313,0.6037840516376096,39.34532389245782,0.8069387990501093,0.9736359006806472,2.526687041283934,69.39886891745992,6.992378763986439,9.657051170599143,3.4066847150377666,1.4383022102008882,1.0136539632508348,3.4795576265274724,0.37637134058728766,0.32931588001926065,0.18992941090422255,22094.270419953802,169.92068215981604,public_private_partnership,0.9918797768558589,0.6986674564646794,0.7072797386903504,0.4826960975273735,0.3115318389923171,0.097432187164985
QZSTM_085,Quzhou Shuitingmen Historical District,Quzhou,Core,118.89051954792086,28.99907737967255,cultural_core,1,2020,2018,0,historic_district,0.7566953747976669,390.8487781908451,0.5134468159591821,0.44367500430973295,32.00288593929523,48.3117355378536,7.903824643676667,0.49672762686618843,17.043872742506558,304.8957197006878,0.5226673011581987,0.7296412664901959,0.7577385351051191,1800.0,4500.0,208.2652577423457,34.24256491729476,0.5435386564313208,0.6765746661726071,0.560280015057974,0.0719810309118224,0.8588090560761403,0.7536306714609663,0.849896070275585,0.6849901762375954,0.7285723938933008,0.4260299248655489,180.0,0.36022027304943044,0.48155400741482807,0.45756110866249333,33.3850259282536,0.5821714094309337,0.7148097430604035,2.9984126292383646,67.7550988492103,3.5114493656267025,10.736090637430188,5.5,1.9572407342840517,1.0147145142585747,1.90361595563361,0.6777316890032485,0.5943417071345358,0.3804324404469668,20277.345392098658,127.85374469868054,public_private_partnership,0.6755753816494481,0.43636964451021376,0.43474658875208183,0.686703344031589,0.0,0.1224371444809848
QZSTM_086,Quzhou Shuitingmen Historical District,Quzhou,Core,118.87097369790283,28.978017347903656,heritage_core,1,2020,2018,0,historic_district,0.7117814963169832,650.0,0.5798551758234072,0.49477775245103905,31.904764573163117,56.846569821109405,10.60288402548947,0.6648184614523162,35.0,360.0,0.8952437317548453,0.6424573777164261,0.7560722066571695,1800.0,4500.0,220.0,42.0,0.9190382940893206,0.8339719307190654,0.7140196073509801,0.3459528880772245,0.778022793503121,0.7875997590407267,1.0,0.9024252340190081,0.6948676546169769,0.7314931921338533,180.0,0.4225958946998834,0.5278098184143695,0.36843491000813766,32.48688463177206,0.5845210092867147,0.8240302213078315,4.1106599233178915,30.710854114608782,4.891928252451816,1.8858621881822493,3.470245943842639,0.1,0.4154946999882861,2.5230635336809883,0.5276198959897379,0.412399519757387,0.44793484576318293,29995.103763150906,175.4818889969065,public_private_partnership,0.636493678415414,0.5608054261918797,0.40299428898237716,0.6739184219050773,0.2694818782561065,0.22555732322412433
QZSTM_087,Quzhou Shuitingmen Historical District,Quzhou,Core,118.85104322714555,28.97524512749521,heritage_core,1,2020,2018,0,historic_district,0.7201165394846265,496.88362818316494,0.5849126414555645,0.4208938392985175,31.543224412448247,47.301633679645015,7.18809287143903,0.6452710132661569,24.891980475626802,360.0,0.6505582495683515,0.782794941239583,0.7043756401407962,1800.0,3744.3286230430303,220.0,42.0,0.6111110529958362,0.6402651074876208,0.7519445261129718,0.3903385889849908,0.6033290143467471,0.647769634927383,0.7368466715861832,0.8384931478286398,0.4657257033361953,0.4542611896020967,180.0,0.4996415159628176,0.5781237125896312,0.5035254101926072,34.590740997815004,0.6417671326659513,0.6989667214696825,3.0437779552594124,61.32220001022843,6.777766281005786,6.309259708608261,3.694396726977049,1.8396314234636575,0.8363152888402801,3.093683577646477,0.3699458755852785,0.5427835797619324,0.5989605599358774,21911.27365157434,238.80314767760737,public_private_partnership,0.7320542748231929,0.698004769042977,0.44820191643440965,0.31451929411194024,0.18958450730253756,0.3194068378811745
QZSTM_088,Quzhou Shuitingmen Historical District,Quzhou,Core,118.8628365492349,28.985747185103207,local_life_area,1,2020,2018,0,historic_district,0.6568863272224638,650.0,0.7802876850124218,0.532505550458481,29.470315059117766,49.238976072830276,8.304187693446952,0.506597913227766,25.742150994914148,345.08177996498404,0.7962484543353286,0.7963812519688251,1.0,1800.0,4500.0,206.15358832749274,42.0,0.743324956135837,0.6651544840663843,0.6716121653406908,0.47582213346355806,0.9323443558009672,0.8900169833403503,1.0,0.9470742944822749,0.7755989443127325,0.5834663051142054,180.0,0.47091903603094915,0.6105235590227296,0.6354134576320053,31.051654893002972,0.7634056389473227,0.9902714171244059,2.9902261255356652,58.057028641516496,2.6408387739565367,6.639611865435694,2.0396032981686782,1.3116974960815633,0.4987115176423616,0.05,0.9197531051701189,0.43653538546899084,0.3306761374399064,23861.43663833337,200.87726712704674,government_led,0.8265797307086705,0.586759300296358,0.13544328972739525,0.9926463761841986,0.0,0.10496374210801923
QZSTM_089,Quzhou Shuitingmen Historical District,Quzhou,Core,118.86742749776745,28.968718318103747,heritage_core,1,2020,2018,0,historic_district,0.8155109353994523,438.7039911909501,0.5663719809166439,0.5209465495745832,29.19367753937739,42.67544134665855,8.961760483399708,0.5556085479283972,31.778784626639805,360.0,0.6890722086080135,0.5673096325743849,0.7837285703560892,1800.0,4500.0,220.0,42.0,0.6268884200610751,0.7077338638537111,0.5586859294605474,0.4221711123870441,0.8303269635087225,0.6198149933218825,0.8723890127421362,0.6856585732955138,0.7612305153582526,0.6171588034313873,180.0,0.5438287786091349,0.6336528822505565,0.4431579628127607,28.3503736264136,0.6005169673968922,0.7895049254213904,2.3737634600974156,75.73290012406962,4.561146629803049,8.555799057757012,2.705586114111556,1.3315411457644533,0.9181263576967579,1.4705985610590888,0.7019742851858402,0.47671893215982825,0.6319167692657717,21987.51120544447,219.27854514849153,public_private_partnership,0.5625001873224612,0.8470224995457678,0.2708334456936883,0.5599503976408468,0.10998231776729665,0.23340938620598461
QZSTM_090,Quzhou Shuitingmen Historical District,Quzhou,Core,118.85935920778066,28.976441152634177,tourism_core,1,2020,2018,0,historic_district,0.42118959978338577,479.381508083911,0.7923791064475502,0.4752437555815816,30.97328699650485,72.37382793851235,8.505748660225091,0.5835988820180815,34.03341501188484,360.0,0.7587231054672295,0.612954626494351,0.8543906310739537,1800.0,4500.0,220.0,42.0,0.7701926947137272,0.6256499058948979,0.7242047955668648,0.22428813323666444,0.9094248844148021,0.7969285100569506,0.8661047296707094,0.8253472337321206,0.7625047006881228,0.6766130306592537,180.0,0.4098702671026604,0.7215068747466363,0.6712161383109513,28.157397505596354,0.6523348521660295,0.7269286654090571,3.5651577113767656,55.311389394451226,4.732466364413481,8.605134562609164,4.516285748158155,1.0432828351551215,0.5925914255304118,2.510054611647957,0.5701145441314388,0.21134360003246058,0.31845381772893105,15343.89081426971,198.17132161480816,government_led,0.6292314032270273,0.6180151545115732,0.5393687398696474,0.5050913936502185,0.12992778491161483,0.526344109013365
QZSTM_091,Quzhou Shuitingmen Historical District,Quzhou,Control Fringe,118.86654112490545,28.982108541694704,heritage_core,0,2020,2018,0,historic_district,0.7165510818534649,533.7080065850607,0.7086914875020407,0.6131501422569497,30.784686880040333,85.94747925111774,9.200107354794403,0.6190906775028344,27.51231056285658,360.0,0.7621132803859225,0.6977054710141212,0.7772051164080493,1800.0,4500.0,220.0,42.0,0.675324395469756,0.6873486744730838,0.7538386550724325,0.805461050865265,0.7791731948793786,0.6866928121125997,0.8586045605269844,0.9595556037912614,0.658124312028548,0.8237764771983124,180.0,0.4869251832613275,0.9218041581299645,0.45224001661274205,31.504796756007575,0.6931211676155045,0.7750010932268944,3.589953090939634,55.795666847543544,4.498520341051465,8.30014894122354,1.0833750777431312,1.0181875343842872,0.7359918793985771,2.227545689720827,0.5809237165058722,0.42270215575231573,0.45042469751908515,26474.90817393444,180.0987505571733,government_led,0.661985869145281,0.6001099922379263,0.7138154503614024,0.6503284411698055,0.1057218852753945,0.3761941002436968
QZSTM_092,Quzhou Shuitingmen Historical District,Quzhou,Core,118.86104311514441,28.976360110193053,tourism_core,1,2020,2018,0,historic_district,0.680781860255573,524.4453882753266,0.6734891935840567,0.5272537433885576,29.780581004289466,43.456900534767065,7.40317024264923,0.5800254145470585,21.631910563827667,360.0,0.7852502244360966,0.8736728616946359,0.9946947099067917,1800.0,4460.898253052443,216.48007044766172,42.0,0.7101058572023496,0.7722255037372471,0.7662326853209367,0.3234548143405909,0.9335895912200116,0.7395565985792887,0.9135800588467072,0.7598734156189761,0.7187616535565204,0.5777590508824187,180.0,0.46182856842569253,0.6169186112463105,0.5352634088727286,38.637391342282946,0.7318411492863497,0.8528117244873179,3.165684489578065,49.72859979037816,2.5652611095653,3.4640690868340736,4.137372972380238,1.1051423340855526,0.5850486418271612,1.3006635610546204,0.7399623347469009,0.544347626092881,0.4795718142672629,24194.42123037386,195.83464769381106,public_private_partnership,0.8784417104559571,0.7147600293371271,0.17391268858833953,0.907626004765108,0.4140897919155896,0.20570212675872146
QZSTM_093,Quzhou Shuitingmen Historical District,Quzhou,Core,118.85650007583646,28.97205153896073,cultural_core,1,2020,2018,0,historic_district,0.7577067844465999,494.82104890763503,0.4722175255368799,0.5093874310672193,31.475182306320747,65.0762400953988,8.822795525585114,0.5475958670026192,14.108410445629586,360.0,0.7314985801918168,0.8859600598461325,0.9209943637205333,1800.0,3401.4666346055733,220.0,42.0,0.6443135102086552,0.6386621837203682,0.6321539915431036,0.4107549719159115,0.7570653944297971,0.6090492979552287,0.7883488319065813,0.9418404771000398,0.7502487431868727,0.6369496783156996,180.0,0.4200353716981758,0.5886840655934247,0.5327659329964041,38.286834787185725,0.795068090781715,0.7844483657638353,3.11414295003019,72.0945911974713,6.444134683644131,7.337825526958382,3.207545164668965,1.6981762299047658,1.0071355734228795,2.786931772487848,0.40506010919949104,0.695845888747009,0.3304574534622559,21596.217719867345,160.1866197768809,public_private_partnership,0.9221953455882617,0.45940423492096905,0.4192063187897864,0.3654265769841229,0.1129409625905421,0.14333544259518416
QZSTM_094,Quzhou Shuitingmen Historical District,Quzhou,Control Fringe,118.85016438968854,28.975062489451656,tourism_core,0,2020,2018,0,historic_district,0.38275547886953,391.56785490570996,0.6799032365499743,0.4962879848516522,31.42860853773035,71.74908701164415,6.865093417082765,0.6053663072650136,24.876305738267032,336.8546885305611,0.6988485261212101,0.5645230837094353,0.9469084109659833,1800.0,4500.0,220.0,42.0,0.6863097099511885,0.5691561026488858,0.6850737551220613,0.5348793210060292,0.9017708404656919,0.7918407509758482,0.8320475863739425,0.9146678267420785,0.4314187091599818,0.5567514454584902,153.13007958632966,0.35244747368881746,0.7294026392584207,0.32777788799305896,22.490415687129985,0.6428584359257259,0.644314199759707,3.0779290252000564,77.20933203857302,5.529127557994233,12.542328106950857,2.5373525967694923,1.745694856180332,0.8216765206524326,2.75905725612874,0.4913602377071302,0.21290619993841378,0.06495145744698873,20481.902205597173,59.88218260702109,government_led,0.611872851115795,0.28576066443039255,0.6037884073809927,0.4972802933520491,0.1203741130033333,0.23439582034033726
QZSTM_095,Quzhou Shuitingmen Historical District,Quzhou,Core,118.85335096811575,28.962144605389387,heritage_core,1,2020,2018,0,historic_district,0.5123201408652971,512.203116364031,0.6047726307818015,0.5683807021945205,29.451662160759344,47.26054807256299,9.099061780151407,0.6298215203105985,17.497698243771488,300.1518151240918,0.6200622384145311,0.7184144653980311,0.7132332352832185,1785.3219120046347,4325.097513460822,195.86192517673598,36.76664855770676,0.6836030377265593,0.5646337022246186,0.8015532757842049,0.4984757606294139,0.852751074735375,0.6796157314134977,0.8716936639159797,0.7655744391482125,0.4962181691705841,0.5471128802037107,180.0,0.5316741576279411,0.5911688095014708,0.38408611797765313,37.58213921917472,0.6850963176840884,0.722208774540222,3.1156595210786797,67.2035438124469,4.616586328272832,8.157887475559082,3.4918495172288893,1.065952526072295,0.8537426782287781,2.115081918252152,0.5219570611770703,0.2741524869965989,0.23038583970430324,26659.41168514263,140.79774094792933,government_led,0.8604594003402162,0.4079691680893537,0.3112042640433915,0.6600590961438592,0.12533395663573652,0.05439941326549289
QZSTM_096,Quzhou Shuitingmen Historical District,Quzhou,Control Fringe,118.8829957699622,28.98014782723733,local_life_area,0,2020,2018,0,historic_district,0.45445565159876977,271.09980971193613,0.6309505289154597,0.4360750979006578,29.92512079908075,60.00519992211803,4.820162479084523,0.46997371331195475,13.538349174323587,360.0,0.6430220505067948,0.8787215129256607,0.8970503060713862,1657.0750328611111,4084.7644220389666,220.0,27.303460297379466,0.6132527375553887,0.6400736110370663,0.5323852510804468,0.2842821178389156,0.64113548230684,0.720783168228587,0.7748022589372623,1.0,0.5324254672219452,0.5744710871216391,180.0,0.509462589367251,0.6168356318118465,0.4096396049859212,39.679848467185366,0.7496281960562041,0.8618920153104553,1.1347987956605219,95.0,5.314058334115525,15.235541300776145,3.3838597208097494,2.3674383088321167,1.8,2.536120998738129,0.4543389264105177,0.4412087217973209,0.2431456517240685,10870.156700624528,103.8428501773196,public_private_partnership,0.8771547671954423,0.5731252048579113,0.3594510563956799,0.352819909903598,0.31430153920708076,0.10974085498800697
QZSTM_097,Quzhou Shuitingmen Historical District,Quzhou,Core,118.87444020979697,28.967097355349516,local_life_area,1,2020,2018,0,historic_district,0.4747373171073974,563.73868661046,0.8793284423535224,0.5233100311308799,29.05280511901539,63.99628899386485,7.090301546653236,0.425920157128305,24.39498519405724,360.0,0.8713592449212829,0.7731319264302341,0.8878513852923471,1800.0,4500.0,220.0,42.0,0.6535860221256744,0.7624525039521416,0.7373689850234713,0.36255304140907474,0.9876946626570062,0.7694786924664873,0.8811334956324579,0.9016636127189617,0.7699472052139724,0.7421741966234927,180.0,0.559033619711098,0.7735796173894823,0.5339813020725367,38.758663260139365,0.7958057929531046,0.9318123343990736,3.3939796552688337,62.202347254962085,3.2778530521795384,6.495891367184936,3.7763979112953394,1.1582427400449895,0.655949674455635,0.9040848543691087,0.6946301733689346,0.3905877924373818,0.34513768251101007,23819.765532412584,184.14878178307438,public_private_partnership,0.9290368864447368,0.7475752960435792,0.6390670623484407,0.696057377628541,0.18573339041606063,0.07467147270423055
QZSTM_098,Quzhou Shuitingmen Historical District,Quzhou,Core,118.84768641033187,28.966370216330503,cultural_core,1,2020,2018,0,historic_district,0.4393006103983275,462.70764551835975,0.5522360038916011,0.41128607118336047,31.257557605605623,24.676029335245534,8.081179967773014,0.5865690847994458,25.460811912327134,268.4190460515236,0.6611631432440759,0.7290002883273532,0.7468444301187983,1241.0045378812633,3143.8801534723593,174.8446329471645,42.0,0.5603847713667425,0.6971189594589802,0.7130071428766421,0.24684075064180405,0.662028606979789,0.7184812698726217,0.6666292998430213,0.8689975891036722,0.513694294047256,0.36976733863803457,180.0,0.3644404730709414,0.41979684185108085,0.5211106228967941,33.88825812815705,0.6854620797207545,0.7549492440721219,2.8736942362484266,56.75388651438582,5.575066174778277,10.455662855118495,3.6921936084465203,0.7420159379070522,0.9205874102448188,1.922541491549153,0.5026682899794708,0.3206842597326389,0.12023498821809725,27028.34740496087,164.8890252256801,public_private_partnership,0.8545023090157124,0.44114330986252415,0.1782990495132947,0.5887933436462938,0.39820303442878874,0.21589614991465156
QZSTM_099,Quzhou Shuitingmen Historical District,Quzhou,Core,118.86072187188196,28.952695173962404,local_life_area,1,2020,2018,0,historic_district,0.19428980794655576,245.13121396263364,0.6852379036288835,0.44176037694401094,30.16363654800759,67.71361277749335,3.3271713770837565,0.3366870663483943,25.81412491927748,360.0,0.7281246045074289,0.8103159460709624,0.7966918300565579,1800.0,4500.0,220.0,33.6519717379853,0.5905785601592393,0.41955094045270935,0.62831799823531,0.5702866024357984,0.681433207306124,0.6232425656127347,0.8306753699067633,0.8833549308772258,0.6258294487459571,0.6939927203348838,176.1400817754324,0.3669674460491895,0.77014138189767,0.559259621285713,37.28768933766962,0.8006060388877585,0.8827103276605814,1.232355830740128,95.0,5.800652738953591,14.171177375775423,2.401956147348943,2.6088836870179,1.605610382291865,2.4263097365950066,0.45248442105387293,0.03636307746277702,0.20983341714254755,8349.843814547894,213.24787796962963,government_led,0.7355731778388163,0.6313566009063666,0.5471796035277553,0.4476296165363002,0.25980615738394686,0.3847247432118638
QZSTM_100,Quzhou Shuitingmen Historical District,Quzhou,Core,118.87995305859927,28.964813361152387,tourism_core,1,2020,2018,0,historic_district,0.6458604806081568,588.6389916574017,0.6080407544282799,0.4066976997932154,30.305127045355576,61.51474028278219,8.865848079202426,0.6914097766088948,31.453644290343536,360.0,0.7442092829557777,0.8331585174960228,0.8441659391406746,1800.0,4500.0,220.0,42.0,0.815232267795731,0.7543521793290329,0.7357249398182231,0.17324236229088055,0.7924491503915384,0.6166889271919821,0.7901352172655279,0.8564461660468565,0.6201786258095909,0.6063716174976036,180.0,0.6533896773044299,0.7530825149654155,0.5868006528848327,38.734759867812414,0.7517448380723188,0.8710290617555025,4.304573389667859,52.25113858308946,3.711656402302147,5.834802454034532,4.229542026628536,0.9601979119570095,0.45182563778713847,2.281163445851293,0.5551701439610561,0.4945401665830579,0.5607838295401942,25709.61207894392,221.30547545213156,public_private_partnership,0.8320699701395731,0.8671019975611274,0.49031347018816795,0.617554711428232,0.16634503958236732,0.20499750712559103
QZSTM_101,Quzhou Shuitingmen Historical District,Quzhou,Core,118.85838748711579,28.98419474283745,heritage_core,1,2020,2018,0,historic_district,0.8552941787330199,525.0553137751646,0.6894498000823901,0.48873913646340356,29.8450523037441,61.96036484357549,8.34887564623482,0.5433131125160297,14.665279133553103,360.0,0.6655187787633208,0.7936579167053242,0.8746174274137133,1800.0,4500.0,220.0,42.0,0.9033415021990087,0.6482794031272184,0.8040547205302822,0.21781017674155956,0.9769402993330764,0.8534404858184603,0.9613542287268885,0.904529958757844,0.8006073272231776,0.7084071454132654,180.0,0.5409867817138203,0.7989419170415123,0.47091235677434656,39.710887900799065,0.6544911009525871,0.9443174385338982,4.357988482906655,52.866084302290155,3.8889550984777603,6.266782530278531,3.890870885868718,1.0522107366217794,0.14497549807915605,1.354003736447102,0.7023232080400678,0.6396574751216847,0.506160672340902,27149.185839726837,142.9379666509012,government_led,0.8251409183413748,0.4763326385123579,0.5773360406503675,0.828702811035628,0.22653604306859154,0.4101136779197365
QZSTM_102,Quzhou Shuitingmen Historical District,Quzhou,Control Fringe,118.87784745059474,28.987135532953708,heritage_core,0,2020,2018,0,historic_district,0.2985435142609515,456.5470019043928,0.5950290314710719,0.5048313605240861,31.608221239650604,27.48727330568451,7.617347175744965,0.5906693387043636,13.69322189396937,199.48176096037915,0.688463165294392,0.7373370565294671,0.6649422410270017,1433.8794607195211,3185.7936202083374,124.87165478603224,38.68158199285734,0.6203458141963656,0.6013628046670167,0.5580339437109579,0.3588578730504884,0.6498875777442842,0.5629624344215829,0.7100757618261315,0.6868713809299667,0.42602152411425015,0.46318471845490183,180.0,0.4114042729557825,0.38449203001027954,0.3234171091403154,33.3432908630601,0.7434663886313669,0.7397947844061765,2.823546575376004,83.6995993214974,4.974205829437629,6.687679498067658,3.7438337894935407,1.6182814900525335,0.9387301146241097,1.8772043007138635,0.5762192861430735,0.20725300268629362,0.34780987411359127,21653.201642703214,129.91392132668022,public_private_partnership,0.8917036336803923,0.45740900713198346,0.07081570519418959,0.5413396773664781,0.18946275571603258,0.08099793955873018
QZSTM_103,Quzhou Shuitingmen Historical District,Quzhou,Core,118.85557333076585,28.960996983487334,heritage_core,1,2020,2018,0,historic_district,0.7018475442103275,457.3071251419662,0.6361495176241556,0.4497036469766008,32.63127737636863,68.17043766413886,4.857548942696812,0.5589250179526887,16.192396833528115,360.0,0.6965158635476835,0.6913498028531531,0.7102233608939037,1800.0,4220.209406404938,220.0,37.104907412688135,0.6763367562707511,0.6869796475073783,0.6124160301755708,0.3959332591436884,0.6960805306324993,0.7868800466174412,0.8133748944991326,0.8298958098866265,0.5712441942406415,0.8053316029760996,180.0,0.3583200379170728,0.5921368866369067,0.5466787206617378,30.189921005197295,0.706847313612565,0.8337839753307759,3.4185941508436004,62.94363756583987,7.113311155892712,10.992357163097292,2.883940351490621,1.4120745818438656,0.9291194090404462,2.3175288660108064,0.5047871988607983,0.4063567480721457,0.5524198359193556,18915.116695569082,210.20136362439362,public_private_partnership,0.720786207341882,0.6449410549994464,0.4151752363622182,0.6723225456545238,0.24685262373041356,0.1327684374669213
QZSTM_104,Quzhou Shuitingmen Historical District,Quzhou,Control Fringe,118.85631730651262,28.968105397444038,tourism_core,0,2020,2018,0,historic_district,0.7517234469854956,357.75836231888525,0.6714459254822811,0.5292637694787727,30.48219686203939,47.67270802324405,6.654861885043019,0.6734927015950878,14.30562171029439,360.0,0.7917806280175526,0.5745311613663154,0.7679962853669805,1483.5464871483277,3508.213670552434,215.83063768952096,33.867142044889924,0.5899688450256565,0.6287749453293411,0.6653602002009864,0.31352073961604443,0.903249256494149,0.6821826631073326,0.7740021208749958,0.6943285455787823,0.5832909584522568,0.5643506455335311,180.0,0.5462873638912864,0.5239685867239008,0.5696487407754623,25.244060012337847,0.45297979086770923,0.7512373752130589,2.593483666944826,83.13919662370438,5.027677755969432,9.850248715522723,3.7824890419881343,1.9048787965483882,0.8722413794613227,2.4519550514446657,0.5585756635701125,0.429553236830116,0.5521728475289353,15740.318500872516,204.2277916629909,public_private_partnership,0.4581185704411824,0.6986088406276189,0.2123561651965846,0.5926833163913093,0.3686651824030367,0.24278588728206885
QZSTM_105,Quzhou Shuitingmen Historical District,Quzhou,Core,118.87261486702654,28.963029992618143,tourism_core,1,2020,2018,0,historic_district,0.2601652567584272,501.72226016762806,0.6378752527383625,0.4824484792002734,29.989982058933286,54.087632028437994,7.765804659357961,0.5410430734503295,25.596774428303455,360.0,0.6832624865921012,0.9538922947691368,0.8929771376160278,1647.9548928341037,3685.245688224484,220.0,42.0,0.7515621844371057,0.6297099501610319,0.7840499254153436,0.10083614643668581,0.8868444838397453,0.8265291810877062,0.9959276386013834,1.0,0.6192269936901121,0.711634461490062,180.0,0.5403873960007579,0.6154805620529564,0.5547275097812263,48.0,0.7469341975345591,1.0,2.589243028301203,84.12301671285513,6.624117240741189,9.50918891069794,4.79026000722399,1.2635067837277434,0.8900019980206346,2.248943754744197,0.44492458661088896,0.25816588758040554,0.14905075877263912,21116.886113742974,214.5680335437415,government_led,0.976760121613953,0.6444494512157897,0.30357860066284603,0.3698109573515924,0.10097410796229596,0.11605085931927037
QZSTM_106,Quzhou Shuitingmen Historical District,Quzhou,Control Fringe,118.87389734320176,28.968620925052335,local_life_area,0,2020,2018,0,historic_district,0.700041935132817,310.0042455517498,0.6386130462610494,0.3103550214435221,32.60656149425757,34.79461111674947,5.5496004445915705,0.5182890800235176,20.643548983916084,301.922134101636,0.6055880742742302,0.9830852158821742,0.7641372064328299,1100.155450214221,2579.1871848081723,197.23001136162196,39.78741790073914,0.6171347961326993,0.46263765752717734,0.6210013602959665,0.3046504289824209,0.7250461054809783,0.6946970436419496,0.9839508968161997,0.9884264424341906,0.32304749832084634,0.571595381114157,162.21469921954795,0.4932029114600496,0.49426138824106974,0.37248577429485236,45.81303243645871,0.7971710923839871,0.8592716727855373,1.7037577482489483,95.0,6.646888637969953,11.003403048207549,4.397248628040101,2.002758820647861,1.1496470790259452,3.3535203533674753,0.27207782442475514,0.6636495645703541,0.3320421088813523,14540.53041674344,120.4777129843119,government_led,1.0,0.4249565782127722,0.21320837218198915,0.34712327115914143,0.18467201097450872,0.11618690070145364
QZSTM_107,Quzhou Shuitingmen Historical District,Quzhou,Core,118.85229561860795,28.974512334789516,tourism_core,1,2020,2018,0,historic_district,0.18255967971155398,540.7961499219393,0.5732407331165967,0.46088292767395544,30.617608615054458,62.611218782202435,9.512069289510968,0.5391071376106173,15.092593622163852,360.0,0.7726695402795319,0.717371834137058,0.7804137240328508,1800.0,4500.0,220.0,42.0,0.6694310778615229,0.6820968782471496,0.633742493719506,0.39960205372566954,0.7866354609166398,0.6607062612886555,0.9202885596711785,0.7350188033673846,0.449152797799538,0.8208603610674594,180.0,0.5598284713385365,0.6026473469725104,0.5489724435910431,39.242114912845395,0.5484258250881887,0.714480821271964,3.6443038860037404,54.99842913275289,5.324520473507963,6.8457564352623885,3.551244615244517,1.0997375316871272,0.7155045439001274,1.7818430303878423,0.5378017488996937,0.1032872031068822,0.1287811342495902,25014.96780040599,212.57648694370508,public_private_partnership,0.7165642402142687,0.8420796466966312,0.523856105614219,0.7011210196119897,0.20307275168648786,0.5152077745638276
QZSTM_108,Quzhou Shuitingmen Historical District,Quzhou,Core,118.85047844155247,28.97192147828029,tourism_core,1,2020,2018,0,historic_district,0.3277304000990997,650.0,0.6892855842747688,0.4979244402649412,29.745272232921682,48.5764188460603,11.307708460537668,0.6757328086752752,35.0,301.417982058506,0.8167466042826881,0.574929721837921,0.7328614994645024,1800.0,4500.0,196.02068812529117,42.0,0.7502843353819769,0.7241592636995887,0.7042020614145641,0.48114841987329726,0.8501770577889838,0.6119542081832596,0.8485400141940421,0.8213497123769965,0.5270987058581674,0.3966091828657117,180.0,0.18931402044613194,0.521432342785156,0.33788290977068364,24.448379832949517,0.539965513261692,0.651881360223144,4.330070749275758,41.635662535093786,5.410140978826305,2.023489541302972,3.266363157594571,0.4137320972012958,0.42292295325104523,2.11361869504604,0.499292203284596,0.2148041370205082,0.06249566435066368,29819.488665016677,101.31896289981107,public_private_partnership,0.6300048868371966,0.3164037392654365,0.37388152432792426,0.4055402101150084,0.674892863713499,0.08978082883437266
QZSTM_109,Quzhou Shuitingmen Historical District,Quzhou,Core,118.8667694350577,28.975224515956782,local_life_area,1,2020,2018,0,historic_district,0.09546264933450943,650.0,0.7210845930929791,0.345015712894189,30.458487333904507,67.26601135145825,11.813287252312172,0.6575174558500437,29.35492287181478,360.0,0.8096669368536002,0.9651359745984098,0.996780815626193,1800.0,4500.0,220.0,42.0,0.7930136126504707,0.8118567246771274,0.721662361150325,0.5743604645094935,0.7273868519356521,0.6104823603008609,0.848191820347858,0.9543101121373527,0.667084742681038,0.6910007710028564,180.0,0.3480024646981882,0.7311296232025851,0.585182459344136,48.0,0.7789265091083974,0.835121133191862,3.906729419932258,49.83391396874912,7.215739854200956,1.0,3.179492813399706,0.703086421306727,0.47130526646863,3.1086813695689766,0.3294619539887934,0.17589351033603007,0.0,29888.987117125263,191.14322160879632,public_private_partnership,0.9319395219789107,0.7292507720498395,0.5898639925126805,0.3710193954303253,0.08015741133486999,0.18302073573192856
QZSTM_110,Quzhou Shuitingmen Historical District,Quzhou,Core,118.86100436931376,28.97326006314779,heritage_core,1,2020,2018,0,historic_district,0.6822147222171391,330.1973645779768,0.7316052861076476,0.5110502082147194,30.92705486175796,67.70776620815607,6.744778477884855,0.6369208113394504,23.772518994521523,360.0,0.7097782934113231,0.7852316625349707,0.7886802674372044,1800.0,4500.0,220.0,42.0,0.6604396043752322,0.46187635272168165,0.587014971287438,0.20805728335933535,0.6357392398383018,0.81622707116515,0.9712482486218748,0.7394594115662045,0.7160206415433931,0.7216168420633178,180.0,0.567410018251371,0.683378801377317,0.3997405203706026,41.807346414129334,0.6786738427818153,0.8074186553816113,3.5513571427985173,64.66854045653548,5.003848673323157,9.811802417755036,4.353515072674089,1.664405507191713,0.9281128884297322,1.1886682825277508,0.6574085738274001,0.488981065868601,0.2808692812572562,20062.57321232355,141.99635363075228,government_led,0.6441736115552957,0.506333509723831,0.5912279964621043,0.6439877144286447,0.09337661666600262,0.36869139563995706
QZSTM_111,Quzhou Shuitingmen Historical District,Quzhou,Core,118.86598563266362,28.95131788699541,tourism_core,1,2020,2018,0,historic_district,0.3867308853247986,545.3277724554629,0.7941706658917991,0.49968278272787137,28.75518508473027,67.13939807948091,6.975807190715569,0.5369700148168349,25.053364406795176,360.0,0.8620374875508016,0.758847738695795,0.9984654069570513,1800.0,4500.0,218.39155433271142,42.0,0.6510072810785632,0.6579161101080536,0.6927118344299116,0.2528889771392542,0.9873417026198859,0.8240138293638359,0.9234959782248497,0.8302953629243509,0.8778125319268555,0.5899970019417955,180.0,0.2891670291067872,0.5998764743726515,0.3543162531452673,39.205085219418606,0.6791661495754365,0.7101102302351009,3.0611418959697225,79.53217032782177,1.5,6.587212306394975,3.945452946921365,1.0012741363249116,1.0051824502879627,1.6520325369743172,0.939030953110694,0.2872990649136826,0.19094026353644317,20626.0693170924,81.8463569454039,government_led,0.836602847570856,0.26719814704994416,0.5140370418224146,1.0,0.09559649898408139,0.3447729657471293
QZSTM_112,Quzhou Shuitingmen Historical District,Quzhou,Core,118.8678140661817,28.962247650533858,cultural_core,1,2020,2018,0,historic_district,0.5572288748854802,514.7126685563694,0.7268113127678923,0.44422223004111183,29.994865928878877,63.15469763341659,6.189294872531282,0.46036123206928925,25.791722654405504,360.0,0.8296819663690161,0.810903746772219,1.0,1800.0,4500.0,220.0,42.0,0.834499123294511,0.6041520814079041,0.7090729958586013,0.07438498705494528,0.7091247600894632,0.8452689485148447,1.0,1.0,0.8013436197309367,0.649818488533084,180.0,0.7178700760368082,0.6494779566393178,0.49476123752431994,46.3504915369752,0.831862496132965,0.9146228451984255,2.58780413100782,70.13546321884995,4.636423968546765,10.264373590072829,4.881616754488951,1.8653754646565701,0.7672566678665129,1.5496063315548534,0.5762744428501849,0.4284266675380538,0.3296387427244896,23603.39600808692,137.89239749818506,public_private_partnership,0.8855971825419794,0.3733009961942487,0.5320489209065304,0.5371702343746106,0.34990397940391094,0.17289095220494935
QZSTM_113,Quzhou Shuitingmen Historical District,Quzhou,Core,118.87601687991736,28.969277244515606,heritage_core,1,2020,2018,0,historic_district,0.2991789589391499,415.9034195243672,0.8684810380413532,0.7114837464879215,28.21055260527731,59.23185888367722,6.722553405170255,0.44916167512163296,9.192556347038122,360.0,0.8319730763184905,0.6340993602017884,1.0,1800.0,4500.0,220.0,28.48587993150432,0.6411025594565332,0.45618322789508403,0.6644182740478429,0.4932881829144629,0.900388064644687,0.7603456799471343,0.9067187561302648,0.7160619492144407,0.8704738530316726,0.7810524964214312,180.0,0.5566029138024774,0.7615202112517878,0.5496994848988314,30.311903200810136,0.6783683047990609,0.8227810856200312,1.6722476286699623,87.25259390274731,3.930541517644602,12.474051533368637,3.0321553174032108,1.880344214038865,1.0956143659730277,1.5439839947077805,0.7260529010138059,0.13762974426648547,0.22732666645541155,16942.106524265953,193.8483258124842,public_private_partnership,0.6414618980297306,0.5127221849034658,0.5000717406224985,0.8064067331954868,0.00281979861076051,0.5166931181670948
QZSTM_114,Quzhou Shuitingmen Historical District,Quzhou,Control Fringe,118.84304235057498,28.96817980364457,heritage_core,0,2020,2018,0,historic_district,0.694316446994859,439.9629464201005,0.5562332080809494,0.43102489460656535,33.286344377041175,70.9958362975218,4.679647401978273,0.3962195138222938,11.518941952429952,357.28709490547635,0.5518686931895694,0.7729847297896055,0.6899039170366046,1800.0,4500.0,220.0,33.09941875380677,0.6150845460970974,0.6376637737828456,0.8196629527601038,0.19175749396699623,0.6865234503124619,0.6861548517382031,0.7218455432963399,0.8037518940774279,0.6459306598620262,0.5640882677835719,172.35305849410244,0.43122255816869703,0.6892304142694543,0.34468430994815613,41.018501483259655,0.6677421564864583,0.8825940475576792,2.7027850897579855,83.4692358373298,5.977428996902097,11.901480421833819,4.957351375467013,1.8108554890508177,1.240348716237698,2.855403272637518,0.4298788241672836,0.4210466610256659,0.11428539208877908,19245.554088039964,73.45098805172753,government_led,0.773968018967965,0.3397447748639755,0.6436777763792482,0.5037335721049311,0.2761444767718068,0.10312451300199443
QZSTM_115,Quzhou Shuitingmen Historical District,Quzhou,Core,118.87449505456577,28.96395069762644,tourism_core,1,2020,2018,0,historic_district,0.6617772614798397,449.9170325545008,0.6824764995794904,0.5257814466396326,31.70793908156727,80.40818917554898,6.872370249857844,0.5600188336051647,35.0,360.0,0.8430757529915567,0.8276004053027493,0.9442251726261875,1800.0,4500.0,220.0,42.0,0.6806310005364844,0.665153481554593,0.8483742700069308,0.20559338248530198,0.8391656897501893,0.7244186285205387,0.9262506334770378,0.9291592905012254,0.7060981142960493,0.7037207920999735,180.0,0.6387037924908132,0.7203858106320824,0.5385459541750447,42.06811596732299,0.6490167241216721,0.919934413905969,2.410329988565259,69.8084875755739,3.492002216065936,8.641216908950703,3.7544369984229964,1.3584222221131212,0.6947190634910273,1.3290997601793655,0.6822134780109887,0.487010645497973,0.5495747031466834,16516.11989578891,252.29826864862042,government_led,0.7578009017343279,0.8186086004743517,0.5590606264621378,0.6019314983194484,0.0,0.2625299221749705
QZSTM_116,Quzhou Shuitingmen Historical District,Quzhou,Core,118.84524354099321,28.962291179721994,cultural_core,1,2020,2018,0,historic_district,0.34147288049363267,541.4748105812248,0.6668869880704364,0.4686870037615328,31.035460961347894,44.97182321100671,9.768776650564284,0.6931866874489144,10.415266179484842,360.0,0.6451651307127905,0.751724140089792,0.6775315919394426,1613.624609732269,4118.966838240191,204.35148415139238,42.0,0.69462358716232,0.6580136437641589,0.6620889163941596,0.38323388823894655,0.862570664514856,0.7499516119770714,0.8090891031118831,0.8212363662246306,0.6339159848659677,0.5335297446371865,180.0,0.45492515535454753,0.5547303000045481,0.47675526803836754,32.318831006328196,0.6894922466743044,0.8341657665173492,4.277341763181347,58.429349590390345,6.354736554357753,4.059283474638402,3.2072720729256465,1.0376432597283,0.5491618062872815,1.9126449987711431,0.45790574067656187,0.23554385692507612,0.2090690597297338,31607.593090187114,163.8999383206776,public_private_partnership,0.6826600732847209,0.5903453428222128,0.2932083233151142,0.4615281838770388,0.2765144971401595,0.3562709029487794
QZSTM_117,Quzhou Shuitingmen Historical District,Quzhou,Core,118.85847187848401,28.97569872284611,tourism_core,1,2020,2018,0,historic_district,0.6617843690616425,457.3341411663459,0.8678773878237152,0.6261067857376327,28.316124836071417,38.873953739228284,8.526580507870888,0.5350221097800658,23.778505927631862,360.0,0.8591464937455469,0.681333095429992,0.9247464556541589,1800.0,4500.0,184.17349637542708,39.131157119128545,0.7531048953718639,0.5464987021255239,0.5838948053304992,0.5589370995322042,1.0,0.8255360349854715,1.0,0.8320209126304959,0.8615860264013451,0.5102122740283935,180.0,0.3473045033868476,0.4866526412428913,0.4738809463384525,28.850578063431414,0.806142329482924,0.7883270282035543,1.4486314280450723,84.48101431356883,2.7474505138474608,12.29237584311798,3.0469028803858165,2.3967440543592375,0.8742582061899823,0.6088202885416036,0.8817408242929685,0.44275253591127023,0.4223073479418635,13093.457508278925,142.29064274599088,government_led,0.6991651340874823,0.5603183766485871,0.23024458905986572,0.7697974432500745,0.1278133555534471,0.4296022690709092
QZSTM_118,Quzhou Shuitingmen Historical District,Quzhou,Core,118.86649267908447,28.98187387198655,tourism_core,1,2020,2018,0,historic_district,0.5618920508190293,423.59044190801706,0.6665007082696841,0.5118787657363086,31.26357600121006,90.0,7.093611248853754,0.6126536173067596,25.43424083449203,360.0,0.8723140665399468,0.701409214952368,0.6495186860181896,1800.0,4500.0,220.0,42.0,0.6889979288454057,0.5646079821871137,0.7608273319571891,0.545582369488673,0.7707535438705992,0.6233511027136718,0.8343119915789267,0.8923073174038593,0.5063911418459965,0.7503324833671091,180.0,0.592533886714496,0.8870153034273462,0.6018340061715548,37.185635400823934,0.634075701925522,0.7579375422951558,2.7035671687989895,69.1584485966203,6.786320090783454,9.879587665204907,2.231392827301663,2.236965769775823,1.1335073345605786,3.2057785051823338,0.3029351859398986,0.3236538015392172,0.4143544151842493,20429.25341361472,135.62519509200231,public_private_partnership,0.7894416136168726,0.5921286707914306,0.8235782285495358,0.2371065249530121,0.312728120005513,0.1981623469393978
QZSTM_119,Quzhou Shuitingmen Historical District,Quzhou,Control Fringe,118.85547905245723,28.96969670426141,tourism_core,0,2020,2018,0,historic_district,0.790168886583239,465.7800863775727,0.4687814012534574,0.3143589671751623,30.797632205414093,49.794141449300696,10.411953877563901,0.724896101146225,10.976487242516196,310.9028878975304,0.5418523805594407,0.5047027313034745,0.6176412260468364,1711.8140414843297,3694.2232936632304,170.87086997482572,42.0,0.47402196060972257,0.6956644252435047,0.5883905250895047,0.3712877738071931,0.536416002405743,0.4769194348346539,0.5101214385485184,0.5693277288527381,0.3535055495251886,0.4142650215836442,158.61054445323768,0.21056190477149203,0.5961887207846694,0.2747718587045095,25.62135405434517,0.5141479436274946,0.5442164179098554,4.330544279432453,51.60929608901455,6.991147620809259,5.655756008350475,4.39873018137957,1.1422892775277287,0.4751397424729631,2.9771364349553084,0.3596832047992454,0.4582393071034106,0.10942565831380478,29172.560522766486,71.33415880935601,public_private_partnership,0.5613124902349143,0.2589665706726377,0.4475324528902758,0.3618408821203412,0.0,0.19488845617053352
QZSTM_120,Quzhou Shuitingmen Historical District,Quzhou,Core,118.85248427202751,28.964123628126053,heritage_core,1,2020,2018,0,historic_district,0.8268025618482284,505.94100896057114,0.6909213280470965,0.5868267615023611,30.227321893726238,83.87666038959958,5.765141452635215,0.48125888959197727,23.144194861206127,360.0,0.7591098188565293,0.8413144460305304,0.9638969748230726,1800.0,4500.0,220.0,41.27841363886283,0.7751969406800323,0.5918745628826745,0.6343773900012173,0.5231814041609986,0.8948304033233826,0.7861572959875959,1.0,0.9880377432963328,0.7159968211426838,0.7274215165632476,180.0,0.5148432781585789,0.8767509335480695,0.6801679791210913,46.104594143128764,0.8532050537537708,0.996210804056302,2.2363473418622783,80.01921845433657,4.74606793688608,11.77950540046219,2.1687871189219834,1.7580244294435456,0.8565390299983865,2.120146874360122,0.5136936438623179,0.653272860661666,0.5629654500113788,18671.158066043932,231.9312420459388,public_private_partnership,0.9374966274118555,0.609505354924127,0.6553673557953775,0.6925261690537501,0.4199650659304332,0.310706073165607
QZSTM_121,Quzhou Shuitingmen Historical District,Quzhou,Core,118.86249990603187,28.986249733100568,heritage_core,1,2020,2018,0,historic_district,0.9640328596024889,512.5450600581487,0.7804887721380276,0.5455117028689725,29.401193486651472,57.38149344143078,7.16926873799494,0.5693518187527765,32.60536063121177,360.0,0.7868046712109656,0.957257766587074,0.9392773703572501,1800.0,4500.0,220.0,42.0,0.8149640501932038,0.7793811302566079,0.7124985081150869,0.4507737513231912,0.9688791308603772,0.6758692669062195,0.9574922633120992,1.0,0.7924617188514793,0.672201282759549,180.0,0.5921520430526968,0.6846145333738017,0.45592669891101106,47.95430570080293,0.807771884226529,1.0,3.511708491566873,56.99015267192151,4.584777094282404,10.126767673677438,3.700209285298573,1.1675535892001727,0.7318502350370801,1.5857205330479383,0.6973517644745688,0.9904549293360415,0.6665060582559307,27763.001097099484,186.40144428323146,public_private_partnership,0.8787372598557635,0.7084878906408614,0.38624868144539,0.7598803996131486,0.28136009603717965,0.11085986356722213
QZSTM_122,Quzhou Shuitingmen Historical District,Quzhou,Core,118.85607622878663,28.969319620932,local_life_area,1,2020,2018,0,historic_district,0.37716853282413204,298.5557398675776,0.500438530629919,0.30554522789073935,32.27401987319308,47.61223622291404,6.088703463420558,0.6163308093784762,10.255803604843528,360.0,0.4405518839210975,0.8672724710028125,0.6497621823472968,1470.8359752318697,4209.101788612648,220.0,36.45880200373023,0.4804804245429464,0.5613035473545963,0.37566366951311636,0.0,0.3402403378921504,0.5267633977267215,0.4757572225738077,0.6787507784956446,0.2718691326180812,0.4956558514598439,180.0,0.40937212240467613,0.5348349103106114,0.443967635422208,46.547755614731685,0.7289894931805319,0.812439442770533,2.9218231075958903,88.13545355033017,7.368842564470539,9.690991676277168,4.997083420355951,2.4794322527259176,0.9924518119734479,2.7977150226628,0.3265496367635374,0.32695746646245943,0.3195032370748552,14813.07757013203,198.6453101656981,public_private_partnership,0.8979549537899232,0.8700399045065186,0.4399148836191208,0.3963730871355914,0.19369122322220234,0.5260254432697113
QZSTM_123,Quzhou Shuitingmen Historical District,Quzhou,Control Fringe,118.85756240437321,28.975508142292394,heritage_core,0,2020,2018,0,historic_district,0.3796039827849086,472.9074387698141,0.5804554417569626,0.4941942012487073,29.83097069753583,53.30519161316886,8.71800841799287,0.7874039349027375,26.340083932785095,360.0,0.7048076072922351,0.6929012497235539,0.878886085673972,1512.7442056074292,4500.0,220.0,42.0,0.6312326504919715,0.5471281348187766,0.7751387509209723,0.28680102358970655,0.7253029083867222,0.921104019472486,0.8096687433464194,0.7897020105860989,0.6565228083412645,0.7630959227905377,180.0,0.4484491903742592,0.552069598939747,0.5846038693318059,33.49068858178973,0.767086315210108,0.9343879639142717,2.677736390004619,78.34720088451512,6.266654972107442,5.443681055475121,4.770188574033322,1.5580216567921992,0.922784808491299,1.2208357764614146,0.5236115003018698,0.23101491738984586,0.3849117500698661,18956.776187366017,260.55883237861804,public_private_partnership,0.7261295001673016,0.8443227942568591,0.33555673014855114,0.4845238493569131,0.3154250596704446,0.30547249109275415
QZSTM_124,Quzhou Shuitingmen Historical District,Quzhou,Core,118.86440870155018,28.97100923711496,tourism_core,1,2020,2018,0,historic_district,0.7261757085260674,237.87828258288508,0.5747921070865857,0.3694650767573247,32.31557607565997,87.6419263188214,5.419423527155785,0.5905770147336125,11.00249338521325,360.0,0.620626987567348,0.7508635160467894,0.7711196662366514,1800.0,4500.0,220.0,25.737319634583137,0.6507024724440265,0.4789740476322987,0.5002071869954581,0.4150701867136215,0.6218835103662284,0.731926151165855,0.6630128271982199,0.9125602288764035,0.5088973309353132,0.7233652219238734,180.0,0.5850412350161607,0.8882260250171853,0.457038211034563,30.780616774700505,0.645300941162883,0.8549326553913231,2.010437658737647,90.6860364231877,7.716085368071891,14.6335822371499,3.7861424371584955,2.2029658920396162,1.2683135755151433,3.477466898081277,0.2730998407634138,0.5285199784513759,0.4249336760252481,10412.175472070452,170.31898969995396,government_led,0.6582953465706516,0.6513557582577352,0.8059383859663344,0.19138660132832105,0.03375606305745679,0.20425866617995092
QZSTM_125,Quzhou Shuitingmen Historical District,Quzhou,Control Fringe,118.86495968886447,28.944650951064354,tourism_core,0,2020,2018,0,historic_district,0.7247494046788767,315.7795273225787,0.669993210855069,0.5367714693939153,28.545972969389062,62.16463088862945,5.664749506377033,0.4316100485979164,16.193459518604953,360.0,0.7684432315848578,0.6459364692212761,0.8713934100387544,1800.0,4500.0,220.0,36.90986166686389,0.7415987292425337,0.5656391058793181,0.546263526776039,0.2238427471170997,0.8217521967847201,0.8693619690822241,0.9668133120460304,0.794535243740832,0.7105574132859624,0.611682599191028,180.0,0.5345219216185442,0.5754764570078248,0.5309275014543365,29.54230545530824,0.6275479526805144,0.8702660891905495,2.1206474591171034,75.04851651229936,2.882340932037944,10.712688353538457,3.580389123097375,2.0876378513643905,1.5770332360942139,1.2377438985368847,0.8451546188000039,0.49295866503010294,0.5512520902723035,18562.096612431556,219.1128083215685,government_led,0.6200339845743232,0.8252427454600653,0.5105818090659792,0.7998738980438886,0.17156404930042346,0.2793982930939689
QZSTM_126,Quzhou Shuitingmen Historical District,Quzhou,Core,118.84732099028271,28.971387231244996,local_life_area,1,2020,2018,0,historic_district,0.257891014753173,338.8874056436182,0.6675365531357951,0.4873402345391113,28.68397171147067,90.0,6.928399875981988,0.47653664453978845,11.007036176538486,360.0,0.6113984869234175,0.8406648168237145,0.7981094886260862,1800.0,4500.0,220.0,22.868870667937927,0.5760844150135465,0.43038103666410843,0.6499822313090382,0.51771517164385,0.7012176845713012,0.6615245064123313,0.8787508375168759,0.8196665384247984,0.4705589126105068,0.6752688797728785,130.31429887426657,0.2556964578459521,0.9511325235451487,0.3931108783376107,42.06082381847165,0.7052759021177651,0.8280834864658967,0.892272440292995,95.0,5.277651809211361,14.937784937724338,1.9778630502147057,2.107766007146601,1.5060465513872583,3.491493117632911,0.39237262317304983,0.12635758547026227,0.04811412772897246,6783.347857842052,84.23256485865082,public_private_partnership,0.8501976436263411,0.3712656026144418,0.7738268120876797,0.41487752312222387,0.29132019656042524,0.2851349743225051
QZSTM_127,Quzhou Shuitingmen Historical District,Quzhou,Core,118.86496512625666,28.95429175558621,tourism_core,1,2020,2018,0,historic_district,0.5813747417724239,363.58409959355316,0.7621027104929643,0.553658351002665,31.06133441045049,78.02231089843067,4.13540206443904,0.450949205208655,17.401480601055837,360.0,0.827639350809134,0.9581247368939142,1.0,1800.0,4500.0,220.0,28.749646289042257,0.8665317087330525,0.5201922265420805,0.6542254257356256,0.42794395620521136,0.7833014159277354,0.688174735299651,0.9517097704923273,1.0,0.6880351008798823,0.7947261807882315,166.62698847488693,0.31860450885473973,0.8523637866421502,0.5259412478935049,46.52002956035179,0.8689824461619526,1.0,2.233698815061111,78.78336035219871,4.216110036806553,14.413626849209606,2.5031875012414817,2.0987773110511987,1.3536477748886575,0.8327448299567727,0.6310081381505764,0.5849256803848167,0.30621561956526916,13188.184064071924,149.60867242045836,government_led,0.9003455943809874,0.5473672882595815,0.5919469521357922,0.7149544958830072,0.15400172064280157,0.12504355226076028
QZSTM_128,Quzhou Shuitingmen Historical District,Quzhou,Core,118.85751946324486,28.966726722172314,tourism_core,1,2020,2018,0,historic_district,0.3523496163104593,291.7472689820419,0.5984611685470951,0.5764226695490355,30.44618568108191,61.42254875648867,3.1549172403354744,0.46853347358547104,35.0,360.0,0.7695483702874847,0.827221326615625,0.8555470291878989,1800.0,4500.0,220.0,42.0,0.7462439291619059,0.5033016691106119,0.5784367797617834,0.3236030106270293,0.7315036588498359,0.7550309747104732,0.9491981632569364,0.865475918787204,0.84472538764264,0.6224089497495514,133.95385846199275,0.4833041417199786,0.718376192665901,0.3093091053727757,42.05225985973262,0.7080629269996194,0.9361816773710089,2.0365001504339366,95.0,4.2863641519682005,15.538296695443972,4.629876112784368,3.1411632300821943,1.527272381877766,1.2552613700899828,0.6828015850547234,0.18680826299691464,0.13782069771674688,8500.549142886986,131.20418773350463,public_private_partnership,0.8905832559335278,0.45506385307982705,0.4700411950518656,0.7050051236888363,0.1299169769649593,0.13560965436604025
QZSTM_129,Quzhou Shuitingmen Historical District,Quzhou,Core,118.86735506842116,28.967621174831258,local_life_area,1,2020,2018,0,historic_district,0.8069262275540263,605.5615451155903,0.7796943595217328,0.6278625527447848,28.89158181585401,51.202966453551355,9.002608988469412,0.4839099729040026,18.16111546651453,360.0,0.8083118033544033,0.7701011523231042,1.0,1800.0,4500.0,220.0,42.0,0.8906992503082869,0.7157161387061733,0.8477110862867487,0.13953484750503758,0.9181566183919657,0.8040706240692008,1.0,0.9608157586390461,0.8849682691284666,0.6747972239545244,180.0,0.6687410526166675,0.7762627329301363,0.6606617433253041,32.67076860084862,0.7417955052987698,0.9823679823561543,3.945470330187285,61.122199179616224,3.1502384935744443,6.650965951923049,4.663653052742422,1.0324480201471513,0.5591020094890035,0.9575794640814804,0.7986652869117568,0.6215663061730381,0.4350576321213677,31759.641132271412,156.96237830150062,government_led,0.7165967095398166,0.687855056648146,0.2834801839136745,0.7126341165219255,0.1014536962067337,0.12633372737129928
QZSTM_130,Quzhou Shuitingmen Historical District,Quzhou,Control Fringe,118.86313471242033,28.978925543145085,heritage_core,0,2020,2018,0,historic_district,0.29458461011551534,411.10177973514544,0.7950053399532255,0.5813216867561317,29.34889890578036,80.6306457758233,6.498283978525544,0.4488253410014942,30.66532535151177,360.0,0.7633440842014719,0.6808916181929561,0.9505531183019826,1800.0,4500.0,220.0,42.0,0.7007036680730648,0.5841166781645332,0.6780299683363746,0.45956732462409655,0.9507056684194022,0.7208802025301018,0.7979652920127625,0.7978383432681816,0.6303685064133114,0.6137733016321278,180.0,0.3729312550663324,0.7706056715330569,0.21717066735264842,30.04090487204796,0.6661122048270028,0.795020025787754,3.5075836674330523,89.78215239970223,1.5,9.09352257737955,2.5625769414525386,1.7570893018222895,1.1291517789971068,1.4950232637083614,0.7868519843368346,0.15668297641318668,0.10966763835185375,19655.619344163533,120.80598849764743,public_private_partnership,0.7846856319877382,0.41914674987592193,0.8812731315054805,0.7584538452824954,0.39432813109416404,0.27791858406774744
QZSTM_131,Quzhou Shuitingmen Historical District,Quzhou,Control Fringe,118.87611421451113,28.96750205007377,local_life_area,0,2020,2018,0,historic_district,0.7590734289055991,413.39475422478785,0.6578190159338735,0.5288303869467732,30.43756932282595,62.72651217750271,5.189843878791699,0.4900217715980402,25.493837221663323,360.0,0.7995179158634005,0.8049725980050318,0.814700067083693,1800.0,4500.0,220.0,40.3380527410912,0.7082882100556658,0.6040475221950005,0.670061069371282,0.6754148022605119,0.6458394688425227,0.5542735831199,0.8093645068946768,0.8145364868260503,0.6856248442593115,0.5496042012075489,180.0,0.48586625153294277,0.6859672702422804,0.38729072257481567,38.9776774670019,0.7685125714119286,0.9689814521480223,1.7201757891164617,88.57716850906478,5.3036228017088884,11.607335677696721,1.326879708674026,2.3365903450597814,0.9081955498197373,2.4849741848013673,0.4843858748373325,0.6572040963495948,0.33403533023677145,13107.15245895183,152.05679070716292,government_led,0.985145952421504,0.5031062951086469,0.41593176140133825,0.5878875667322826,0.2460814368000837,0.4256460850124941
QZSTM_132,Quzhou Shuitingmen Historical District,Quzhou,Core,118.84748048448493,28.9663011175165,tourism_core,1,2020,2018,0,historic_district,0.692361840486494,431.8210511074229,0.6143116198062772,0.36325137592916584,30.527266222284354,28.62028780871501,6.539788657766218,0.5805159284284862,18.53099343823977,360.0,0.7436386765071964,0.7329849832410698,0.8066466934273802,1498.1686654682094,3400.376925249389,209.00492132231062,41.833743741669736,0.685567346421471,0.5977213799386655,0.5827279224628519,0.15904803402928439,0.800909313773863,0.7543226517219717,0.761371424025625,0.7825513435993264,0.6238601249615165,0.5349674355927886,180.0,0.41424909276574295,0.4376957531941128,0.4824375341294989,33.18572289038798,0.6337001939614111,0.5539764567192306,2.905342150485022,53.22309990166689,5.208166836691561,7.977655343195618,4.641588129683404,0.9572711423360712,0.8423485397479992,1.722937236565117,0.5589417385024906,0.5151169356528612,0.41248080663597403,19802.408400945245,196.71852577652538,government_led,0.6169982707162783,0.6727646197845236,0.11257882186432241,0.44100100898448136,0.39496582448662476,0.386554417788596
QZSTM_133,Quzhou Shuitingmen Historical District,Quzhou,Core,118.86880905107341,28.978865907264872,local_life_area,1,2020,2018,0,historic_district,0.7839193126190934,143.34706964252828,0.6804071300492175,0.528904610108176,29.96682393280702,81.83218788701141,4.548668490372279,0.4770081710208898,14.734631888805968,360.0,0.6882572921518253,0.901397428820956,0.7618182089984954,1800.0,4500.0,220.0,21.658006478173142,0.5521467827041295,0.38212503376944734,0.5228371930854658,0.5393905954819379,0.7289028753676412,0.6601342919331754,0.9376091000003659,0.9578211040647736,0.5726365226895124,0.7334599145201692,158.66368589895595,0.4131194046381732,0.8114319618842372,0.38517225299815194,45.59843140034557,0.8850096719052796,0.9435794855365975,1.4492971185618133,95.0,5.7973652918133824,13.641918583705909,2.464625181291615,2.870359783206804,1.3747271048932694,2.601174820997373,0.48769323719697427,0.6953144140935382,0.3957454916993013,6941.299338723717,184.38538616168233,government_led,0.8741188941753444,0.5923837074529128,0.59228474247529,0.49364867136517343,0.35372788711381514,0.035101712098798324
QZSTM_134,Quzhou Shuitingmen Historical District,Quzhou,Core,118.85465644053602,28.977746007011802,heritage_core,1,2020,2018,0,historic_district,0.4721097790649792,598.3811089800816,0.6065841231617066,0.3853676732255741,31.94096479208252,47.505528459102464,9.336199759278802,0.853139300330846,34.53239993579222,360.0,0.7995017082716165,0.545726039539121,0.8425185081769262,1688.791008598514,4122.801521127845,220.0,42.0,0.787279847031792,0.6406525246773467,0.8088912027644936,0.4457145243672578,0.8169318291765081,0.6447366758660997,0.8005169335881077,0.8486564702106204,0.7537718086555142,0.6093620923850869,180.0,0.5085467729197306,0.606181599521544,0.4350718117893592,26.796877930730048,0.5974735556442254,0.7306670763653915,3.032776486729178,39.68658796876033,6.554777957922955,8.326181011545597,2.8452287562802185,1.2046724339154986,0.4600869250042093,2.298485846788903,0.3754472453813942,0.29439515762380725,0.22871316620252752,26172.653712557254,162.41651303763388,public_private_partnership,0.5168098488993341,0.6107955195003404,0.3561884037352639,0.5212151244419296,0.25795884051385476,0.28766401244717527
QZSTM_135,Quzhou Shuitingmen Historical District,Quzhou,Core,118.8569318062575,28.99313472628356,local_life_area,1,2020,2018,0,historic_district,0.42609440542335897,240.77596263203625,0.6016099296975398,0.3276563876244932,30.579578873657173,33.20434932333497,3.9169154414724052,0.4281207851206855,21.99831816528208,340.17689979233114,0.7896385548823148,0.6441797663007001,0.5872090403657076,967.1304797116331,2817.970244903925,189.15839903362007,34.47659366691564,0.6259158214260291,0.4526509019658534,0.5735267228545768,0.13722849567209902,0.664318207042195,0.564584094900508,0.7694703245344408,0.8149376249691853,0.463612657820797,0.40600911057048444,180.0,0.25100205491726124,0.6129431009894203,0.5823891052296974,37.485905560307984,0.6014072105363417,0.7881689250832897,2.1969798015495785,95.0,7.14599276559455,15.434949584491443,4.271200071730369,2.527237551934851,1.2723849191945078,3.0099779747334803,0.22884234033282672,0.2696538189335231,0.2932252090428551,8969.296557942442,190.72490444887265,government_led,0.7092744368426269,0.6955972004861515,0.14452836564683605,0.18213651000896355,0.02377461503269443,0.13353347443785568
QZSTM_136,Quzhou Shuitingmen Historical District,Quzhou,Core,118.8692964548678,28.978753643145165,heritage_core,1,2020,2018,0,historic_district,0.8424929328859477,628.1796344973317,0.805233241259251,0.5818911404400867,29.54510253953289,78.86652955872094,9.581790185365062,0.559193564488496,22.267287000074795,360.0,0.7243607991273407,0.9272902398414218,0.9243052952426842,1800.0,4500.0,220.0,42.0,0.8848665097692543,0.7912453660014807,0.9005465511816073,0.2718356254645254,0.9747744558636705,0.7940993939162868,1.0,1.0,0.787390807145306,0.701065654408669,180.0,0.485034915322065,0.7677856907284337,0.3457417155949357,42.83195102657386,0.8855086664709412,0.8898008822952488,3.4759562399651722,45.400104535604946,4.03504319877542,4.927122705667509,3.528183948248987,0.6461059286472144,0.2745936769834709,1.7225790829119052,0.729411724699676,0.6933335891977404,0.284474035976473,30503.195186654542,120.08293767240505,government_led,1.0,0.3711324245893032,0.6942056590202117,0.6512679860861673,0.41296922243859546,0.13916363072290897
QZSTM_137,Quzhou Shuitingmen Historical District,Quzhou,Core,118.8501494659255,28.970669119167784,local_life_area,1,2020,2018,0,historic_district,0.48104507291397336,430.25376002025877,0.861362569258548,0.6431640264477985,28.653373580980762,66.36445817098299,6.4715091900140855,0.5686704157248955,20.012747763096453,360.0,0.7202388410786826,0.6887718587137489,0.9080763146209812,1800.0,4500.0,220.0,41.036825924897684,0.6689501221055518,0.6807258401942513,0.5856554978065482,0.3777900230960956,1.0,0.7369568582594539,0.9146627751770565,0.8276500418495644,0.8380884440539873,0.6048369139990432,180.0,0.461907491055944,0.6605630169518805,0.5325350246102685,30.417841458687477,0.5760570835255978,0.8059228319199528,2.6616889415879523,66.76590214541241,1.9236833429730622,7.219210792006122,3.1687710559772557,1.909857348258437,1.0172247348177854,0.6436722478028359,0.9405065191940677,0.35925499464151417,0.3413113409717274,16580.22937129513,190.1689836788342,government_led,0.6465615263167095,0.5787000713845302,0.3976675758656377,0.9903225765940393,0.2025890180082701,0.29803865387778933
QZSTM_138,Quzhou Shuitingmen Historical District,Quzhou,Core,118.85140200098964,28.974697342181774,heritage_core,1,2020,2018,0,historic_district,0.5069702890093095,512.9869266515537,0.7155864753643199,0.4493882478740485,31.99103537096394,29.34839316795903,5.8870518690134865,0.5248224249825032,16.1058724680613,238.3129025021476,0.6581485642365097,0.7520315323173656,0.718666318107023,1409.0912553054604,3541.785122540809,189.4949923362156,38.97291229895911,0.719934843433484,0.6475641986663109,0.7691710350344185,0.15226189501873763,0.7141258170312192,0.7327081770995651,0.8594546834651277,0.8836754251261985,0.5994133163331117,0.46218631368686847,180.0,0.4302529521555207,0.6471796359285298,0.44548902324836653,34.02892891317792,0.7545538012305959,0.7482604113913084,3.2284599430069294,55.27371515075466,6.80563191888937,10.75020432283715,4.6773630633046555,1.479053270182428,0.8626388459636305,2.5399622805594095,0.383379200903455,0.455761040753187,0.1621317863199313,28834.13830056237,61.06803658437748,government_led,0.6753725076682525,0.28466327182927254,0.2945976856097263,0.25273446156763624,0.3141468400327547,0.44449374134257386
QZSTM_139,Quzhou Shuitingmen Historical District,Quzhou,Control Fringe,118.85381900443662,28.98670691419897,local_life_area,0,2020,2018,0,historic_district,0.5789568878967466,334.59311840654533,0.4471038999064326,0.37336544624193985,32.00177441872076,68.31674569255208,7.802353645151257,0.5965448485146635,26.847509281131273,360.0,0.6932909989972739,0.598743033662157,0.6237587142717286,1800.0,4500.0,220.0,42.0,0.617958375317964,0.5062504449176153,0.5175110488881375,0.21034982006072742,0.5905788583321158,0.5931573010193649,0.9062669448001597,0.7451047517956286,0.47781361226733055,0.6447806136434939,180.0,0.34626302022943806,0.790391589294638,0.4847849869691375,27.161191612860897,0.6260239252888472,0.5994002221769302,3.2176618584637087,91.66603594866737,6.71294113187753,8.149283285532064,4.551464116904722,2.0060419914766774,1.0294391224796184,3.6878641060678534,0.3133934030759511,0.35628654629770046,0.3673615094600627,13640.731213582098,149.02729822110408,public_private_partnership,0.5728631657673411,0.5139434564043489,0.6501292038482028,0.29420139258396455,0.019721252312208393,0.1495660246023683
QZSTM_140,Quzhou Shuitingmen Historical District,Quzhou,Control Fringe,118.86536691626128,28.96721440025021,tourism_core,0,2020,2018,0,historic_district,0.6281613663977799,650.0,0.6287742274695531,0.5215727663156827,30.63826947957144,27.212860623490307,8.877206420435703,0.6110212644793276,35.0,339.8917737611205,0.9419601699634793,0.8583560429259365,0.9810212058701178,1800.0,4092.317125066655,195.33760795328314,42.0,0.896940707905523,0.767304215610429,0.9102089182143756,0.11045101265522622,0.884142115269184,0.826236702162646,0.9511302461296709,1.0,0.7976946710026316,0.6764169482275154,180.0,0.49240398378070743,0.6141397422435518,0.5266841392581767,41.008820819840174,0.8960787486808272,0.9240180804430653,3.5864636262470038,50.90854655814757,4.7959440616363205,7.5816518818268355,4.844317582208152,1.152852317314609,0.5984051606554945,1.6739001308085801,0.6024610280501383,0.4922818479218863,0.2725655216539129,26089.93146251386,210.46021870556896,government_led,0.7669417751466655,0.575540084600657,0.1775224459080205,0.5807423894808947,0.12160840498822423,0.4064213191035597
QZSTM_141,Quzhou Shuitingmen Historical District,Quzhou,Core,118.85178652354377,28.977052153233437,tourism_core,1,2020,2018,0,historic_district,0.4758752581603465,425.70404025181324,0.7336910157584664,0.5560508359257945,29.923490454547554,68.97197103100112,6.921445333450373,0.5968459763172684,22.337426390195535,360.0,0.676188962978025,0.7338506397347081,0.8785984992822974,1765.0344768708287,4500.0,178.1588206166489,42.0,0.8260980217647955,0.5637658849820631,0.7669279084293844,0.18277904999257225,0.7155177898554472,0.5994388594420103,0.8388438008477607,0.8651616785618977,0.6390480712304986,0.5047666770654233,180.0,0.3625455154146595,0.6107881109820473,0.5495990376721486,40.21328369634294,0.7721182210814593,0.8545691791668205,2.3285743070735396,85.64801881655329,4.642141551125958,6.563150102940828,4.437820387646393,1.4332398506137278,0.7195871041026244,2.2495086477645607,0.6004355982808968,0.2996386642641787,0.22783163270878073,21666.800570047824,183.00766842393077,government_led,0.8416989630167638,0.5692942114132679,0.3554806667478197,0.7005108890423744,0.0,0.3734445537064944
QZSTM_142,Quzhou Shuitingmen Historical District,Quzhou,Control Fringe,118.87234618583123,28.9578747314391,heritage_core,0,2020,2018,0,historic_district,0.5667622318330274,468.97552648062515,0.6631407106774511,0.5496812559278037,30.102304339332424,55.79929531064643,6.9239625634330535,0.5923630167747578,25.96520740470908,353.9089770415851,0.788831516432085,0.6242560510299922,1.0,1800.0,4500.0,220.0,42.0,0.6053694443146868,0.6518521387160711,0.7786595738296853,0.3243544991252734,0.8804130858562706,0.6473256307389719,0.9218646770017566,0.7825039314143762,0.5332134686893009,0.4620976673017364,180.0,0.29480315702444426,0.6646386655949237,0.357911958863758,32.166376341914884,0.4869771676013231,0.6821447589242473,3.147076156723691,70.33415173682278,3.7415506469096087,9.03273350625367,2.878418140570567,1.5594912539349248,0.7561328843753778,1.8356393710786971,0.7243480340587412,0.36929426484637334,0.15488039874131393,24049.413311032567,88.35286288317546,public_private_partnership,0.6599304906517762,0.35518390238952835,0.5222782123243092,0.7621199611104277,0.3823235917902793,0.2029371703528518
QZSTM_143,Quzhou Shuitingmen Historical District,Quzhou,Core,118.87631434135864,28.97921941201769,cultural_core,1,2020,2018,0,historic_district,0.38027518453258885,563.0678774910151,0.5310087697858286,0.4749926525847969,32.710603602634336,45.632870198808675,8.52308814463186,0.699563117345155,17.213663904012957,360.0,0.6472964742223659,0.8848777102921879,0.6146377962375742,1294.7284567797153,3320.766537067084,220.0,42.0,0.6371631432141178,0.5902835789716238,0.7823914175003335,0.611336221065801,0.7173560756719745,0.623615030310502,0.5466688832882499,0.7596604069137353,0.48219646444269326,0.629453046196232,180.0,0.4718931924128946,0.6524307701854508,0.4172769332795582,46.924801683685324,0.840081086293598,0.918417145708531,2.6730774757276374,60.578215706547496,8.575240706711686,5.608096872039315,2.314865970003358,1.5123579026274254,0.5149060723402153,3.697788026732142,0.2108453613664266,0.3064576680292511,0.21989187407248278,22239.024046649825,223.56603031101784,public_private_partnership,0.8002517528511238,0.751213829512665,0.3540126120912212,0.23366690774664245,0.25958678458408874,0.13832579927534117
QZSTM_144,Quzhou Shuitingmen Historical District,Quzhou,Core,118.86912686084234,28.974968120912504,local_life_area,1,2020,2018,0,historic_district,0.5538262713398053,346.00042647302297,0.4902389798618006,0.3806596293407416,33.244769029464976,55.880235373146206,5.064190090043983,0.3749550335267006,27.98298098820547,360.0,0.7361087568476359,0.7198134170450922,0.6156558636421019,1409.1535728282215,3506.7031536369263,220.0,41.30331762710062,0.6196663821750232,0.5313823843626063,0.6212116210940652,0.259091021654863,0.6291320720527833,0.6167426923135904,0.7411029910305411,0.9001178001270436,0.43086863613473414,0.593162375988845,180.0,0.4605644629632203,0.6623313957345563,0.47227087935704204,34.16255094741949,0.6789045333087279,0.8078926082401684,1.8199177619733062,93.10067994902732,8.041129604846596,15.728575343066288,3.8733514488996663,2.4720128533563877,1.4739527790822216,4.053763777957259,0.14178987721005304,0.3106110444874176,0.39573711740847245,10967.66065589057,221.16144442769718,public_private_partnership,0.7034226955499847,0.6054153303105192,0.43454408549095774,0.05669753878230177,0.11529003648787996,0.14283813943367052
QZSTM_145,Quzhou Shuitingmen Historical District,Quzhou,Control Fringe,118.85982503919347,28.965100997782045,heritage_core,0,2020,2018,0,historic_district,0.559451988384149,496.8204088285819,0.5488315071478591,0.48378822534241506,29.188328354978317,49.625026475622164,7.248744110758367,0.4495106511968314,16.607455950025248,314.9863972877236,0.8336542842403237,0.8416803045546415,0.9141181015423034,1800.0,4500.0,220.0,39.26034795694678,0.6308809531435841,0.7513474355530096,0.6470167524463691,0.45215040123864975,0.8572319166559235,0.7203583054109056,0.7822112612736586,0.9841595092561283,0.49833916002008566,0.5525185427383962,180.0,0.3894274265829104,0.5860206934015619,0.4436461568419563,37.17339888930348,0.7732846394774726,0.8599622297241738,3.4859424863313953,71.65760868486998,5.229558291792953,4.471927461065471,2.2555100060602067,1.6201306356535243,1.2610772135791382,2.052868472732665,0.5357977107030846,0.5755451399441137,0.2897948435762012,21346.593034052396,132.367339106406,government_led,0.9518186937894529,0.551209942839599,0.38379195959122114,0.4466198249378557,0.2663107341857024,0.2500633912779303
QZSTM_146,Quzhou Shuitingmen Historical District,Quzhou,Control Fringe,118.85037252779208,28.97566630247272,heritage_core,0,2020,2018,0,historic_district,0.7077490073183389,647.9646035238183,0.5166702392681118,0.3900375284049358,32.230104446216295,65.34762872130128,10.425523033134166,0.6109830741224175,30.6653722071256,360.0,0.7725122193264896,0.6240646998515798,0.6412129927395939,1800.0,4343.90833597031,220.0,42.0,0.6800934996952731,0.7852688909458154,0.8864631109958213,0.2764603756463123,0.8150003362183889,0.6402931242566661,0.8335100757545242,0.8716730982688169,0.6030329618965817,0.6730101867690587,180.0,0.4049144622242533,0.7570126247131015,0.41466041891725236,26.696764774599263,0.5638713862398609,0.849089864026365,4.297031244104315,38.67646818026168,7.143431522175893,2.0607217781783365,3.8505337433348545,0.6612174611285957,0.19266640319674366,3.5877371230824218,0.32458822460322373,0.4838990684888124,0.4027262167566838,29887.07525731835,168.2702142941759,public_private_partnership,0.7193132855230335,0.6531393752117832,0.5669739083138902,0.4132156252444024,0.1722324720412983,0.3937319392473679
QZSTM_147,Quzhou Shuitingmen Historical District,Quzhou,Control Fringe,118.87590882194066,28.972350270048928,tourism_core,0,2020,2018,0,historic_district,0.4339837246162503,444.4109727683807,0.5549617830807316,0.4489079175451987,30.970276229784478,52.57000856505675,5.6818073184453555,0.6149699936618072,23.670831539248056,360.0,0.7602457743802112,0.9045941526793625,0.8488866209561471,1800.0,4500.0,220.0,42.0,0.573531831437286,0.6809437050572905,0.6337511885341062,0.4460119889192693,0.6685438873793919,0.7133824859066233,0.7860917883169893,0.9496455769229067,0.6613096833418142,0.6664750417941787,180.0,0.5466352217514497,0.6165615756990412,0.5244822699302599,48.0,0.7541100591724147,0.8877392879574779,2.5462264979562104,80.68610990349218,6.4678380720790285,8.725237359164472,2.9198689672774636,1.5148458688047588,0.8327042959388931,2.4578979702801975,0.48035744769495653,0.40406804603670876,0.3219502413962631,16307.795928655516,239.4989366910048,government_led,0.8831936316417253,0.7318835066653935,0.3630223934168977,0.42467355703194515,0.15476880953703537,0.10060755841389865
QZSTM_148,Quzhou Shuitingmen Historical District,Quzhou,Control Fringe,118.85824424609442,28.979595318948817,tourism_core,0,2020,2018,0,historic_district,0.6030799203170581,235.53054755537084,0.5919568491369424,0.48746980458099043,29.590416200246125,46.446176660970345,4.0859660632953325,0.3565234217410901,27.41043344437719,344.8065535923729,0.6238502416774149,0.7791397327869373,0.7341936011318916,1515.9131854288635,4500.0,193.88656481084854,42.0,0.5805508761079862,0.48006067671046526,0.7173145752683917,0.39771692809085046,0.7624445785046653,0.8048335129893164,0.7799623020483153,0.98316909041737,0.5607810495665929,0.43990663682297815,128.6547345873459,0.3426791109495118,0.49734504347163777,0.33788815717023424,34.13372277336461,0.6655200599990533,0.6619102068186833,1.363463229586521,95.0,5.585599256823888,16.096138831673823,4.137582144408019,2.57501877098315,1.2204665806745103,2.390545674329475,0.4894589244232792,0.472925464429209,0.3142099447068721,10602.70409884893,123.72498674673263,government_led,0.673610737810746,0.45536732077291553,0.30558270852132613,0.38676173697341354,0.372538450155252,0.2620944104964555
QZSTM_149,Quzhou Shuitingmen Historical District,Quzhou,Core,118.86547420482857,28.965840970893975,tourism_core,1,2020,2018,0,historic_district,0.7193487760144963,650.0,0.5448302413011312,0.3793879090088135,31.500620664629693,58.00440150998596,9.944638019217171,0.7037391674439483,22.752358791833235,360.0,0.645076814907456,0.7598969137920534,0.841472955920058,1800.0,4500.0,215.80939455598977,42.0,0.7479095641384611,0.6136615293220272,0.7692176565973519,0.29662213544996496,0.8013211448084621,0.5294244437100428,0.8991935497248964,1.0,0.5187783742469358,0.45856973696809744,180.0,0.5121463315451563,0.5509026618414531,0.2779027522253012,31.494837948296468,0.6350892722754695,0.848135384145399,3.8180326602719914,60.36932049905441,6.045303449242828,4.469573879696345,3.635938538066461,1.4388618023304536,0.34784503753317353,1.7696215837858298,0.4486437608641111,0.48344947561034146,0.21206282188764417,21775.68966411773,64.32428556338101,public_private_partnership,0.8809884821313878,0.3534073806828487,0.4783365498004924,0.5097437808891799,0.21369943894605448,0.561850498962681
QZSTM_150,Quzhou Shuitingmen Historical District,Quzhou,Core,118.85865468725689,28.946687673011084,heritage_core,1,2020,2018,0,historic_district,0.1654717077121217,461.13196093024385,0.7247201122968528,0.5307693867579313,31.149176684196124,51.94667935419198,6.694170375457723,0.567668136320907,30.248557648057034,333.53496330119583,0.7334022250645674,0.8768894088742524,0.9654120123525856,1800.0,4500.0,217.5894489219693,42.0,0.5923287549691411,0.5871005813376098,0.523133179839517,0.2936890178685435,0.8771356464259996,0.8632352397804883,0.8911059596564402,1.0,0.6565834205236742,0.6073789555818846,180.0,0.41885064990661564,0.6310343114026231,0.46303049848765027,44.21388693950092,0.7038016537906304,0.8555605247352638,2.7604579465935464,63.432879975259986,4.537662180455662,7.041557659799256,3.886791899251669,1.5175308474329094,0.8727557961059946,1.630618969502004,0.7591472205951673,0.08157619925550705,0.12531699331228738,15832.192467867479,159.96561765904372,government_led,0.8073243392796586,0.5539024474245168,0.3160722636259867,0.6623103318164767,0.16972646006122136,0.28989751943895087
QZSTM_151,Quzhou Shuitingmen Historical District,Quzhou,Control Fringe,118.8415856100886,28.968135091029225,local_life_area,0,2020,2018,0,historic_district,0.4864529591678783,558.0284771783128,0.5159891362796251,0.4633811256498157,30.816250346215174,73.84121224663717,8.965140133515053,0.604966749774539,17.44312415096949,312.84471315305296,0.6835331994143272,0.8615636093385308,0.8575129986077733,1800.0,4500.0,169.09252393803465,42.0,0.7786837071245789,0.5675103263095556,0.606170782290881,0.19722370285248095,0.8179459575729253,0.6829359920160459,0.7250867893919208,0.9222574334790878,0.5369256839768024,0.3620564019003696,169.9155683821734,0.1976937318060784,0.5957482507900641,0.2069680869742941,39.86074657666046,0.7516679873582606,0.7699028610251082,3.3152708501506334,60.64241604621198,3.7836743872065215,7.876447260841856,4.126433183327106,0.6685023982458189,0.672406154362771,2.1850771551335417,0.5945793832785713,0.4363766882864305,0.14187566571058433,25181.689924483748,58.293711305843324,government_led,0.9100845299363288,0.145023796880401,0.6031517690488619,0.6181637345048894,0.09494676857630835,0.04414710383879673
QZSTM_152,Quzhou Shuitingmen Historical District,Quzhou,Core,118.87988599924833,28.96880276323195,local_life_area,1,2020,2018,0,historic_district,0.31926955886349123,627.4742655917458,0.7123632596170965,0.6481766459095009,29.37160459031945,60.14930091635349,10.36542530553409,0.6293146518752114,14.406935126497329,360.0,0.7606497946900637,0.6922685294818987,1.0,1800.0,4500.0,220.0,42.0,0.8351093621899609,0.7848289292221861,0.7501195002723996,0.3695116083972637,1.0,0.7401836749048999,0.85217597840117,0.809888865274795,0.7179688813682764,0.7312129789958607,180.0,0.4698899541467824,0.7534807564615533,0.5367192876280626,34.480090562042406,0.7405020434308008,0.8069463274739868,4.072634211463209,39.49596475623183,2.8244847198167538,3.975422316726597,3.405590544405977,0.6273717641413067,0.3241004526588753,0.4126079221648117,0.8947086698291253,0.16724279604328574,0.23200748378983402,31119.90505897476,266.1109573026371,public_private_partnership,0.7265150130696059,0.7822897429406185,0.475408460528298,1.0,0.4719984953231137,0.3691793542095123
QZSTM_153,Quzhou Shuitingmen Historical District,Quzhou,Control Fringe,118.8664408255116,28.989574021566597,heritage_core,0,2020,2018,0,historic_district,0.5669916976607466,317.23736452017954,0.5342932481063991,0.5368961827226005,27.20570066567618,62.6395176395817,3.4627000705387485,0.5004661391255008,10.123212703993037,360.0,0.8073728117628178,0.4890301609430333,0.9664608919558588,1800.0,4500.0,220.0,21.59365929417241,0.45920052635332037,0.5648103677904701,0.5451058957863542,0.36633402553314104,0.7729817325172382,0.7038423592614521,0.9139401737941734,0.562792771323368,0.5409385998221556,0.7268200586134905,180.0,0.6380256751386859,0.847216458162541,0.6470423610469748,16.033347729280184,0.6538503020355504,0.7385679959410024,2.1647418155623317,71.30923581760162,4.752209645092704,15.285443585420634,3.7614179398348075,2.526518173750471,1.731923313825285,1.1071951454078885,0.7078949947296288,0.25584344418197785,0.4384378256801083,9196.283077841677,280.0,public_private_partnership,0.3937921659828057,0.9801327978806544,0.5202436656914182,0.7202376416530771,0.4042323682068174,0.23220881776375205
QZSTM_154,Quzhou Shuitingmen Historical District,Quzhou,Control Fringe,118.86063262045425,28.964865677423408,cultural_core,0,2020,2018,0,historic_district,0.7871250566471748,650.0,0.736677939218164,0.6547571425028408,30.420964788096033,61.86065699151528,9.016216624274218,0.6269734787083272,30.393468308630716,360.0,0.8608932413292442,0.7897779781673355,1.0,1800.0,4500.0,220.0,42.0,0.8886205875318566,0.7145653161764958,0.933549995512459,0.2743548542771144,1.0,0.8346294321133487,1.0,0.9788882813241774,0.835377051723737,0.5994272958697124,180.0,0.3879625959832087,0.6865306890479438,0.5742641111662934,35.15719755967238,0.7536478138345528,0.8469236532678006,2.6248357888712643,59.73843736776033,3.6367590079368566,6.910732141062664,3.5339309576595266,0.6245055785629078,0.5398489537324316,1.5356950715385684,0.7547888204319938,0.6389904173362795,0.3567908839567584,24931.354424388068,178.5322452836281,government_led,0.8343505236673205,0.49112778554915426,0.3619719489699504,0.6629278710210595,0.0,0.21617870426648322
QZSTM_155,Quzhou Shuitingmen Historical District,Quzhou,Control Fringe,118.85872650583266,28.964806341338356,local_life_area,0,2020,2018,0,historic_district,0.45876636977849733,381.2368480359564,0.7004849810683338,0.5238837640368926,31.224273870933835,43.48429772750558,5.476722786473719,0.5202264673412111,35.0,264.8427556635267,0.8184702696571631,0.766264712822864,0.7569621852836452,1694.5755635676996,3729.7865329812957,148.57553288993077,42.0,0.4968569328986556,0.5634439162236006,0.7206759576417566,0.3238662669420964,0.7388233809211749,0.6294077385744878,0.846850157352537,0.9715467188539314,0.5867853533375474,0.49800062649920457,156.5328095604521,0.4962792264883966,0.5494647215232802,0.2604121259398745,36.358587170688594,0.6565008692932306,0.860381458801089,2.4587590705340396,77.9923171103929,4.681214024630272,13.303026866605675,3.421639848795685,1.6205807795057419,1.338651698371985,2.6880059883952487,0.4861579107037454,0.456562650172314,0.26854246905273993,20049.12058138797,136.75089949783106,public_private_partnership,0.6676994613615821,0.40674246846110984,0.16031791154901487,0.37172268020825566,0.13584817261188048,0.5892402800899053
QZSTM_156,Quzhou Shuitingmen Historical District,Quzhou,Core,118.8564556392882,28.966215795272372,heritage_core,1,2020,2018,0,historic_district,0.3676976062955917,447.843981899677,0.7269867969591327,0.5058293433745276,30.484258267207125,77.0880125186255,7.942766776665875,0.7365866509188563,33.38148892618102,360.0,0.7456470303187264,0.9237922800268745,1.0,1800.0,4500.0,220.0,42.0,0.7708185275226175,0.6789921277781654,0.6422828059833707,0.4562714744363924,0.7937206513013828,0.7024241389585377,0.9531349107409182,1.0,0.7025690559570914,0.608607888356954,180.0,0.37726277877087583,0.5963355476693578,0.3617597958846683,47.27090684292102,0.844837223273512,0.8860646265754755,2.356144395738071,82.72902439533931,3.8158301408282727,7.820073810426613,2.7279494095471737,1.3921777827363744,1.148487144996486,0.8286462756617646,0.7940128390370891,0.3750564324842875,0.09604415446057926,15913.147530957634,68.36942314457923,government_led,0.8015380721527252,0.3397973922924885,0.5531500644767425,0.8222233709503269,0.0,0.2355640294712857
QZSTM_157,Quzhou Shuitingmen Historical District,Quzhou,Core,118.85931643769361,28.966057155589137,tourism_core,1,2020,2018,0,historic_district,0.43468303207316256,388.8450880130943,0.6829538856074948,0.510948348588136,33.456430854427,63.65768418519884,6.048764455210012,0.5576106367545444,32.6889677976066,360.0,0.6344683528243431,0.8594535860739381,0.8098088799122812,1726.9932258080457,3845.2320243935314,220.0,42.0,0.6538439319353068,0.6530171003270753,0.6000380002267088,0.5471909687876645,0.7998967579398687,0.6779999344505584,0.8793591091065545,1.0,0.5066049236316441,0.5590257077929484,180.0,0.5394689190728875,0.6886718425018992,0.5084636556262345,42.527408728601806,0.7886627899108751,0.9840261284091435,1.9399164064447723,95.0,7.479447857892948,12.472283356076158,2.036654412076684,2.3028834404192753,0.9219986262774362,3.185660254402282,0.31979328997088513,0.3881216809907054,0.3309034426564948,14007.624749935125,137.73079930375258,government_led,0.8544472600560147,0.6020188403063883,0.42990043131553096,0.3735590452619087,0.14283061154287377,0.2765673131765147
QZSTM_158,Quzhou Shuitingmen Historical District,Quzhou,Core,118.86852314878908,28.971010002844462,tourism_core,1,2020,2018,0,historic_district,0.8451639975664413,641.6584707807065,0.5704386528626983,0.4373513680468555,33.228714131131056,46.072360899768405,12.0,0.5232981196377555,30.28817544993256,213.20699129112802,0.6602374253815835,0.6867386973972266,0.8265109310096888,919.7019476985699,2958.86457228529,134.74160540458155,42.0,0.7251094454518556,0.8510388235609029,0.7538936706772857,0.5069151097366633,0.6275405795817297,0.7063025222252695,0.7321168261724226,0.9125536699705531,0.5640786521374707,0.5082872539261081,180.0,0.39052672354587814,0.5416721036684297,0.4131452513298043,29.910988307219924,0.5954990777936774,0.7752521286647696,3.276677146330935,50.78018367180231,7.345051348024359,5.5795608210583865,2.885477367411754,1.0749412560985652,0.535735272739818,3.112985830437151,0.22769731442309993,0.5735562551861307,0.22571375428782772,26569.6102275553,53.98243327822722,government_led,0.8222341211663389,0.26900736833357,0.10299876004501525,0.229142138377915,0.0,0.15459634702736283
QZSTM_159,Quzhou Shuitingmen Historical District,Quzhou,Core,118.85580276519319,28.97525080086166,heritage_core,1,2020,2018,0,historic_district,0.2863644038905655,585.1577054032298,0.6197609632903099,0.5065947071397189,31.199897653632423,64.68863825241388,8.809298141906037,0.5308623214011019,15.305946614958856,360.0,0.5622408538128238,0.7366815618663273,0.9637653792032111,1800.0,4500.0,220.0,41.2340369185309,0.7397392349963268,0.5829032305550647,0.7926778655664379,0.298431875306478,0.8597088464915641,0.700558085812354,0.7835239368443648,0.9141948250157488,0.6394812269311569,0.7383606553282416,180.0,0.48805690824180065,0.7231755492701145,0.537186222361629,37.09129019439264,0.5871991440160804,0.6932214853528903,3.9385529647766537,51.13222896030031,3.858804988638306,6.774152194385654,3.3725475263313784,1.185173042506681,0.7827223978603204,0.9340960288971163,0.6883853778566698,0.26195653443225364,0.1715674694828382,19251.555242695795,135.10508110848716,government_led,0.7586675336638304,0.6003767121060388,0.5720605932766634,0.7264167866794243,0.0,0.12761824466707333
QZSTM_160,Quzhou Shuitingmen Historical District,Quzhou,Control Fringe,118.88095226718725,28.98560178606908,local_life_area,0,2020,2018,0,historic_district,0.4627046391242181,314.5688409297626,0.6581114373249808,0.6225860037398687,29.58299400441038,71.78272086994214,5.457686532261441,0.40506302955082707,21.023658490015535,360.0,0.7322744656153267,0.6151145432985169,0.8904012748803105,1800.0,4500.0,220.0,29.384340452211873,0.4935375254957854,0.44772558408177754,0.7249362437245235,0.4845943016367067,0.666825876424856,0.6052111340755062,0.8438306634103533,0.6029653761841571,0.6677301603424778,0.5979668884930905,145.38868440510979,0.4444278380364138,0.6563934749210836,0.47801970508106006,28.930431005909313,0.5679960006604514,0.7290456148934085,1.6313030616676778,95.0,4.503739562271763,13.76442808010782,2.5331264617173583,2.9031880301497797,1.585313432387455,2.339892232633511,0.6523509841528443,0.20995099944692452,0.32821558710021564,13989.599373960278,153.4533534887591,government_led,0.6505384985710375,0.5003035733017481,0.7710570743174212,0.6613134314104999,0.1333129930709248,0.3973653786181036
QZSTM_161,Quzhou Shuitingmen Historical District,Quzhou,Core,118.87141241380502,28.977258113251885,local_life_area,1,2020,2018,0,historic_district,0.6783492946848956,491.5985253003848,0.6047615847622733,0.5762595858356505,30.82896267221918,27.665119975709622,9.019113051935769,0.5492880399102669,19.775684964316216,338.8568397647654,0.6335819586131293,0.9277803125168109,0.9786526852984091,1766.8401846659217,4500.0,219.67122471605563,42.0,0.6694605985118929,0.7418506141706335,0.7131378648567759,0.25067263846826704,0.8470288612261944,0.8741454349196914,1.0,0.9630209411978394,0.46325424236287827,0.5944872383330365,180.0,0.4595158418095175,0.5351771382418459,0.5495192629385808,42.11114665166891,0.8643484496416042,0.9238467136800033,3.5109488825248727,57.815042939550096,4.365009562754209,6.761441555728756,4.624928602925162,0.8326478306124699,0.7911887882970636,1.518856483793299,0.6604960194637909,0.731794010011732,0.4039872459958334,29437.840148627976,190.58479349029676,public_private_partnership,0.7867637441184814,0.6452333984340871,0.08530991236035197,0.7346835887434082,0.4007023055115526,0.09532450946267616
QZSTM_162,Quzhou Shuitingmen Historical District,Quzhou,Core,118.88397153626781,28.975570536445698,tourism_core,1,2020,2018,0,historic_district,0.36025215363414415,505.8833583369786,0.6144792781977689,0.4262589303254433,30.816852758441012,48.99687445198203,8.600195517798692,0.777604404250775,31.593178729853655,330.2050147347687,0.8746377784571517,0.8339696506172171,0.9060837871205167,1624.9288831586302,4465.157484306545,210.14698276265293,42.0,0.6953083938743216,0.7974303249371558,0.7500864967533547,0.2821190752614923,0.8482096284554446,0.6867619102041354,0.9215328112176244,0.902938685437742,0.6401608712888706,0.6529389087600228,180.0,0.43343350503405936,0.6147923541725194,0.44127058687340204,37.015632232432544,0.7803067768632712,1.0,2.3713753737039864,66.26013953677287,5.8503419629611475,10.879264623090275,4.210167044594205,1.6020663788566492,0.4309119563662409,1.9892833188384043,0.5126896394089492,0.2543919551468839,0.09925915705123574,18214.622206207354,151.25288955126516,public_private_partnership,0.9225219935662112,0.5274990742448573,0.19676004899677493,0.47124670055327383,0.22616020205920268,0.22961013313559014
QZSTM_163,Quzhou Shuitingmen Historical District,Quzhou,Core,118.85012409323295,28.979590473389607,tourism_core,1,2020,2018,0,historic_district,0.4555199731907751,308.93879692655463,0.6320956619735821,0.4532838985220698,32.59733128157865,32.624117217184924,6.2260688718694395,0.5860850826390638,19.070482911486064,345.00843581788257,0.6443701194169666,0.608038035537481,0.7946060271494693,1314.9108332515593,3327.6266826182623,205.23981339558736,35.471981849299745,0.46718454477869453,0.6100256465306401,0.5572603644725697,0.08886793281873584,0.6366250597920768,0.6660850426606848,0.7083887014390403,0.8393744650865429,0.5309904707228169,0.6485506931698155,180.0,0.48984377652494376,0.5480725428169236,0.501433380015182,23.58635157561548,0.581757477584245,0.7648127316031573,1.917640932192273,85.14608647205507,4.592337384921077,12.477615263024164,5.26493005516559,2.531701092793166,1.5411781140350547,2.8673824028947856,0.38954052797512867,0.2904323474418443,0.2745479561890462,13659.197979228304,182.5041172065643,public_private_partnership,0.6205199353487213,0.6456903675559351,0.15305237575017688,0.43715058977607724,0.14817960373834788,0.04403695908521794
QZSTM_164,Quzhou Shuitingmen Historical District,Quzhou,Control Fringe,118.85999752248178,28.975389898992788,tourism_core,0,2020,2018,0,historic_district,0.838388481600984,529.828701377977,0.7020175659782243,0.43460346573079367,31.24283255198646,84.3287382059292,7.1406693621680155,0.5896968544765737,11.409121507530136,360.0,0.6783781622819505,0.8380448834403982,0.9124250228313873,1800.0,4500.0,220.0,33.93752550052805,0.7609649995288995,0.6521791684100717,0.7444753392746156,0.41991961985130694,0.689757559949681,0.8457749063069663,0.9808777750210896,0.9428301136156854,0.6715188404851107,0.7279585712093487,180.0,0.4477513945018006,0.8865512791831516,0.6146233236496673,47.084000324448034,0.7063253557700369,0.8467447023036908,2.8251676235038685,66.26687995674027,3.7431495332455236,7.221627463750465,2.8583534136726465,1.7685678541922343,1.1818785399135632,1.7284276959145262,0.5753434416030972,0.7281071760419554,0.6669773639779376,20761.079867632892,236.8236324276441,public_private_partnership,0.8248870691714197,0.7962646406190137,0.6640260471341782,0.6562892171106363,0.06592261589088085,0.37227545680596513
QZSTM_165,Quzhou Shuitingmen Historical District,Quzhou,Core,118.85807599731989,28.96195909235802,tourism_core,1,2020,2018,0,historic_district,0.907609428235549,403.58046446328365,0.5884976318414152,0.45812562227946174,30.830271993256364,49.38100403930869,5.4193371571914355,0.7107813553105592,20.37813076038973,360.0,0.6889413479139406,0.6424310989899509,0.7861246766196296,1334.9917999207807,3511.283202483029,220.0,42.0,0.6618851256071705,0.5232507062785401,0.6336856305500643,0.4093939089060362,0.6378011754729991,0.570494549493369,0.874102844050681,0.9160576769728492,0.5146190874921306,0.555832845563243,180.0,0.46312603502357824,0.5895129655971569,0.49719680286232787,30.264902316079844,0.6469552100389394,0.6920320899785615,2.4045539290092997,83.19392021980163,8.822831582789394,11.830706847016064,2.948322635270144,2.1424267931623127,0.945862277132987,3.587565134827227,0.27450058111078834,0.5903765014160057,0.6998657697773337,17774.752267419943,188.95802854955707,public_private_partnership,0.6825768832564948,0.6910391515256646,0.34074137252228354,0.212739789205284,0.2502605934668706,0.08602595829064914
QZSTM_166,Quzhou Shuitingmen Historical District,Quzhou,Control Fringe,118.8615805883875,28.96241170137809,cultural_core,0,2020,2018,0,historic_district,0.6499716720304287,601.1791746490616,0.6126181618613739,0.47482055417872043,30.106619307414956,38.64100002825326,6.567485744667888,0.7160695105870626,23.622009512504345,360.0,0.721675482987145,0.748271327198584,0.7962251418093597,1800.0,4500.0,193.43140516899803,42.0,0.7056015873834998,0.6565290038206292,0.727738741746258,0.45549220185404155,0.9064689893323004,0.8182668037950466,0.8150533272448323,0.982055548445609,0.5135062214821711,0.5145015537413615,180.0,0.4238428842455013,0.648603569156546,0.51648817028452,35.6057883662823,0.6660516585022898,0.7991997818068943,2.8412273433297823,64.77412027278474,5.122370815185597,8.485727003783978,3.0243927072733148,0.5539165056046415,0.8788715124319941,2.036053233961992,0.5739495653678562,0.4677651328550278,0.45671976071901277,28657.707103694305,207.71739638309475,public_private_partnership,0.7413416325446365,0.6193980789088435,0.2829456316063823,0.6254454256019271,0.0,0.08572645767059736
QZSTM_167,Quzhou Shuitingmen Historical District,Quzhou,Control Fringe,118.8612628664034,28.97285635932746,heritage_core,0,2020,2018,0,historic_district,0.49959758225432976,573.7579936492782,0.6198975299393853,0.4073776952317235,32.65283712783632,29.558155223091394,10.512595226251994,0.5404327629155011,10.482235531192021,315.90287341208875,0.4897705819191221,0.8443913279842791,0.7591523832377203,1208.00815115798,3442.4060662056945,216.2389715790324,37.48315629767389,0.7861700581913871,0.5713687866605441,0.6548086318464302,0.29917397565177345,0.6801266391645578,0.7521350090488259,0.8569028548304333,0.7505461015784805,0.5322033141185841,0.42664005682584083,180.0,0.5029743539868383,0.376323073356959,0.5747141373676654,45.710132590095405,0.7821813842095704,0.978659592659816,3.6081028935607975,73.60006572644117,6.627024451176707,8.630071609283743,4.183271311996997,1.1576367548047506,0.49586625733915174,2.5443934242656314,0.36323035034939893,0.4368947953046543,0.3778596956952949,21379.00049996094,197.0875834984181,public_private_partnership,0.8342675298856247,0.6579936933135018,0.1370306486424314,0.507014384885656,0.22700845445710155,0.1266529221650118
QZSTM_168,Quzhou Shuitingmen Historical District,Quzhou,Core,118.874721842912,28.961903691603528,cultural_core,1,2020,2018,0,historic_district,0.6056925450125075,329.974943228822,0.46424937004728994,0.3797898040320282,31.762548593035792,49.937560410837385,5.027832047800975,0.5002064216597774,22.07093733617624,360.0,0.7823459981390845,0.5623485304390166,0.7677092038754683,1733.650829497134,4458.49724233284,220.0,27.057872056549087,0.5478290637763268,0.5431841865920363,0.6781582941283372,0.20488502194073238,0.7167773301929373,0.6539838343009057,0.9649920139976196,0.7042332163816943,0.5551203051052788,0.6049136993717026,180.0,0.30671431237264346,0.6056259683684659,0.48601881819221054,24.555888924481284,0.6417428842499034,0.7268281107459837,2.1793192042727103,95.0,5.884936388551072,12.672136391194735,4.572354029022662,2.4421405363775985,1.6780087397787358,2.940824482702667,0.4417515195813009,0.3820561474487204,0.337849645799184,8254.051264388963,145.12771350827302,public_private_partnership,0.6924104204265541,0.6388050646735958,0.31438269399841984,0.5835153015687016,0.2491139356595075,0.1261858222920826
QZSTM_169,Quzhou Shuitingmen Historical District,Quzhou,Control Fringe,118.84731548642807,28.97083839646487,tourism_core,0,2020,2018,0,historic_district,0.5652892593540413,328.1505699895928,0.5024332911194407,0.3935026747189078,29.497169951270646,53.04224060524213,6.536393004772404,0.3985198354207523,19.221244352507277,360.0,0.6847056556239008,0.5439683308134243,0.7327848102058019,1514.3463242166188,3563.245133156394,220.0,39.78286600402459,0.41120446048455306,0.4834542717230703,0.5132562381134673,0.31524344717794606,0.5302331321946457,0.627062850443274,0.5399001739067322,0.6750302397876936,0.6343885165527778,0.507504211447378,180.0,0.4723507881028974,0.5944173054967606,0.5507808453736647,29.438940464116087,0.674399734667003,0.6517351442642377,1.9692618891587041,95.0,6.18547563237756,13.481934897346276,3.6857598959912434,2.9284947593396145,1.4137073417283743,2.6633755416180636,0.3392314430871677,0.294362753721017,0.40902713983210454,10584.398841710788,221.91017346574313,public_private_partnership,0.6789923673841463,0.7729438407669347,0.3092869016406887,0.1947577724416737,0.2626037771139886,0.3180412840441814
QZSTM_170,Quzhou Shuitingmen Historical District,Quzhou,Control Fringe,118.8652855468566,28.983326721656308,heritage_core,0,2020,2018,0,historic_district,0.9216794777061454,509.7326497892273,0.7618803966369929,0.5102853140115079,30.667364772523428,78.33858636522305,7.0135721590119875,0.4917272641000771,22.312220167979394,360.0,0.680443665815684,0.6417014698406539,0.9275300871520827,1800.0,4500.0,220.0,42.0,0.6541843193569025,0.6879618477962423,0.8098826783642671,0.591266674446338,0.8339476149138929,0.8170945230025025,0.7090172612072421,0.7189642670146558,0.6672118883582021,0.6231254436065503,180.0,0.4068200586058584,0.9795734861938137,0.5793611989555255,32.73684642080813,0.6273788092539966,0.8921385710742762,3.5355751308314476,76.5068397481793,5.014207578241036,11.170009566962328,2.352248632142937,1.827988018154135,0.8513797525909776,2.4570746676319013,0.5813382376045557,0.5885198408937732,0.5402905920914786,21327.128393435964,178.9756469794091,government_led,0.6043915976867151,0.7201383092647549,0.6744943216785448,0.5857134302890505,0.20109931080279717,0.12666664212858614
QZSTM_171,Quzhou Shuitingmen Historical District,Quzhou,Control Fringe,118.85995608097241,28.952904337917747,heritage_core,0,2020,2018,0,historic_district,0.623733002638618,514.9677488606653,0.5049524997334859,0.528994149756156,30.9326758376045,73.23251489187257,8.705378776871985,0.7624778802456649,11.06789591881992,360.0,0.5342859189667026,0.8562649392981148,0.823517178379259,1800.0,4500.0,220.0,33.119717109275435,0.5647285322432414,0.4433534328768674,0.7713920135904986,0.34186345131037726,0.8563948999336924,0.5827555620911071,0.886508772663559,0.7737719360978279,0.4901933669340206,0.42880764602876154,175.06254002227595,0.397473825524132,0.679754133037609,0.2872243712333571,40.85545632923596,0.6409902470220333,0.9368184234296317,3.1797916241413304,61.492333022228664,4.711797673173363,7.975909557407218,4.039634722416538,1.5628797233853218,0.7403343771146136,0.8470912467665864,0.6536923994951035,0.557083569007098,0.1852238630893796,20465.212606512687,96.7054268650022,public_private_partnership,0.8155506827750819,0.35705425626889775,0.6428007366961748,0.8467585478834554,0.15885493166339412,0.2348417748361662
QZSTM_172,Quzhou Shuitingmen Historical District,Quzhou,Core,118.88543816583763,28.97022195979542,tourism_core,1,2020,2018,0,historic_district,0.26301339160796827,416.6483327370992,0.6184068901203909,0.5969505808113144,30.026592549762217,77.21799939184493,6.122648100952821,0.4942473822017192,31.445018515933608,360.0,0.8016657321414886,0.6216365173903406,0.9595567348363905,1800.0,4500.0,220.0,42.0,0.5827741801772135,0.5817419667392489,0.75755208203855,0.2932959798355081,0.9067055174749628,0.8152522257206846,0.8964654888196266,0.7736557935657387,0.6865034611168495,0.7388738404757552,154.7990215695593,0.39970514098878274,0.7218705702615246,0.3812425908207985,32.8847959474331,0.49416197431899833,0.7753833055346924,2.7718982208782776,59.79354395766155,3.884601499005592,13.046878494200984,4.2374809007002066,1.1210509867753418,1.097844928050814,1.793045931004841,0.6464512671259244,0.10425200005610405,0.05377245134478963,20978.58900312849,107.10246958887979,public_private_partnership,0.6826467621632958,0.38566381851571074,0.6202576497284611,0.5358418551281751,0.38627692674611125,0.03441808552021737
QZSTM_173,Quzhou Shuitingmen Historical District,Quzhou,Core,118.86635331559442,28.969186945592547,tourism_core,1,2020,2018,0,historic_district,0.42569927902269417,634.89426165534,0.5066668048037134,0.5186243694292176,31.709370606360647,74.32105563828563,8.238119981344916,0.6107685250554705,25.81872194458035,360.0,0.7045363107687261,0.6127156843787298,0.6873312417471906,1800.0,4500.0,220.0,42.0,0.8726543683214882,0.6309249315486144,0.7842550619257044,0.167710920906498,0.904528658134289,0.7190361998842641,0.8280834759641631,0.690099593579379,0.7043097935915832,0.6637368461852753,180.0,0.43455220923281995,0.8516393428888931,0.2331073988474762,26.098559065619643,0.6671721649420612,0.8319304457028199,4.05156745352077,51.68240092581124,4.139061440570023,4.585414895999497,5.107655331690509,1.0896290204391574,0.6056754312969905,2.0568726262723995,0.5777300618189298,0.2075706943071434,0.18066662899669594,25122.937378611707,129.94387117406234,government_led,0.4949426882735525,0.4770726238788489,0.6701310015083269,0.6253471052221867,0.007118655746170183,0.20885572194457477
QZSTM_174,Quzhou Shuitingmen Historical District,Quzhou,Core,118.84697270386215,28.968352537840406,local_life_area,1,2020,2018,0,historic_district,0.42595215130794956,308.4666876918234,0.6728248461757266,0.5309791639152712,31.99648309706102,78.22709678059034,5.3540499884158255,0.6465431500101189,35.0,360.0,0.7857434794887965,0.5671447198419439,0.6634646921822523,1800.0,4500.0,220.0,42.0,0.6130832386999524,0.6727542832570931,0.5124885968373437,0.4955551720369712,0.7106106323339665,0.7476278696413772,0.8297584852884075,0.7553263530099659,0.29642526700364236,0.6103415650751085,180.0,0.4588844805725266,0.8439606927666845,0.6060514933873704,27.109869058552626,0.6337687079861273,0.6914972958385344,1.7664564917782337,82.91495691191443,5.653519846586807,11.795816903535911,2.684783157573448,1.917040320905474,1.3871756529480126,3.3350952865589303,0.4114032012688083,0.30261793800310344,0.25674262054103475,11743.336181651819,117.2337345266564,government_led,0.6433053643244724,0.48644265350447524,0.7063256321846758,0.3966719718106624,0.20314644426842127,0.20764411575472053
QZSTM_175,Quzhou Shuitingmen Historical District,Quzhou,Core,118.86394705815533,28.98128746109647,heritage_core,1,2020,2018,0,historic_district,0.7327395226959801,299.0429762886524,0.6735473925745604,0.5694469690734377,28.7959356732162,67.00043075214614,5.450135665496255,0.46916957996150166,23.65281482440576,360.0,0.7709607644144225,0.9223166774762084,0.9004556123086255,1800.0,4500.0,220.0,34.811015395817776,0.5009412100839455,0.47087305046462535,0.6334625822886184,0.41306984463127394,0.7823885648689113,0.8705925453839493,1.0,1.0,0.5876675675300166,0.6519751722949622,180.0,0.4271262088872263,0.8228947587653643,0.5060953430896701,48.0,0.6805203713057406,0.9281641705415148,2.2747163339877474,92.99070419706933,4.0493083011224265,13.817151167849596,4.1291201183815796,2.5620466614331145,1.598864949520003,1.8112489598351673,0.6785084931357896,0.5789603671578579,0.32803485289853174,11861.585517124244,152.44998225942078,government_led,0.9091610343540336,0.5449973110011689,0.46864697095812663,0.6475070214625648,0.047296803281257155,0.14167326015299322
QZSTM_176,Quzhou Shuitingmen Historical District,Quzhou,Control Fringe,118.87078148427894,28.95452734549878,cultural_core,0,2020,2018,0,historic_district,0.7153226162049791,650.0,0.680638258506068,0.5071424269173206,30.622546952217366,72.28698983171255,10.588952341157166,0.7900303488260705,27.96878883588699,326.996455103894,0.7542090029921236,0.6454315975691466,0.8550188512398785,1800.0,4500.0,146.03479894237293,42.0,0.7513184019380652,0.6350798188857333,0.786987875078773,0.432540351089455,0.8938804541513221,0.6920160399353342,0.9125456819652642,0.7197442768719156,0.7341874370843836,0.39100856674440776,180.0,0.3836669555082627,0.47517602347883586,0.39094792769469633,36.04874193732599,0.586084930967676,0.6963554679907454,4.222126797693235,35.31144772862704,2.045071617286382,2.1685835989237354,2.8652446229331114,0.7511989371807268,0.38048694471307926,0.7415279211399275,0.791042837033591,0.4684884568207348,0.1769398213357269,33591.91463518934,32.0481992856746,public_private_partnership,0.8357567969162257,0.18886206903929664,0.47485776933116725,0.7713209860458253,0.296995273227885,0.2694810452317338
QZSTM_177,Quzhou Shuitingmen Historical District,Quzhou,Control Fringe,118.86741122282113,28.985085009139038,heritage_core,0,2020,2018,0,historic_district,0.5543673326458113,309.1091729214603,0.4041910716462785,0.3652751614190403,31.380028679772913,66.94856272305317,7.334321837230948,0.4569376556552244,24.9423409097707,352.72822010104835,0.6408355367726145,0.9336867174420554,0.7104484513420325,1596.599691484142,4500.0,220.0,42.0,0.6081834452590917,0.6258837025282082,0.5247383686215626,0.30144118145346793,0.40018850432315545,0.5795096685716176,0.6432618769849039,0.8468376610338632,0.4476928858156822,0.536656124392564,121.37858813285682,0.44131854329462616,0.5342503872631527,0.21136680110464892,39.03165499097914,0.7862416452471226,0.8071435186230591,2.657920907822768,81.35557304347142,6.823523437897835,10.190847287016945,4.361793263777176,1.4312954884759013,0.5520255598817814,3.3768734927832047,0.2971212187622867,0.6079804173423154,0.23319213280752896,12799.705056959976,85.67743868202676,public_private_partnership,0.9453280043822789,0.26146396378207376,0.5772100917031734,0.29360489724691896,0.14347795055010562,0.15141932383077977
QZSTM_178,Quzhou Shuitingmen Historical District,Quzhou,Core,118.86135704916029,28.96396377088974,heritage_core,1,2020,2018,0,historic_district,0.8670971880674551,403.4739014477596,0.49037963379414923,0.41694735996472,31.870647204360264,79.62155760454876,4.844740327477856,0.5218601021573588,20.755555666911867,360.0,0.6965145695277228,0.8697190291822011,1.0,1800.0,4500.0,220.0,33.99791545155608,0.6971173949209006,0.5289295873414452,0.7186825870214769,0.23924209084635373,0.5982972507545774,0.7647643662955667,0.9068796846566186,0.8719709912356233,0.7120566745544802,0.9666857537120674,180.0,0.5769850145250023,0.8272268078162645,0.49904763793197693,40.58024820276036,0.7568848851072345,1.0,1.5130980476635618,95.0,4.83207739815375,15.411895854940019,3.6738987437945463,2.671551025895491,1.4313424448190435,3.042895782232922,0.323859814548947,0.8065028963478581,0.5653878449107725,13424.169973523221,179.38744900405095,government_led,0.8840894562226874,0.6826097726869801,0.6629820668146813,0.3217672835213018,0.08460795968936863,0.16806244066122
QZSTM_179,Quzhou Shuitingmen Historical District,Quzhou,Core,118.85957598388875,28.951321214306297,local_life_area,1,2020,2018,0,historic_district,0.14576487880517117,530.2677496152878,0.6103320996857186,0.49224895044106304,29.619065021572215,43.27464800001081,8.164945699316682,0.5934757349147737,22.82103075516968,276.4036885608047,0.6184023282505493,0.8139785361382204,0.8010301207097517,1246.459307024192,2982.236952795247,178.6267885120476,42.0,0.708809841454731,0.628317857676865,0.6297503279682657,0.5211017049377918,0.6059774963886098,0.6385088255980403,0.6202786188204964,0.9869458619701744,0.37963109887304575,0.42967290382117473,177.4778927610877,0.43355225912067663,0.5067384708940323,0.31716691357059223,36.89138813023501,0.706586151173497,0.864525383954036,2.9455388109580127,67.20855811897553,8.050755018506928,8.459789535882546,2.7091786640771858,1.464388401592096,0.7042492507814951,3.5448246588617143,0.23687169528779925,0.10744622976394674,0.1392883900502065,19608.146909993513,83.40911357895911,government_led,0.8068830870933129,0.32430822316426344,0.3075763586247525,0.27401282117111453,0.19180374380093526,0.21019553664500215
QZSTM_180,Quzhou Shuitingmen Historical District,Quzhou,Core,118.85079255950546,28.974272772439942,cultural_core,1,2020,2018,0,historic_district,0.22478460457761898,337.5192742027891,0.699387093929194,0.5563521511966758,30.93147914414853,59.518845046488984,4.000240547854221,0.3864935926359572,16.53337117833187,260.20241160275225,0.6954512344641719,0.795507321089057,0.9716364915614889,1800.0,4500.0,156.63858725697065,26.986827342613417,0.7534597636717605,0.5594051182924242,0.7077936584727271,0.016397285304074583,0.6886398000749699,0.7359003209092767,1.0,0.9018721990578399,0.7062848024014884,0.5514533336885321,101.81949633503054,0.28064344340539915,0.6686884537388823,0.36674096908653486,30.60441935627091,0.7523528152573556,0.8106301112048472,1.6839548960195208,95.0,4.048874330831872,11.198746118587678,5.406141590328378,2.5017031051224783,1.3398822890493398,1.533169028702033,0.7343056938035927,0.09848859240683834,0.07406783639958435,14843.69246165561,102.08644085410336,government_led,0.782819913092559,0.2509555438907762,0.3634550769034819,0.7627795703596253,0.3942309995932528,0.1583911104813361
QZSTM_181,Quzhou Shuitingmen Historical District,Quzhou,Control Fringe,118.87339478527245,28.984013799289347,local_life_area,0,2020,2018,0,historic_district,0.051198697323658886,443.1235969065892,0.6460111241515446,0.5207074341230602,31.45347051250004,45.5631528470518,8.191395451768376,0.541922823089977,10.256351874909972,312.19472448094035,0.6210165540733235,0.8838804360336606,0.9175653861607869,1800.0,4500.0,165.49010836128755,34.03025928599564,0.6416600803369877,0.6003849150229207,0.5785361817826165,0.3130506327704219,0.668852037143318,0.6526186035091326,0.8521589934860013,0.7478367263885446,0.5028502153082818,0.504904157075437,165.02873431469385,0.3979841686914154,0.5793045730642521,0.4762640609445094,44.55271386777644,0.8186027551005136,0.7259494897670711,2.0334280330664933,95.0,4.97195189373605,10.572620355771585,3.521050792860936,1.463532720896759,0.9235351309286193,2.7030603178932937,0.49863945443306606,0.036844195254198825,0.06221096079575757,15816.47898530098,206.19819165009466,public_private_partnership,0.7453700653530877,0.4475918360695035,0.3513028774741,0.5810170609267352,0.3060736606901001,0.1689142566459843
QZSTM_182,Quzhou Shuitingmen Historical District,Quzhou,Core,118.86677362152342,28.97699428984098,local_life_area,1,2020,2018,0,historic_district,0.1463741491646745,381.5722800264028,0.5022104207517823,0.4488657915720046,33.29893703773762,63.1891674355286,5.9126557702645925,0.4926768967527553,15.268774534467527,360.0,0.6634915528333465,0.5695485875097234,0.507466285672735,1659.2885425495408,3839.9977593226954,220.0,33.7263188151303,0.484531076517237,0.5059737264285233,0.6148438271644832,0.3353184685195702,0.4846732636830667,0.6075562798879252,0.7702402734047219,0.6664450256688559,0.3340639998271048,0.6411745558124167,180.0,0.4397161954633486,0.8689034942363795,0.5320419531693116,28.856219263193566,0.6478167654945759,0.6601618202706726,2.409903375454982,95.0,8.166994957354815,15.77088060527946,2.921277231699686,2.489634655982582,1.5557520445991022,3.5026846641939846,0.17265446129377962,0.13823673688499122,0.2248117675065618,14989.284846910661,250.969463152125,public_private_partnership,0.7274112022566548,0.8430668287421748,0.5476827229536232,0.2576027143752732,0.045913068468123014,0.1991218402706074
QZSTM_183,Quzhou Shuitingmen Historical District,Quzhou,Core,118.87719700470514,28.96351593844325,heritage_core,1,2020,2018,0,historic_district,0.6961422686000055,375.3479147539332,0.6816091783118219,0.5548556443355025,29.14992890653529,72.46870887340084,7.607607450073603,0.4487745942468052,29.782482386047654,360.0,0.8052942572871192,0.8394033543211195,1.0,1800.0,4500.0,220.0,42.0,0.7534121247561543,0.6324725301181006,0.5911594185884737,0.358331114066969,0.6603318430218077,0.805286980432811,0.9959625015734112,1.0,0.7270445582101261,0.6492609305721657,147.84252600424622,0.22423869658913928,0.6813620577794369,0.434047846721159,43.997800244830124,0.6682461653311511,0.8942345426238723,2.166133438748605,79.51552583168983,3.3970181103930326,14.347130525425886,3.2415217395863465,1.8319871212399839,1.2319290700432506,1.4536744813187588,0.7619005233023461,0.682080023949746,0.275544687415833,13116.883756981928,98.21949593223343,public_private_partnership,0.9424849831751544,0.4133856811294918,0.5770603165746656,0.8340150243263834,0.3165562376332461,0.1633204933140817
QZSTM_184,Quzhou Shuitingmen Historical District,Quzhou,Core,118.8528024783971,28.970871787668788,heritage_core,1,2020,2018,0,historic_district,0.6046685281884618,346.88089314465714,0.7374061958321212,0.44988521468978826,30.68645079512823,47.06633181217544,5.458632181259592,0.4177765731534382,15.578043951393312,344.9633726844068,0.6459314972176758,0.6312931768979656,0.7946054694273662,1800.0,4500.0,220.0,33.24348102157811,0.6699391261846463,0.49692326180740326,0.6388207223862215,0.5679084071285497,0.7270169419408221,0.5840416022046755,0.8086324740838456,0.8802920524177313,0.5167688657812062,0.6206376303884947,180.0,0.4323284017135772,0.6836370349361708,0.5651538427001254,30.468653051742066,0.5905772247782953,0.7485893931909611,1.9269527916273577,85.83845410476418,5.061764379234914,10.912069026308545,2.4910150396848874,2.294707640544795,1.1634787972401284,1.974572382958171,0.5439973657893504,0.3543087221414386,0.35385856850479336,15148.694080653215,182.46055288371969,public_private_partnership,0.6191560334567688,0.6025418920666806,0.37493650902589015,0.5991512948002011,0.2604866497306154,0.06901499191250117
QZSTM_185,Quzhou Shuitingmen Historical District,Quzhou,Core,118.86626260447822,28.980466673552556,heritage_core,1,2020,2018,0,historic_district,0.7728680504600505,422.05829351193904,0.7434425750724012,0.5704304337271884,29.631931946161437,76.22333289349879,7.280397768439704,0.5563349660011524,31.56567921888306,360.0,0.9214168103164281,0.6297366288245522,0.8946012337715399,1800.0,4500.0,220.0,42.0,0.6366160242369756,0.6073798203314896,0.7185460705887822,0.3627340856743446,0.8835726315178227,0.7490207822369933,0.904632219067572,0.8190288968744466,0.708323202821831,0.6413678596943034,180.0,0.5503564692645613,0.6601765113404685,0.4265113582597209,23.589124280314916,0.5202539160387449,0.5912750737628022,3.094426048038879,67.9786997843783,2.597791616193302,8.50577367056221,3.028559248772191,1.4562240480191244,0.7626671935618057,0.6628508259696108,0.8405689336040596,0.5534034678475919,0.31918410294637234,22841.201968093243,184.3233460109563,public_private_partnership,0.7094041027795988,0.44459224471944725,0.6160389474916351,0.7564537443647623,0.23222491053719596,0.21939217343086317
QZSTM_186,Quzhou Shuitingmen Historical District,Quzhou,Core,118.84540418854114,28.96105963043973,local_life_area,1,2020,2018,0,historic_district,0.380569903747485,639.6102446565258,0.36061012577837726,0.43290567372534167,32.542793319710924,43.117858682186736,10.244620412981735,0.6327456434077561,16.643524402247273,360.0,0.69356337601527,0.8825848668756825,0.6897188429537724,1743.7962385394555,3381.6820379354886,210.5786419657895,42.0,0.7938615818734251,0.744190990935214,0.8799554135074109,0.24751520015511244,0.7761234447267278,0.6110228098015354,0.7947310026113292,0.908949411940853,0.35650516743351035,0.7662236378715123,180.0,0.40649501144980976,0.578756571005631,0.3702093418222146,39.555441514927104,0.7882262656014091,0.8476037473814688,3.998308343720687,37.68886843691901,7.605731116803131,1.3707641702209767,3.9201706681580313,0.8357278018755919,0.45554976983822365,3.1247712999126684,0.3648628797770091,0.3037373640940795,0.21917045010879835,27522.512940438064,129.2362998619073,government_led,0.9107918679592744,0.46278552650379734,0.2878830323494181,0.44624439519121123,0.05451847564647905,0.17845913318369588
QZSTM_187,Quzhou Shuitingmen Historical District,Quzhou,Control Fringe,118.8441800886921,28.979514705264975,heritage_core,0,2020,2018,0,historic_district,0.7586847701983249,411.3743256632155,0.5598705752887387,0.5377979613256088,30.906613080279694,79.92678865812759,6.165169540245404,0.34013085439724333,28.804886015013057,360.0,1.0,0.7884348994823509,0.9895829170020295,1800.0,4500.0,220.0,42.0,0.6422245222095478,0.5821664158239046,0.7801756896594543,0.3486173430267756,0.8363069593511739,0.8885002236485394,0.9559867826065441,0.999499044582927,0.6745839427625339,0.6630090860180047,180.0,0.477814903712595,0.7830991897182211,0.5237069267579638,43.561168187654374,0.8102972989220408,0.7744382680717644,1.4334661101750905,85.17145136389877,4.021033711150835,10.045706117294818,3.8632613468366737,1.8849727785062989,1.1732129128727706,1.6883714060589052,0.6824274348453995,0.5664184030730606,0.4188004574171339,12636.962167112226,146.86490288712076,public_private_partnership,0.7640302576191917,0.5829822946534854,0.6630762953749529,0.6242695256105636,0.08500394798988309,0.2534403353489835
QZSTM_188,Quzhou Shuitingmen Historical District,Quzhou,Core,118.8706402450285,28.947170177461317,heritage_core,1,2020,2018,0,historic_district,0.28513047798537255,519.1250246938016,0.6970195627493365,0.48876078028224096,29.974705057552374,86.1929408512343,8.99436685741247,0.6113732420440593,15.23567041778217,360.0,0.606869783965356,0.6897175622055346,0.8683346541839729,1800.0,4500.0,220.0,42.0,0.7713018344484213,0.7345900942495197,0.6953860947262142,0.541672106201494,0.7530287310859289,0.5082574128217328,0.8767689026421753,0.8161859130152661,0.43563367961142946,0.6498039226639755,180.0,0.48594342916196587,0.9141282704459845,0.4744154294985755,28.928698577730493,0.6591007029655723,0.755622083739882,3.661578218292944,51.19479472327302,6.1461922663729345,5.476060042276596,2.2160068565393463,0.18917036867197284,0.6661159361647435,2.0913655165614786,0.4491073529017639,0.21098139619722572,0.19802231616952767,29468.61931457117,188.87456569153667,government_led,0.8319771513615134,0.6946881626849307,0.796659668182836,0.46201908711175327,0.269271237517839,0.24312079930223174
QZSTM_189,Quzhou Shuitingmen Historical District,Quzhou,Core,118.86094289620057,28.974503792956646,local_life_area,1,2020,2018,0,historic_district,0.8527953414631705,513.079167520632,0.6540610799987046,0.5180197420864233,31.007151123500073,53.30042086369129,7.143010936637045,0.6684483364626002,34.25894737254202,360.0,0.7777705324914042,0.4367613765176875,0.7883415104390757,1800.0,4500.0,220.0,42.0,0.5036922677285884,0.7450085398623023,0.7781150173622513,0.1994233082277301,0.8477283624240133,0.6999578277148103,0.7311636109048498,0.7905608723890504,0.6138728498765927,0.5726927546506867,180.0,0.5456961276100621,0.5375017588024504,0.5087268278340777,22.12168821076893,0.5006360987249988,0.6459660233752804,3.9856569914725037,47.5320478378472,5.610168791552408,10.25693892196513,4.240568494882194,1.0507798025866357,0.7421109234964405,1.809324460909187,0.6181888913935716,0.39240261948329325,0.35752813231400976,20925.034183547563,192.99370414636812,government_led,0.5017634556031525,0.5593188799070493,0.35271994488062214,0.460576931456726,0.13126581972584195,0.199624517421295
QZSTM_190,Quzhou Shuitingmen Historical District,Quzhou,Core,118.85907312940698,28.965618108247654,local_life_area,1,2020,2018,0,historic_district,0.5930959789204812,498.86051791295586,0.790419804471753,0.5316516272848736,31.601753182368125,33.02065381224316,7.313099658804212,0.6441649919351802,17.5046729454732,360.0,0.8580657181087238,0.9358061483896473,0.8702441935122017,1800.0,4500.0,204.11357698136192,38.04918945192957,0.7130514312193765,0.7043278967126863,0.6462263569251389,0.44192828585100574,0.8560440901648269,0.8020687753893666,0.9370810048393238,0.9623755123734816,0.48331242892983967,0.7142392722147866,180.0,0.4074413256573555,0.6948853639428297,0.42800588442013454,41.03216605040846,0.760205590074058,0.829178711932643,3.1211940500151982,74.95959787995528,5.533067609392098,7.449086896659641,2.55542000152166,1.5088172349999835,0.8939078095784387,1.3585378482470807,0.6606059420685074,0.5397087860509878,0.3651736932782158,22586.24326841579,191.6194819892261,public_private_partnership,0.8717612582847867,0.4938616812821734,0.3063435655445012,0.6790599875180556,0.0398248836637726,0.18565158330170126
QZSTM_191,Quzhou Shuitingmen Historical District,Quzhou,Control Fringe,118.86452446171872,28.973798311902467,cultural_core,0,2020,2018,0,historic_district,0.5274807123503179,464.39282867599564,0.7434830630731917,0.4953296740761275,31.410561444622516,35.271025030394696,9.66529080598708,0.6903064362231766,16.674732168826445,319.1675445224312,0.6945867502140899,0.8749849798013073,0.9391518152248582,1725.1009987382106,4148.8142764780105,200.97212983604823,42.0,0.7389378608457177,0.6868747049409427,0.7917361290254095,0.4125584359060859,0.9576829302791103,0.9381273062647353,0.8454979671099799,0.9662621385076581,0.6875810665261838,0.5217389219496784,180.0,0.49512600693302766,0.5524574837047032,0.5862807095033797,44.90685175361657,0.7922673141747079,1.0,2.8766480995140373,69.85967976714437,5.641477640275646,7.880604603102408,3.0669398838079553,1.679207737096954,0.6153209182128141,2.1570631533598013,0.5972149733089175,0.3521353206570371,0.2623083161000256,21363.15308430904,197.4281770032079,government_led,1.0,0.5635829895857281,0.11717590672054433,0.6951365631029904,0.5692536092908145,0.21078453232639768
QZSTM_192,Quzhou Shuitingmen Historical District,Quzhou,Control Fringe,118.85336223870922,28.96219604910237,tourism_core,0,2020,2018,0,historic_district,0.22972402191605162,465.36606728110326,0.48403740965134534,0.6124159325855753,30.454315241568043,34.91940159653882,6.757945968612871,0.5694017248430551,35.0,239.45199088800587,0.8531131239926765,0.7112671556488961,0.8308353780698217,1604.3759626508763,3753.4089973787122,164.88185771063257,42.0,0.7854728060014433,0.6111544822562966,0.7669151407931774,0.159052889715939,0.7950852730657231,0.7701006906384392,0.8923505388414781,0.8711402502793664,0.5596992865246896,0.5370110184953121,180.0,0.6201093183232166,0.4458444533275208,0.33186125874804323,38.202669526674484,0.7268667861473912,0.8666910794308953,2.956292201797573,86.55883300992306,3.7150954746224873,11.102658524008838,4.729013231738517,1.6679562823641938,1.0668712572103443,2.1644124761954107,0.560719886096162,0.16131624141791073,0.0,20350.717816653578,128.2025102584696,public_private_partnership,0.769903492194598,0.40242892502035665,0.10107007251695947,0.45408500502078214,0.187282379306542,0.057142245746514414
QZSTM_193,Quzhou Shuitingmen Historical District,Quzhou,Core,118.8802267275747,28.952317203753196,heritage_core,1,2020,2018,0,historic_district,0.7768897928724927,650.0,0.606406698007331,0.36669623317788075,30.474568246621917,59.298084115845676,9.390471015062147,0.5341346784375243,20.53391964425641,360.0,0.6940813835231061,0.8543501043958719,0.8465453801832745,1800.0,4500.0,220.0,42.0,0.8283777375689851,0.67913324614908,0.706146467703811,0.4364399280965642,0.7787197226365049,0.6063943431081299,0.8727860770855247,0.8483276026224976,0.44907001883908804,0.721219315188426,180.0,0.4938857746907497,0.762627125698281,0.5286201343079144,38.0230515958332,0.7456442580749663,0.9049460826486082,4.132906901360284,41.335732653061235,7.631270237612455,5.262704255266808,2.7205658076313175,0.23546062207668822,0.2457694787186338,3.001542715201779,0.2856525335776834,0.7915530465223877,0.5895144565715436,30352.32131682767,170.39657338515656,public_private_partnership,0.8565150308270736,0.6214935010548985,0.5790995197511685,0.25521349353359957,0.0,0.2024684252158035
QZSTM_194,Quzhou Shuitingmen Historical District,Quzhou,Control Fringe,118.84570552470203,28.961120997653854,cultural_core,0,2020,2018,0,historic_district,0.6693443866744719,308.0276059293743,0.38831773293185845,0.4226203856460143,30.436826565440693,45.92367829293539,4.641029811764492,0.3674920944283339,35.0,275.432725788895,0.8311340570343453,0.8797574933670881,0.6533183426533098,1408.434817575132,4376.846508611936,168.7852978112309,42.0,0.4934313515900934,0.4045057091495426,0.5789111922237988,0.40252626925987045,0.6937976538638687,0.6660654678715141,0.7775291150870388,0.9101494861958764,0.5470381878940932,0.4558563866837852,105.92333044366653,0.40506872667365845,0.4906835180771887,0.33969030740263934,43.13281155777967,0.8659112841083776,0.8118825592350923,1.176435241169126,95.0,6.28177935406488,13.778168780236529,4.220345194286776,3.2,1.1992112686669723,3.0205136070776826,0.39152264518839347,0.5144917223504619,0.3114985964763767,11915.402936451806,114.90291968280432,public_private_partnership,0.7812367293302799,0.35653965606596727,0.2696937763328946,0.45563397933458677,0.05355713783519919,0.18869311405812508
QZSTM_195,Quzhou Shuitingmen Historical District,Quzhou,Control Fringe,118.83791840082775,28.95673788324979,heritage_core,0,2020,2018,0,historic_district,0.7536377252404748,521.9001573699642,0.6647460435976035,0.5718762442121935,28.86847872135538,39.63738342167866,7.686288688163395,0.5366876087714763,19.9083800443481,251.91178560290223,0.7247614544889681,0.692810184351264,0.9343329727776438,1800.0,4500.0,153.28011541962513,42.0,0.6101462469261453,0.5628075784484617,0.6106865608004689,0.25513287078697033,0.7502468079270174,0.7716228822212142,0.952605130923547,0.9055141737059693,0.5961018944747603,0.4199644401292427,180.0,0.33765386414161114,0.4211417878571613,0.40676408706081624,32.42268249496222,0.6487041119060234,0.6814620996381034,3.4514238727034963,59.355504401695605,2.67139490134812,5.224696490072374,3.49034907039719,1.414095299168449,0.6044920861935162,0.10106099656807795,0.87169214544311,0.47237749110918614,0.21976684634909163,23182.810713434064,114.77234326237154,public_private_partnership,0.6694991321888042,0.36692223546470776,0.24506826042252203,0.792627632706426,0.17800977147407016,0.11128367395034006
QZSTM_196,Quzhou Shuitingmen Historical District,Quzhou,Control Fringe,118.84983566759443,28.97609868084212,local_life_area,0,2020,2018,0,historic_district,0.27192009177874266,304.45500868200577,0.7771448232679468,0.6820655742542143,29.34301035354115,38.1412321446241,2.5,0.4353749683640818,33.66918698117406,342.03287984446854,0.9160536027598953,0.6513230584389932,0.96740675615247,1800.0,4500.0,164.37010900615505,42.0,0.5821113862217931,0.3595929753613626,0.5340389069201736,0.4083385633497516,0.8983256633482383,0.7736842093431792,0.8870301644805251,0.7704311055602177,0.7134161767574965,0.553231916956254,114.66413498640951,0.3295024262996664,0.5480763607491032,0.48557299815235583,24.059674174155244,0.5377259953780302,0.7212369317315868,0.7,95.0,2.8346834802038834,18.0,3.0409666646339444,3.07226118593809,1.8,0.5727827762280409,0.8017023334635701,0.27732463320914136,0.11289538797708361,9491.7971201912,102.53280172283976,public_private_partnership,0.6495139310714348,0.3800438669686481,0.29446742374527635,0.785541044830459,0.0,0.26528230195206154
QZSTM_197,Quzhou Shuitingmen Historical District,Quzhou,Core,118.87413324167053,28.97115163479151,local_life_area,1,2020,2018,0,historic_district,0.6993251989108135,552.4718895298952,0.4407010061849003,0.4518801030174856,30.853804113390307,73.26654929750536,9.666279742020228,0.4931368760058662,19.703935533496104,360.0,0.6894117475762731,0.7020442739923629,0.769595507686446,1800.0,4500.0,220.0,40.95142463113085,0.6724391452840295,0.6492604962013576,0.7693601805039719,0.3958100003415958,0.7505601716845864,0.8935316052774513,0.7011437530273968,0.9906888546100788,0.5581183228508361,0.5612267507231758,180.0,0.4488699471889472,0.8272305587077511,0.3093830781943302,31.91210158578537,0.7572210296483078,0.7885725832709317,2.795636940716874,52.51198826089419,5.778296349208641,5.785244041480224,3.011124937129193,1.3621702638437956,0.8922442998392084,3.0705626110275315,0.37742368713475816,0.35303928608784685,0.27783995514032994,26311.74444505042,98.97105617610663,government_led,0.6605233205959166,0.41911580609956905,0.675818998920904,0.3568957960994229,0.28206104484835504,0.05140977279539544
QZSTM_198,Quzhou Shuitingmen Historical District,Quzhou,Control Fringe,118.8677677061427,28.965276869616957,tourism_core,0,2020,2018,0,historic_district,0.28242633846910803,591.8967741136746,0.6402644174219931,0.5207569165481489,30.250559730456956,65.97229449479107,10.581895280758127,0.5974137725666772,24.42670124629331,336.8883559640317,0.659294110574139,0.7767318533065236,0.7196265283074643,1800.0,4500.0,213.3869571270376,42.0,0.784487533613929,0.572190815276258,0.7894298087702598,0.33576198513262134,0.6936782968019579,0.7411257093756791,0.9360869356740714,0.8590306771131249,0.5856240226724765,0.505028725672668,180.0,0.3921567986573311,0.6573604282032375,0.3526795574214569,44.74676686381545,0.653885413567437,0.8087930712171413,2.691273288455662,50.065336809715646,5.167928540300463,6.768891279156029,4.430127003651441,0.7354927209574016,0.6170169962982637,1.9465855688305391,0.5323194524941414,0.2507889837970203,0.183286649387361,23712.938181888196,100.30274243527619,public_private_partnership,0.6905386446505234,0.414191421260628,0.40028952000341295,0.5228322611720835,0.036033974523847656,0.28240211125262726
QZSTM_199,Quzhou Shuitingmen Historical District,Quzhou,Control Fringe,118.86297544082521,28.978791512476718,cultural_core,0,2020,2018,0,historic_district,0.5361885925969363,465.42960221943923,0.5102295484943483,0.5369499634120459,31.255434405738825,36.80035491626869,6.8022307840418375,0.5096302251064284,14.824008076512268,322.26420440093426,0.6112206585084584,0.6386175933271656,0.8224883991994887,1531.337168522037,3847.343636102621,216.3535234582027,35.476318903369254,0.5512808007221384,0.46843609446410456,0.6312973201247659,0.46501230001139277,0.6585657085529515,0.5791007521339687,0.8451816352431182,0.7637283430183764,0.6265475636738117,0.39107447692890085,180.0,0.4769652007053753,0.5816150671704854,0.2097588014869839,29.82241184882984,0.5894269460476657,0.5862762344540131,2.8534219483679273,64.10628137571805,5.832319092127341,9.813614233672693,3.1180164122132568,2.137489300344207,0.9550097103640228,1.8357393059782638,0.5251336490728168,0.309922411907285,0.347010961661693,20795.029272760992,169.35994085071974,public_private_partnership,0.7384865337346294,0.5231027750370916,0.2939984286040837,0.48216540323961443,0.05918864941512017,0.3579714818787517
QZSTM_200,Quzhou Shuitingmen Historical District,Quzhou,Control Fringe,118.86707522829552,28.982120477362688,local_life_area,0,2020,2018,0,historic_district,0.522106614696105,650.0,0.8696728991588151,0.6526240471169176,28.30915679458346,73.99778846327207,9.282427732848877,0.6309254436147403,35.0,360.0,0.7852768218539941,0.8500416877152049,1.0,1800.0,4500.0,220.0,42.0,0.811920030855897,0.7810481896377134,0.912087519684329,0.42320150640494153,0.9854763301176069,0.6326704740334911,0.9610871186121039,1.0,0.812332387087193,0.806935096475651,180.0,0.624359061704052,0.9196818422254239,0.6714659429039234,36.000391279495126,0.8222607498334028,0.9184260039312275,3.603798134113977,42.40562887671007,5.194300163149911,3.523449850504914,3.158685103350641,1.4761038837993512,0.44370513007585455,0.6828495195459233,0.6817674058418942,0.43841312730299653,0.441448239301646,34106.54873177865,191.34438483761144,public_private_partnership,0.8262206736401825,0.6757785885887295,0.6352726125961194,0.7173454550978968,0.3919729321261125,0.25172729191509896
